CREATE DATABASE  IF NOT EXISTS `temp` /*!40100 DEFAULT CHARACTER SET utf8mb4 COLLATE utf8mb4_0900_ai_ci */ /*!80016 DEFAULT ENCRYPTION='N' */;
USE `temp`;
-- MySQL dump 10.13  Distrib 8.0.38, for Win64 (x86_64)
--
-- Host: localhost    Database: temp
-- ------------------------------------------------------
-- Server version	8.0.39

/*!40101 SET @OLD_CHARACTER_SET_CLIENT=@@CHARACTER_SET_CLIENT */;
/*!40101 SET @OLD_CHARACTER_SET_RESULTS=@@CHARACTER_SET_RESULTS */;
/*!40101 SET @OLD_COLLATION_CONNECTION=@@COLLATION_CONNECTION */;
/*!50503 SET NAMES utf8 */;
/*!40103 SET @OLD_TIME_ZONE=@@TIME_ZONE */;
/*!40103 SET TIME_ZONE='+00:00' */;
/*!40014 SET @OLD_UNIQUE_CHECKS=@@UNIQUE_CHECKS, UNIQUE_CHECKS=0 */;
/*!40014 SET @OLD_FOREIGN_KEY_CHECKS=@@FOREIGN_KEY_CHECKS, FOREIGN_KEY_CHECKS=0 */;
/*!40101 SET @OLD_SQL_MODE=@@SQL_MODE, SQL_MODE='NO_AUTO_VALUE_ON_ZERO' */;
/*!40111 SET @OLD_SQL_NOTES=@@SQL_NOTES, SQL_NOTES=0 */;

--
-- Table structure for table `batch_teacher_assignments`
--

DROP TABLE IF EXISTS `batch_teacher_assignments`;
/*!40101 SET @saved_cs_client     = @@character_set_client */;
/*!50503 SET character_set_client = utf8mb4 */;
CREATE TABLE `batch_teacher_assignments` (
  `id` bigint NOT NULL AUTO_INCREMENT,
  `batch_id` bigint NOT NULL,
  `subject_id` bigint NOT NULL,
  `teacher_id` bigint NOT NULL,
  PRIMARY KEY (`id`),
  KEY `FKoeakstp63d8b0ajly01qr5skw` (`batch_id`),
  KEY `FK9uib3fdt97nr4940y28gex2y7` (`subject_id`),
  KEY `FK6ucwdgxloojkvpdutpxfgl761` (`teacher_id`),
  CONSTRAINT `FK6ucwdgxloojkvpdutpxfgl761` FOREIGN KEY (`teacher_id`) REFERENCES `teachers` (`id`),
  CONSTRAINT `FK9uib3fdt97nr4940y28gex2y7` FOREIGN KEY (`subject_id`) REFERENCES `subjects` (`id`),
  CONSTRAINT `FKoeakstp63d8b0ajly01qr5skw` FOREIGN KEY (`batch_id`) REFERENCES `batches` (`id`)
) ENGINE=InnoDB DEFAULT CHARSET=utf8mb4 COLLATE=utf8mb4_0900_ai_ci;
/*!40101 SET character_set_client = @saved_cs_client */;

--
-- Dumping data for table `batch_teacher_assignments`
--

LOCK TABLES `batch_teacher_assignments` WRITE;
/*!40000 ALTER TABLE `batch_teacher_assignments` DISABLE KEYS */;
/*!40000 ALTER TABLE `batch_teacher_assignments` ENABLE KEYS */;
UNLOCK TABLES;

--
-- Table structure for table `batches`
--

DROP TABLE IF EXISTS `batches`;
/*!40101 SET @saved_cs_client     = @@character_set_client */;
/*!50503 SET character_set_client = utf8mb4 */;
CREATE TABLE `batches` (
  `id` bigint NOT NULL AUTO_INCREMENT,
  `batch_name` varchar(255) NOT NULL,
  `division_id` bigint NOT NULL,
  `batch_number` int NOT NULL,
  `size` int NOT NULL,
  PRIMARY KEY (`id`),
  UNIQUE KEY `uk_division_batch` (`division_id`,`batch_number`),
  CONSTRAINT `batches_ibfk_1` FOREIGN KEY (`division_id`) REFERENCES `divisions` (`id`)
) ENGINE=InnoDB AUTO_INCREMENT=49 DEFAULT CHARSET=utf8mb4 COLLATE=utf8mb4_0900_ai_ci;
/*!40101 SET character_set_client = @saved_cs_client */;

--
-- Dumping data for table `batches`
--

LOCK TABLES `batches` WRITE;
/*!40000 ALTER TABLE `batches` DISABLE KEYS */;
INSERT INTO `batches` VALUES (1,'Final-A4',10,4,20),(2,'Final-A3',10,3,20),(3,'Final-A2',10,2,20),(4,'Final-A1',10,1,20),(5,'Final-B4',11,4,20),(6,'Final-B3',11,3,20),(7,'Final-B2',11,2,20),(8,'Final-B1',11,1,20),(9,'Final-C4',12,4,20),(10,'Final-C3',12,3,20),(11,'Final-C2',12,2,20),(12,'Final-C1',12,1,20),(13,'FY-A4',1,4,20),(14,'FY-A3',1,3,20),(15,'FY-A2',1,2,20),(16,'FY-A1',1,1,20),(17,'FY-B4',2,4,20),(18,'FY-B3',2,3,20),(19,'FY-B2',2,2,20),(20,'FY-B1',2,1,20),(21,'FY-C4',3,4,20),(22,'FY-C3',3,3,20),(23,'FY-C2',3,2,20),(24,'FY-C1',3,1,20),(25,'SY-A4',4,4,20),(26,'SY-A3',4,3,20),(27,'SY-A2',4,2,20),(28,'SY-A1',4,1,20),(29,'SY-B4',5,4,20),(30,'SY-B3',5,3,20),(31,'SY-B2',5,2,20),(32,'SY-B1',5,1,20),(33,'SY-C4',6,4,20),(34,'SY-C3',6,3,20),(35,'SY-C2',6,2,20),(36,'SY-C1',6,1,20),(37,'TY-A4',7,4,20),(38,'TY-A3',7,3,20),(39,'TY-A2',7,2,20),(40,'TY-A1',7,1,20),(41,'TY-B4',8,4,20),(42,'TY-B3',8,3,20),(43,'TY-B2',8,2,20),(44,'TY-B1',8,1,20),(45,'TY-C4',9,4,20),(46,'TY-C3',9,3,20),(47,'TY-C2',9,2,20),(48,'TY-C1',9,1,20);
/*!40000 ALTER TABLE `batches` ENABLE KEYS */;
UNLOCK TABLES;

--
-- Table structure for table `classrooms`
--

DROP TABLE IF EXISTS `classrooms`;
/*!40101 SET @saved_cs_client     = @@character_set_client */;
/*!50503 SET character_set_client = utf8mb4 */;
CREATE TABLE `classrooms` (
  `capacity` int NOT NULL,
  `id` bigint NOT NULL AUTO_INCREMENT,
  `room_number` varchar(255) NOT NULL,
  `type` varchar(255) DEFAULT NULL,
  `name` varchar(255) NOT NULL,
  `day_of_week` enum('FRIDAY','MONDAY','SATURDAY','SUNDAY','THURSDAY','TUESDAY','WEDNESDAY') NOT NULL,
  `session_type` varchar(255) NOT NULL,
  `batch_id` bigint DEFAULT NULL,
  `classroom_id` bigint DEFAULT NULL,
  `course_offering_id` bigint DEFAULT NULL,
  `division_id` bigint NOT NULL,
  `subject_id` bigint NOT NULL,
  `teacher_id` bigint DEFAULT NULL,
  `time_slot_id` bigint NOT NULL,
  PRIMARY KEY (`id`),
  UNIQUE KEY `UKssp1pyb8wwl1yu466h9e0kk8r` (`room_number`),
  KEY `FKmpbub9s6t5f2dw4leif5nrrsr` (`batch_id`),
  KEY `FK608n1pjasuev8ar6d9lndpa1o` (`classroom_id`),
  KEY `FK7rb53mv7p3c2dxttw3ot8qb21` (`course_offering_id`),
  KEY `FKbyl3mbf2j46aa8i242b6gxjg1` (`teacher_id`),
  CONSTRAINT `FK608n1pjasuev8ar6d9lndpa1o` FOREIGN KEY (`classroom_id`) REFERENCES `classrooms` (`id`),
  CONSTRAINT `FK7rb53mv7p3c2dxttw3ot8qb21` FOREIGN KEY (`course_offering_id`) REFERENCES `course_offerings` (`id`),
  CONSTRAINT `FKbyl3mbf2j46aa8i242b6gxjg1` FOREIGN KEY (`teacher_id`) REFERENCES `teachers` (`id`),
  CONSTRAINT `FKmpbub9s6t5f2dw4leif5nrrsr` FOREIGN KEY (`batch_id`) REFERENCES `batch` (`id`)
) ENGINE=InnoDB AUTO_INCREMENT=34 DEFAULT CHARSET=utf8mb4 COLLATE=utf8mb4_0900_ai_ci;
/*!40101 SET character_set_client = @saved_cs_client */;

--
-- Dumping data for table `classrooms`
--

LOCK TABLES `classrooms` WRITE;
/*!40000 ALTER TABLE `classrooms` DISABLE KEYS */;
INSERT INTO `classrooms` VALUES (80,17,'Class 1','LECTURE','','FRIDAY','',NULL,NULL,NULL,0,0,NULL,0),(80,18,'Class 2','LECTURE','','FRIDAY','',NULL,NULL,NULL,0,0,NULL,0),(80,19,'Class 3','LECTURE','','FRIDAY','',NULL,NULL,NULL,0,0,NULL,0),(80,20,'Class 4','LECTURE','','FRIDAY','',NULL,NULL,NULL,0,0,NULL,0),(80,21,'Class 5','LECTURE','','FRIDAY','',NULL,NULL,NULL,0,0,NULL,0),(80,22,'Class 6','LECTURE','','FRIDAY','',NULL,NULL,NULL,0,0,NULL,0),(80,23,'Class 7','LECTURE','','FRIDAY','',NULL,NULL,NULL,0,0,NULL,0),(80,24,'Class 8','LECTURE','','FRIDAY','',NULL,NULL,NULL,0,0,NULL,0),(80,25,'Class 9','LECTURE','','FRIDAY','',NULL,NULL,NULL,0,0,NULL,0),(80,26,'Class 10','LECTURE','','FRIDAY','',NULL,NULL,NULL,0,0,NULL,0),(22,27,'BEE Lab','LAB','','FRIDAY','',NULL,NULL,NULL,0,0,NULL,0),(24,28,'COMP3 Lab','LAB','','FRIDAY','',NULL,NULL,NULL,0,0,NULL,0),(20,29,'POWER Lab','LAB','','FRIDAY','',NULL,NULL,NULL,0,0,NULL,0),(23,30,'ANALOG Lab','LAB','','FRIDAY','',NULL,NULL,NULL,0,0,NULL,0),(21,31,'PROJECT Lab','LAB','','FRIDAY','',NULL,NULL,NULL,0,0,NULL,0),(24,32,'TUT room1','TUTORIAL_ROOM','','FRIDAY','',NULL,NULL,NULL,0,0,NULL,0),(24,33,'TUT room2','TUTORIAL_ROOM','','FRIDAY','',NULL,NULL,NULL,0,0,NULL,0);
/*!40000 ALTER TABLE `classrooms` ENABLE KEYS */;
UNLOCK TABLES;

--
-- Table structure for table `course_offerings`
--

DROP TABLE IF EXISTS `course_offerings`;
/*!40101 SET @saved_cs_client     = @@character_set_client */;
/*!50503 SET character_set_client = utf8mb4 */;
CREATE TABLE `course_offerings` (
  `weekly_hours` int NOT NULL,
  `id` bigint NOT NULL AUTO_INCREMENT,
  `semester_id` bigint NOT NULL,
  `subject_id` bigint NOT NULL,
  `session_type` varchar(255) DEFAULT NULL,
  `lab_per_week` int NOT NULL,
  `lec_per_week` int NOT NULL,
  `tut_per_week` int NOT NULL,
  `department_id` bigint DEFAULT NULL,
  `year_id` bigint NOT NULL,
  `total_hours` int GENERATED ALWAYS AS (((`lec_per_week` + `tut_per_week`) + `lab_per_week`)) STORED,
  PRIMARY KEY (`id`),
  KEY `FK2knui1kj75fvy10lh2q7seair` (`semester_id`),
  KEY `FKkjlcap28qboywxb00js38q1p5` (`subject_id`),
  KEY `FK88us20wdb24yu769j4dhbhdsd` (`year_id`),
  KEY `FKo3bqyw98lbmtie7iyfd0xijbb` (`department_id`),
  CONSTRAINT `FK2knui1kj75fvy10lh2q7seair` FOREIGN KEY (`semester_id`) REFERENCES `semesters` (`id`),
  CONSTRAINT `FK88us20wdb24yu769j4dhbhdsd` FOREIGN KEY (`year_id`) REFERENCES `years` (`id`),
  CONSTRAINT `FK8w85r5iv6xlq7n88j726674pf` FOREIGN KEY (`department_id`) REFERENCES `department` (`id`),
  CONSTRAINT `FKkjlcap28qboywxb00js38q1p5` FOREIGN KEY (`subject_id`) REFERENCES `subjects` (`id`),
  CONSTRAINT `FKo3bqyw98lbmtie7iyfd0xijbb` FOREIGN KEY (`department_id`) REFERENCES `departments` (`id`)
) ENGINE=InnoDB AUTO_INCREMENT=48 DEFAULT CHARSET=utf8mb4 COLLATE=utf8mb4_0900_ai_ci;
/*!40101 SET character_set_client = @saved_cs_client */;

--
-- Dumping data for table `course_offerings`
--

LOCK TABLES `course_offerings` WRITE;
/*!40000 ALTER TABLE `course_offerings` DISABLE KEYS */;
INSERT INTO `course_offerings` (`weekly_hours`, `id`, `semester_id`, `subject_id`, `session_type`, `lab_per_week`, `lec_per_week`, `tut_per_week`, `department_id`, `year_id`) VALUES (4,19,1,10,'THEORY',0,3,1,1,1),(3,20,1,11,'THEORY',0,3,0,1,1),(1,21,1,12,'THEORY',0,1,0,1,1),(4,22,1,13,'THEORY',0,3,1,1,1),(3,23,1,14,'THEORY',0,2,1,1,1),(2,24,1,15,'LAB',2,0,0,1,1),(2,25,1,16,'LAB',2,0,0,1,1),(2,26,1,17,'LAB',2,0,0,1,1),(2,27,1,18,'LAB',2,0,0,1,1),(4,28,3,19,'THEORY',0,3,1,1,2),(4,29,3,20,'THEORY',0,3,1,1,2),(4,30,3,21,'THEORY',0,3,1,1,2),(3,31,3,22,'THEORY',0,3,0,1,2),(3,32,3,23,'THEORY',0,2,1,1,2),(4,33,3,24,'LAB',4,0,0,1,2),(2,34,3,25,'LAB',2,0,0,1,2),(4,35,5,26,'THEORY',0,3,1,1,3),(4,36,5,27,'THEORY',0,3,1,1,3),(4,37,5,28,'THEORY',0,3,1,1,3),(3,38,5,29,'THEORY',0,3,0,1,3),(3,39,5,30,'THEORY',0,3,0,1,3),(3,40,5,31,'THEORY',0,3,0,1,3),(4,41,5,32,'LAB',4,0,0,1,3),(2,42,5,33,'LAB',2,0,0,1,3),(2,43,5,34,'LAB',2,0,0,1,3),(2,44,5,35,'LAB',2,0,0,1,3),(2,45,5,36,'LAB',2,0,0,1,3),(10,46,7,37,'LAB',10,0,0,1,4),(3,47,7,38,'THEORY',0,3,0,1,4);
/*!40000 ALTER TABLE `course_offerings` ENABLE KEYS */;
UNLOCK TABLES;

--
-- Table structure for table `department`
--

DROP TABLE IF EXISTS `department`;
/*!40101 SET @saved_cs_client     = @@character_set_client */;
/*!50503 SET character_set_client = utf8mb4 */;
CREATE TABLE `department` (
  `id` bigint NOT NULL AUTO_INCREMENT,
  `name` varchar(255) NOT NULL,
  PRIMARY KEY (`id`)
) ENGINE=InnoDB AUTO_INCREMENT=2 DEFAULT CHARSET=utf8mb4 COLLATE=utf8mb4_0900_ai_ci;
/*!40101 SET character_set_client = @saved_cs_client */;

--
-- Dumping data for table `department`
--

LOCK TABLES `department` WRITE;
/*!40000 ALTER TABLE `department` DISABLE KEYS */;
INSERT INTO `department` VALUES (1,'Electronics and Telecommunication');
/*!40000 ALTER TABLE `department` ENABLE KEYS */;
UNLOCK TABLES;

--
-- Table structure for table `departments`
--

DROP TABLE IF EXISTS `departments`;
/*!40101 SET @saved_cs_client     = @@character_set_client */;
/*!50503 SET character_set_client = utf8mb4 */;
CREATE TABLE `departments` (
  `id` bigint NOT NULL AUTO_INCREMENT,
  `name` varchar(255) DEFAULT NULL,
  PRIMARY KEY (`id`)
) ENGINE=InnoDB AUTO_INCREMENT=2 DEFAULT CHARSET=utf8mb4 COLLATE=utf8mb4_0900_ai_ci;
/*!40101 SET character_set_client = @saved_cs_client */;

--
-- Dumping data for table `departments`
--

LOCK TABLES `departments` WRITE;
/*!40000 ALTER TABLE `departments` DISABLE KEYS */;
INSERT INTO `departments` VALUES (1,'Electronics and Telecommunication');
/*!40000 ALTER TABLE `departments` ENABLE KEYS */;
UNLOCK TABLES;

--
-- Table structure for table `divisions`
--

DROP TABLE IF EXISTS `divisions`;
/*!40101 SET @saved_cs_client     = @@character_set_client */;
/*!50503 SET character_set_client = utf8mb4 */;
CREATE TABLE `divisions` (
  `id` bigint NOT NULL AUTO_INCREMENT,
  `division_name` varchar(255) NOT NULL,
  PRIMARY KEY (`id`),
  UNIQUE KEY `UKfb3wifyjd54aon98bc1y55gth` (`division_name`)
) ENGINE=InnoDB AUTO_INCREMENT=13 DEFAULT CHARSET=utf8mb4 COLLATE=utf8mb4_0900_ai_ci;
/*!40101 SET character_set_client = @saved_cs_client */;

--
-- Dumping data for table `divisions`
--

LOCK TABLES `divisions` WRITE;
/*!40000 ALTER TABLE `divisions` DISABLE KEYS */;
INSERT INTO `divisions` VALUES (10,'Final-A'),(11,'Final-B'),(12,'Final-C'),(1,'FY-A'),(2,'FY-B'),(3,'FY-C'),(4,'SY-A'),(5,'SY-B'),(6,'SY-C'),(7,'TY-A'),(8,'TY-B'),(9,'TY-C');
/*!40000 ALTER TABLE `divisions` ENABLE KEYS */;
UNLOCK TABLES;

--
-- Table structure for table `elective_group_options`
--

DROP TABLE IF EXISTS `elective_group_options`;
/*!40101 SET @saved_cs_client     = @@character_set_client */;
/*!50503 SET character_set_client = utf8mb4 */;
CREATE TABLE `elective_group_options` (
  `max_intake` int DEFAULT NULL,
  `min_intake` int DEFAULT NULL,
  `elective_group_id` bigint NOT NULL,
  `subject_id` bigint NOT NULL,
  PRIMARY KEY (`elective_group_id`,`subject_id`),
  KEY `FK8o5i8kdjhckuei406dxetopjs` (`subject_id`),
  CONSTRAINT `FK38nwhy01wj2ix9c65581vnvax` FOREIGN KEY (`elective_group_id`) REFERENCES `elective_groups` (`id`),
  CONSTRAINT `FKj7l2mktglpqm774qhdh6dlseg` FOREIGN KEY (`subject_id`) REFERENCES `subjects` (`id`)
) ENGINE=InnoDB DEFAULT CHARSET=utf8mb4 COLLATE=utf8mb4_0900_ai_ci;
/*!40101 SET character_set_client = @saved_cs_client */;

--
-- Dumping data for table `elective_group_options`
--

LOCK TABLES `elective_group_options` WRITE;
/*!40000 ALTER TABLE `elective_group_options` DISABLE KEYS */;
/*!40000 ALTER TABLE `elective_group_options` ENABLE KEYS */;
UNLOCK TABLES;

--
-- Table structure for table `elective_groups`
--

DROP TABLE IF EXISTS `elective_groups`;
/*!40101 SET @saved_cs_client     = @@character_set_client */;
/*!50503 SET character_set_client = utf8mb4 */;
CREATE TABLE `elective_groups` (
  `id` bigint NOT NULL AUTO_INCREMENT,
  `semester_id` bigint NOT NULL,
  `name` varchar(255) NOT NULL,
  `notes` text,
  PRIMARY KEY (`id`),
  KEY `FKrvmlb1mij8hmqcsof3avawpyr` (`semester_id`),
  CONSTRAINT `FKrvmlb1mij8hmqcsof3avawpyr` FOREIGN KEY (`semester_id`) REFERENCES `semesters` (`id`)
) ENGINE=InnoDB AUTO_INCREMENT=11 DEFAULT CHARSET=utf8mb4 COLLATE=utf8mb4_0900_ai_ci;
/*!40101 SET character_set_client = @saved_cs_client */;

--
-- Dumping data for table `elective_groups`
--

LOCK TABLES `elective_groups` WRITE;
/*!40000 ALTER TABLE `elective_groups` DISABLE KEYS */;
INSERT INTO `elective_groups` VALUES (1,5,'Program Elective I (PE-I)','Students must select one subject from this group for Semester 5.'),(2,5,'Open Elective I (OE-I)','Students must select one subject from this group for Semester 5.'),(3,6,'Program Elective II (PE-II)','Students must select one subject from this group for Semester 6.'),(4,6,'Open Elective II (OE-II)','Students must select one subject from this group for Semester 6.'),(5,7,'Program Elective III (PE-III)','Students must select one subject from this group for Semester 7.'),(6,7,'Program Elective IV (PE-IV)','Students must select one subject from this group for Semester 7.'),(7,7,'Open Elective III (OE-III)','Students must select one subject from this group for Semester 7.'),(8,8,'Program Elective V (PE-V)','Students must select one subject from this group for Semester 8.'),(9,8,'Program Elective VI (PE-VI)','Students must select one subject from this group for Semester 8.'),(10,8,'Open Elective IV (OE-IV)','Students must select one subject from this group for Semester 8.');
/*!40000 ALTER TABLE `elective_groups` ENABLE KEYS */;
UNLOCK TABLES;

--
-- Table structure for table `lecture_teacher_assignments`
--

DROP TABLE IF EXISTS `lecture_teacher_assignments`;
/*!40101 SET @saved_cs_client     = @@character_set_client */;
/*!50503 SET character_set_client = utf8mb4 */;
CREATE TABLE `lecture_teacher_assignments` (
  `id` bigint NOT NULL AUTO_INCREMENT,
  `division_id` bigint NOT NULL,
  `subject_id` bigint NOT NULL,
  `teacher_id` bigint NOT NULL,
  PRIMARY KEY (`id`),
  KEY `FKs0mvvp13vbth6x2bxbsr81xmi` (`division_id`),
  KEY `FK4s0gxdcwrpid0h08apkviacex` (`subject_id`),
  KEY `FKf1mphq9vo3g1j853uc8ybtey0` (`teacher_id`),
  CONSTRAINT `FK4s0gxdcwrpid0h08apkviacex` FOREIGN KEY (`subject_id`) REFERENCES `subjects` (`id`),
  CONSTRAINT `FKf1mphq9vo3g1j853uc8ybtey0` FOREIGN KEY (`teacher_id`) REFERENCES `teachers` (`id`),
  CONSTRAINT `FKs0mvvp13vbth6x2bxbsr81xmi` FOREIGN KEY (`division_id`) REFERENCES `divisions` (`id`)
) ENGINE=InnoDB DEFAULT CHARSET=utf8mb4 COLLATE=utf8mb4_0900_ai_ci;
/*!40101 SET character_set_client = @saved_cs_client */;

--
-- Dumping data for table `lecture_teacher_assignments`
--

LOCK TABLES `lecture_teacher_assignments` WRITE;
/*!40000 ALTER TABLE `lecture_teacher_assignments` DISABLE KEYS */;
/*!40000 ALTER TABLE `lecture_teacher_assignments` ENABLE KEYS */;
UNLOCK TABLES;

--
-- Table structure for table `scheduled_classes`
--

DROP TABLE IF EXISTS `scheduled_classes`;
/*!40101 SET @saved_cs_client     = @@character_set_client */;
/*!50503 SET character_set_client = utf8mb4 */;
CREATE TABLE `scheduled_classes` (
  `classroom_id` bigint DEFAULT NULL,
  `course_offering_id` bigint DEFAULT NULL,
  `division_id` bigint NOT NULL,
  `id` bigint NOT NULL AUTO_INCREMENT,
  `day_of_week` varchar(255) NOT NULL,
  `session_type` varchar(255) NOT NULL,
  `teacher_id` bigint DEFAULT NULL,
  `batch_id` bigint DEFAULT NULL,
  `scheduling_level` varchar(255) DEFAULT NULL,
  `time_slot_id` bigint DEFAULT NULL,
  `subject_id` bigint DEFAULT NULL,
  PRIMARY KEY (`id`),
  KEY `FK75sj5iamofea2klcxcl1lume1` (`classroom_id`),
  KEY `FK2ux5073xucibd6mi99a93lluy` (`division_id`),
  KEY `FK2cfhghh5u6l3mbhdlt5dg0cii` (`teacher_id`),
  KEY `fk_scheduled_time_slot` (`time_slot_id`),
  KEY `fk_scheduled_classes_subject_id` (`subject_id`),
  KEY `FKfwfq44s2hmhnxui5abpp5impv` (`batch_id`),
  KEY `FKjyrx4mpmy3962yunqpqhgvgyl` (`course_offering_id`),
  CONSTRAINT `FK2cfhghh5u6l3mbhdlt5dg0cii` FOREIGN KEY (`teacher_id`) REFERENCES `teachers` (`id`),
  CONSTRAINT `FK2ux5073xucibd6mi99a93lluy` FOREIGN KEY (`division_id`) REFERENCES `divisions` (`id`),
  CONSTRAINT `FK75sj5iamofea2klcxcl1lume1` FOREIGN KEY (`classroom_id`) REFERENCES `classrooms` (`id`),
  CONSTRAINT `fk_scheduled_classes_subject_id` FOREIGN KEY (`subject_id`) REFERENCES `subjects` (`id`) ON DELETE SET NULL ON UPDATE RESTRICT,
  CONSTRAINT `fk_scheduled_time_slot` FOREIGN KEY (`time_slot_id`) REFERENCES `timeslots` (`id`),
  CONSTRAINT `FKfwfq44s2hmhnxui5abpp5impv` FOREIGN KEY (`batch_id`) REFERENCES `batches` (`id`),
  CONSTRAINT `FKq65fxdce8pxn3e5w5ggkilefg` FOREIGN KEY (`course_offering_id`) REFERENCES `course_offerings` (`id`)
) ENGINE=InnoDB AUTO_INCREMENT=3758 DEFAULT CHARSET=utf8mb4 COLLATE=utf8mb4_0900_ai_ci;
/*!40101 SET character_set_client = @saved_cs_client */;

--
-- Dumping data for table `scheduled_classes`
--

LOCK TABLES `scheduled_classes` WRITE;
/*!40000 ALTER TABLE `scheduled_classes` DISABLE KEYS */;
INSERT INTO `scheduled_classes` VALUES (17,19,10,2933,'FRIDAY','LECTURE',NULL,NULL,NULL,1,10),(17,19,10,2934,'FRIDAY','LECTURE',NULL,NULL,NULL,2,10),(17,19,10,2935,'FRIDAY','LECTURE',NULL,NULL,NULL,5,10),(17,19,10,2936,'FRIDAY','TUTORIAL',NULL,4,NULL,6,10),(17,19,10,2937,'FRIDAY','TUTORIAL',NULL,3,NULL,7,10),(17,19,10,2938,'FRIDAY','TUTORIAL',NULL,2,NULL,8,10),(17,19,10,2939,'FRIDAY','TUTORIAL',NULL,1,NULL,9,10),(17,19,11,2940,'FRIDAY','LECTURE',NULL,NULL,NULL,10,10),(17,19,11,2941,'FRIDAY','LECTURE',NULL,NULL,NULL,11,10),(17,19,11,2942,'FRIDAY','LECTURE',NULL,NULL,NULL,12,10),(17,19,11,2943,'FRIDAY','TUTORIAL',NULL,8,NULL,16,10),(17,19,11,2944,'FRIDAY','TUTORIAL',NULL,7,NULL,17,10),(17,19,11,2945,'MONDAY','TUTORIAL',NULL,6,NULL,22,10),(17,19,11,2946,'MONDAY','TUTORIAL',NULL,5,NULL,23,10),(17,19,12,2947,'MONDAY','LECTURE',NULL,NULL,NULL,24,10),(17,19,12,2948,'MONDAY','LECTURE',NULL,NULL,NULL,25,10),(17,19,12,2949,'MONDAY','LECTURE',NULL,NULL,NULL,26,10),(17,19,12,2950,'MONDAY','TUTORIAL',NULL,12,NULL,27,10),(17,19,12,2951,'MONDAY','TUTORIAL',NULL,11,NULL,28,10),(17,19,12,2952,'MONDAY','TUTORIAL',NULL,10,NULL,29,10),(17,19,12,2953,'MONDAY','TUTORIAL',NULL,9,NULL,30,10),(17,19,1,2954,'MONDAY','LECTURE',NULL,NULL,NULL,31,10),(17,19,1,2955,'MONDAY','LECTURE',NULL,NULL,NULL,32,10),(17,19,1,2956,'MONDAY','LECTURE',NULL,NULL,NULL,33,10),(17,19,1,2957,'TUESDAY','TUTORIAL',NULL,16,NULL,37,10),(17,19,1,2958,'TUESDAY','TUTORIAL',NULL,15,NULL,38,10),(17,19,1,2959,'TUESDAY','TUTORIAL',NULL,14,NULL,39,10),(17,19,1,2960,'TUESDAY','TUTORIAL',NULL,13,NULL,40,10),(17,19,2,2961,'TUESDAY','LECTURE',NULL,NULL,NULL,41,10),(17,19,2,2962,'TUESDAY','LECTURE',NULL,NULL,NULL,42,10),(17,19,2,2963,'TUESDAY','LECTURE',NULL,NULL,NULL,43,10),(17,19,2,2964,'TUESDAY','TUTORIAL',NULL,20,NULL,44,10),(17,19,2,2965,'TUESDAY','TUTORIAL',NULL,19,NULL,45,10),(17,19,2,2966,'TUESDAY','TUTORIAL',NULL,18,NULL,46,10),(17,19,2,2967,'TUESDAY','TUTORIAL',NULL,17,NULL,47,10),(17,19,3,2968,'TUESDAY','LECTURE',NULL,NULL,NULL,48,10),(17,19,3,2969,'WEDNESDAY','LECTURE',NULL,NULL,NULL,52,10),(17,19,3,2970,'WEDNESDAY','LECTURE',NULL,NULL,NULL,53,10),(17,19,3,2971,'WEDNESDAY','TUTORIAL',NULL,24,NULL,54,10),(17,19,3,2972,'WEDNESDAY','TUTORIAL',NULL,23,NULL,55,10),(17,19,3,2973,'WEDNESDAY','TUTORIAL',NULL,22,NULL,56,10),(17,19,3,2974,'WEDNESDAY','TUTORIAL',NULL,21,NULL,57,10),(17,19,4,2975,'WEDNESDAY','LECTURE',NULL,NULL,NULL,58,10),(17,19,4,2976,'WEDNESDAY','LECTURE',NULL,NULL,NULL,59,10),(17,19,4,2977,'WEDNESDAY','LECTURE',NULL,NULL,NULL,60,10),(17,19,4,2978,'WEDNESDAY','TUTORIAL',NULL,28,NULL,61,10),(17,19,4,2979,'WEDNESDAY','TUTORIAL',NULL,27,NULL,62,10),(17,19,4,2980,'WEDNESDAY','TUTORIAL',NULL,26,NULL,63,10),(17,19,4,2981,'THURSDAY','TUTORIAL',NULL,25,NULL,67,10),(17,19,5,2982,'THURSDAY','LECTURE',NULL,NULL,NULL,68,10),(17,19,5,2983,'THURSDAY','LECTURE',NULL,NULL,NULL,69,10),(17,19,5,2984,'THURSDAY','LECTURE',NULL,NULL,NULL,70,10),(17,19,5,2985,'THURSDAY','TUTORIAL',NULL,32,NULL,71,10),(17,19,5,2986,'THURSDAY','TUTORIAL',NULL,31,NULL,72,10),(17,19,5,2987,'THURSDAY','TUTORIAL',NULL,30,NULL,73,10),(17,19,5,2988,'THURSDAY','TUTORIAL',NULL,29,NULL,74,10),(17,19,6,2989,'THURSDAY','LECTURE',NULL,NULL,NULL,75,10),(17,19,6,2990,'THURSDAY','LECTURE',NULL,NULL,NULL,76,10),(17,19,6,2991,'THURSDAY','LECTURE',NULL,NULL,NULL,77,10),(17,19,6,2992,'THURSDAY','TUTORIAL',NULL,36,NULL,78,10),(18,19,6,2993,'FRIDAY','TUTORIAL',NULL,35,NULL,1,10),(18,19,6,2994,'FRIDAY','TUTORIAL',NULL,34,NULL,2,10),(18,19,6,2995,'FRIDAY','TUTORIAL',NULL,33,NULL,5,10),(18,19,7,2996,'FRIDAY','LECTURE',NULL,NULL,NULL,6,10),(18,19,7,2997,'FRIDAY','LECTURE',NULL,NULL,NULL,7,10),(18,19,7,2998,'FRIDAY','LECTURE',NULL,NULL,NULL,8,10),(18,19,7,2999,'FRIDAY','TUTORIAL',NULL,40,NULL,9,10),(18,19,7,3000,'FRIDAY','TUTORIAL',NULL,39,NULL,10,10),(18,19,7,3001,'FRIDAY','TUTORIAL',NULL,38,NULL,11,10),(18,19,7,3002,'FRIDAY','TUTORIAL',NULL,37,NULL,12,10),(18,19,8,3003,'FRIDAY','LECTURE',NULL,NULL,NULL,16,10),(18,19,8,3004,'FRIDAY','LECTURE',NULL,NULL,NULL,17,10),(18,19,8,3005,'MONDAY','LECTURE',NULL,NULL,NULL,22,10),(18,19,8,3006,'MONDAY','TUTORIAL',NULL,44,NULL,23,10),(18,19,8,3007,'MONDAY','TUTORIAL',NULL,43,NULL,24,10),(18,19,8,3008,'MONDAY','TUTORIAL',NULL,42,NULL,25,10),(18,19,8,3009,'MONDAY','TUTORIAL',NULL,41,NULL,26,10),(18,19,9,3010,'MONDAY','LECTURE',NULL,NULL,NULL,27,10),(18,19,9,3011,'MONDAY','LECTURE',NULL,NULL,NULL,28,10),(18,19,9,3012,'MONDAY','LECTURE',NULL,NULL,NULL,29,10),(18,19,9,3013,'MONDAY','TUTORIAL',NULL,48,NULL,30,10),(18,19,9,3014,'MONDAY','TUTORIAL',NULL,47,NULL,31,10),(18,19,9,3015,'MONDAY','TUTORIAL',NULL,46,NULL,32,10),(18,19,9,3016,'MONDAY','TUTORIAL',NULL,45,NULL,33,10),(18,20,10,3017,'TUESDAY','LECTURE',NULL,NULL,NULL,37,11),(18,20,10,3018,'TUESDAY','LECTURE',NULL,NULL,NULL,38,11),(18,20,10,3019,'TUESDAY','LECTURE',NULL,NULL,NULL,39,11),(18,20,11,3020,'TUESDAY','LECTURE',NULL,NULL,NULL,40,11),(18,20,11,3021,'TUESDAY','LECTURE',NULL,NULL,NULL,41,11),(18,20,11,3022,'TUESDAY','LECTURE',NULL,NULL,NULL,42,11),(18,20,12,3023,'TUESDAY','LECTURE',NULL,NULL,NULL,43,11),(18,20,12,3024,'TUESDAY','LECTURE',NULL,NULL,NULL,44,11),(18,20,12,3025,'TUESDAY','LECTURE',NULL,NULL,NULL,45,11),(18,20,1,3026,'TUESDAY','LECTURE',NULL,NULL,NULL,46,11),(18,20,1,3027,'TUESDAY','LECTURE',NULL,NULL,NULL,47,11),(18,20,1,3028,'TUESDAY','LECTURE',NULL,NULL,NULL,48,11),(17,28,10,3029,'FRIDAY','LECTURE',NULL,NULL,NULL,1,19),(18,20,2,3030,'WEDNESDAY','LECTURE',NULL,NULL,NULL,52,11),(17,28,10,3031,'FRIDAY','LECTURE',NULL,NULL,NULL,2,19),(18,20,2,3032,'WEDNESDAY','LECTURE',NULL,NULL,NULL,53,11),(17,28,10,3033,'FRIDAY','LECTURE',NULL,NULL,NULL,5,19),(18,20,2,3034,'WEDNESDAY','LECTURE',NULL,NULL,NULL,54,11),(17,28,10,3035,'FRIDAY','TUTORIAL',NULL,4,NULL,6,19),(18,20,3,3036,'WEDNESDAY','LECTURE',NULL,NULL,NULL,55,11),(17,28,10,3037,'FRIDAY','TUTORIAL',NULL,3,NULL,7,19),(18,20,3,3038,'WEDNESDAY','LECTURE',NULL,NULL,NULL,56,11),(17,28,10,3039,'FRIDAY','TUTORIAL',NULL,2,NULL,8,19),(18,20,3,3040,'WEDNESDAY','LECTURE',NULL,NULL,NULL,57,11),(17,28,10,3041,'FRIDAY','TUTORIAL',NULL,1,NULL,9,19),(18,20,4,3042,'WEDNESDAY','LECTURE',NULL,NULL,NULL,58,11),(17,28,11,3043,'FRIDAY','LECTURE',NULL,NULL,NULL,10,19),(18,20,4,3044,'WEDNESDAY','LECTURE',NULL,NULL,NULL,59,11),(17,28,11,3045,'FRIDAY','LECTURE',NULL,NULL,NULL,11,19),(18,20,4,3046,'WEDNESDAY','LECTURE',NULL,NULL,NULL,60,11),(17,28,11,3047,'FRIDAY','LECTURE',NULL,NULL,NULL,12,19),(18,20,5,3048,'WEDNESDAY','LECTURE',NULL,NULL,NULL,61,11),(17,28,11,3049,'FRIDAY','TUTORIAL',NULL,8,NULL,16,19),(18,20,5,3050,'WEDNESDAY','LECTURE',NULL,NULL,NULL,62,11),(17,28,11,3051,'FRIDAY','TUTORIAL',NULL,7,NULL,17,19),(18,20,5,3052,'WEDNESDAY','LECTURE',NULL,NULL,NULL,63,11),(17,28,11,3053,'MONDAY','TUTORIAL',NULL,6,NULL,22,19),(18,20,6,3054,'THURSDAY','LECTURE',NULL,NULL,NULL,67,11),(17,28,11,3055,'MONDAY','TUTORIAL',NULL,5,NULL,23,19),(18,20,6,3056,'THURSDAY','LECTURE',NULL,NULL,NULL,68,11),(17,28,12,3057,'MONDAY','LECTURE',NULL,NULL,NULL,24,19),(18,20,6,3058,'THURSDAY','LECTURE',NULL,NULL,NULL,69,11),(18,20,7,3059,'THURSDAY','LECTURE',NULL,NULL,NULL,70,11),(17,28,12,3060,'MONDAY','LECTURE',NULL,NULL,NULL,25,19),(18,20,7,3061,'THURSDAY','LECTURE',NULL,NULL,NULL,71,11),(17,28,12,3062,'MONDAY','LECTURE',NULL,NULL,NULL,26,19),(18,20,7,3063,'THURSDAY','LECTURE',NULL,NULL,NULL,72,11),(17,28,12,3064,'MONDAY','TUTORIAL',NULL,12,NULL,27,19),(18,20,8,3065,'THURSDAY','LECTURE',NULL,NULL,NULL,73,11),(17,28,12,3066,'MONDAY','TUTORIAL',NULL,11,NULL,28,19),(18,20,8,3067,'THURSDAY','LECTURE',NULL,NULL,NULL,74,11),(17,28,12,3068,'MONDAY','TUTORIAL',NULL,10,NULL,29,19),(18,20,8,3069,'THURSDAY','LECTURE',NULL,NULL,NULL,75,11),(17,28,12,3070,'MONDAY','TUTORIAL',NULL,9,NULL,30,19),(18,20,9,3071,'THURSDAY','LECTURE',NULL,NULL,NULL,76,11),(18,20,9,3072,'THURSDAY','LECTURE',NULL,NULL,NULL,77,11),(17,28,1,3073,'MONDAY','LECTURE',NULL,NULL,NULL,31,19),(18,20,9,3074,'THURSDAY','LECTURE',NULL,NULL,NULL,78,11),(17,28,1,3075,'MONDAY','LECTURE',NULL,NULL,NULL,32,19),(19,21,10,3076,'FRIDAY','LECTURE',NULL,NULL,NULL,1,12),(17,28,1,3077,'MONDAY','LECTURE',NULL,NULL,NULL,33,19),(19,21,11,3078,'FRIDAY','LECTURE',NULL,NULL,NULL,2,12),(17,28,1,3079,'TUESDAY','TUTORIAL',NULL,16,NULL,37,19),(19,21,12,3080,'FRIDAY','LECTURE',NULL,NULL,NULL,5,12),(17,28,1,3081,'TUESDAY','TUTORIAL',NULL,15,NULL,38,19),(19,21,1,3082,'FRIDAY','LECTURE',NULL,NULL,NULL,6,12),(17,28,1,3083,'TUESDAY','TUTORIAL',NULL,14,NULL,39,19),(19,21,2,3084,'FRIDAY','LECTURE',NULL,NULL,NULL,7,12),(17,28,1,3085,'TUESDAY','TUTORIAL',NULL,13,NULL,40,19),(19,21,3,3086,'FRIDAY','LECTURE',NULL,NULL,NULL,8,12),(17,28,2,3087,'TUESDAY','LECTURE',NULL,NULL,NULL,41,19),(19,21,4,3088,'FRIDAY','LECTURE',NULL,NULL,NULL,9,12),(17,28,2,3089,'TUESDAY','LECTURE',NULL,NULL,NULL,42,19),(19,21,5,3090,'FRIDAY','LECTURE',NULL,NULL,NULL,10,12),(17,28,2,3091,'TUESDAY','LECTURE',NULL,NULL,NULL,43,19),(19,21,6,3092,'FRIDAY','LECTURE',NULL,NULL,NULL,11,12),(17,28,2,3093,'TUESDAY','TUTORIAL',NULL,20,NULL,44,19),(19,21,7,3094,'FRIDAY','LECTURE',NULL,NULL,NULL,12,12),(17,28,2,3095,'TUESDAY','TUTORIAL',NULL,19,NULL,45,19),(19,21,8,3096,'FRIDAY','LECTURE',NULL,NULL,NULL,16,12),(19,21,9,3097,'FRIDAY','LECTURE',NULL,NULL,NULL,17,12),(17,28,2,3098,'TUESDAY','TUTORIAL',NULL,18,NULL,46,19),(17,28,2,3099,'TUESDAY','TUTORIAL',NULL,17,NULL,47,19),(19,22,10,3100,'MONDAY','LECTURE',NULL,NULL,NULL,22,13),(17,28,3,3101,'TUESDAY','LECTURE',NULL,NULL,NULL,48,19),(19,22,10,3102,'MONDAY','LECTURE',NULL,NULL,NULL,23,13),(17,28,3,3103,'WEDNESDAY','LECTURE',NULL,NULL,NULL,52,19),(19,22,10,3104,'MONDAY','LECTURE',NULL,NULL,NULL,24,13),(17,28,3,3105,'WEDNESDAY','LECTURE',NULL,NULL,NULL,53,19),(19,22,10,3106,'MONDAY','TUTORIAL',NULL,4,NULL,25,13),(17,28,3,3107,'WEDNESDAY','TUTORIAL',NULL,24,NULL,54,19),(19,22,10,3108,'MONDAY','TUTORIAL',NULL,3,NULL,26,13),(17,28,3,3109,'WEDNESDAY','TUTORIAL',NULL,23,NULL,55,19),(19,22,10,3110,'MONDAY','TUTORIAL',NULL,2,NULL,27,13),(17,28,3,3111,'WEDNESDAY','TUTORIAL',NULL,22,NULL,56,19),(19,22,10,3112,'MONDAY','TUTORIAL',NULL,1,NULL,28,13),(17,28,3,3113,'WEDNESDAY','TUTORIAL',NULL,21,NULL,57,19),(19,22,11,3114,'MONDAY','LECTURE',NULL,NULL,NULL,29,13),(17,28,4,3115,'WEDNESDAY','LECTURE',NULL,NULL,NULL,58,19),(19,22,11,3116,'MONDAY','LECTURE',NULL,NULL,NULL,30,13),(19,22,11,3117,'MONDAY','LECTURE',NULL,NULL,NULL,31,13),(17,28,4,3118,'WEDNESDAY','LECTURE',NULL,NULL,NULL,59,19),(19,22,11,3119,'MONDAY','TUTORIAL',NULL,8,NULL,32,13),(17,28,4,3120,'WEDNESDAY','LECTURE',NULL,NULL,NULL,60,19),(17,28,4,3121,'WEDNESDAY','TUTORIAL',NULL,28,NULL,61,19),(19,22,11,3122,'MONDAY','TUTORIAL',NULL,7,NULL,33,13),(17,28,4,3123,'WEDNESDAY','TUTORIAL',NULL,27,NULL,62,19),(19,22,11,3124,'TUESDAY','TUTORIAL',NULL,6,NULL,37,13),(17,28,4,3125,'WEDNESDAY','TUTORIAL',NULL,26,NULL,63,19),(19,22,11,3126,'TUESDAY','TUTORIAL',NULL,5,NULL,38,13),(17,28,4,3127,'THURSDAY','TUTORIAL',NULL,25,NULL,67,19),(19,22,12,3128,'TUESDAY','LECTURE',NULL,NULL,NULL,39,13),(17,28,5,3129,'THURSDAY','LECTURE',NULL,NULL,NULL,68,19),(19,22,12,3130,'TUESDAY','LECTURE',NULL,NULL,NULL,40,13),(17,28,5,3131,'THURSDAY','LECTURE',NULL,NULL,NULL,69,19),(19,22,12,3132,'TUESDAY','LECTURE',NULL,NULL,NULL,41,13),(17,28,5,3133,'THURSDAY','LECTURE',NULL,NULL,NULL,70,19),(19,22,12,3134,'TUESDAY','TUTORIAL',NULL,12,NULL,42,13),(19,22,12,3135,'TUESDAY','TUTORIAL',NULL,11,NULL,43,13),(17,28,5,3136,'THURSDAY','TUTORIAL',NULL,32,NULL,71,19),(19,22,12,3137,'TUESDAY','TUTORIAL',NULL,10,NULL,44,13),(17,28,5,3138,'THURSDAY','TUTORIAL',NULL,31,NULL,72,19),(17,28,5,3139,'THURSDAY','TUTORIAL',NULL,30,NULL,73,19),(19,22,12,3140,'TUESDAY','TUTORIAL',NULL,9,NULL,45,13),(19,22,1,3141,'TUESDAY','LECTURE',NULL,NULL,NULL,46,13),(17,28,5,3142,'THURSDAY','TUTORIAL',NULL,29,NULL,74,19),(19,22,1,3143,'TUESDAY','LECTURE',NULL,NULL,NULL,47,13),(17,28,6,3144,'THURSDAY','LECTURE',NULL,NULL,NULL,75,19),(19,22,1,3145,'TUESDAY','LECTURE',NULL,NULL,NULL,48,13),(17,28,6,3146,'THURSDAY','LECTURE',NULL,NULL,NULL,76,19),(17,28,6,3147,'THURSDAY','LECTURE',NULL,NULL,NULL,77,19),(19,22,1,3148,'WEDNESDAY','TUTORIAL',NULL,16,NULL,52,13),(19,22,1,3149,'WEDNESDAY','TUTORIAL',NULL,15,NULL,53,13),(17,28,6,3150,'THURSDAY','TUTORIAL',NULL,36,NULL,78,19),(19,22,1,3151,'WEDNESDAY','TUTORIAL',NULL,14,NULL,54,13),(18,28,6,3152,'FRIDAY','TUTORIAL',NULL,35,NULL,1,19),(19,22,1,3153,'WEDNESDAY','TUTORIAL',NULL,13,NULL,55,13),(18,28,6,3154,'FRIDAY','TUTORIAL',NULL,34,NULL,2,19),(19,22,2,3155,'WEDNESDAY','LECTURE',NULL,NULL,NULL,56,13),(18,28,6,3156,'FRIDAY','TUTORIAL',NULL,33,NULL,5,19),(19,22,2,3157,'WEDNESDAY','LECTURE',NULL,NULL,NULL,57,13),(18,28,7,3158,'FRIDAY','LECTURE',NULL,NULL,NULL,6,19),(19,22,2,3159,'WEDNESDAY','LECTURE',NULL,NULL,NULL,58,13),(18,28,7,3160,'FRIDAY','LECTURE',NULL,NULL,NULL,7,19),(19,22,2,3161,'WEDNESDAY','TUTORIAL',NULL,20,NULL,59,13),(18,28,7,3162,'FRIDAY','LECTURE',NULL,NULL,NULL,8,19),(18,28,7,3163,'FRIDAY','TUTORIAL',NULL,40,NULL,9,19),(19,22,2,3164,'WEDNESDAY','TUTORIAL',NULL,19,NULL,60,13),(18,28,7,3165,'FRIDAY','TUTORIAL',NULL,39,NULL,10,19),(19,22,2,3166,'WEDNESDAY','TUTORIAL',NULL,18,NULL,61,13),(18,28,7,3167,'FRIDAY','TUTORIAL',NULL,38,NULL,11,19),(19,22,2,3168,'WEDNESDAY','TUTORIAL',NULL,17,NULL,62,13),(18,28,7,3169,'FRIDAY','TUTORIAL',NULL,37,NULL,12,19),(19,22,3,3170,'WEDNESDAY','LECTURE',NULL,NULL,NULL,63,13),(18,28,8,3171,'FRIDAY','LECTURE',NULL,NULL,NULL,16,19),(19,22,3,3172,'THURSDAY','LECTURE',NULL,NULL,NULL,67,13),(19,22,3,3173,'THURSDAY','LECTURE',NULL,NULL,NULL,68,13),(18,28,8,3174,'FRIDAY','LECTURE',NULL,NULL,NULL,17,19),(18,28,8,3175,'MONDAY','LECTURE',NULL,NULL,NULL,22,19),(19,22,3,3176,'THURSDAY','TUTORIAL',NULL,24,NULL,69,13),(18,28,8,3177,'MONDAY','TUTORIAL',NULL,44,NULL,23,19),(19,22,3,3178,'THURSDAY','TUTORIAL',NULL,23,NULL,70,13),(18,28,8,3179,'MONDAY','TUTORIAL',NULL,43,NULL,24,19),(19,22,3,3180,'THURSDAY','TUTORIAL',NULL,22,NULL,71,13),(18,28,8,3181,'MONDAY','TUTORIAL',NULL,42,NULL,25,19),(19,22,3,3182,'THURSDAY','TUTORIAL',NULL,21,NULL,72,13),(19,22,4,3183,'THURSDAY','LECTURE',NULL,NULL,NULL,73,13),(18,28,8,3184,'MONDAY','TUTORIAL',NULL,41,NULL,26,19),(18,28,9,3185,'MONDAY','LECTURE',NULL,NULL,NULL,27,19),(19,22,4,3186,'THURSDAY','LECTURE',NULL,NULL,NULL,74,13),(18,28,9,3187,'MONDAY','LECTURE',NULL,NULL,NULL,28,19),(19,22,4,3188,'THURSDAY','LECTURE',NULL,NULL,NULL,75,13),(18,28,9,3189,'MONDAY','LECTURE',NULL,NULL,NULL,29,19),(19,22,4,3190,'THURSDAY','TUTORIAL',NULL,28,NULL,76,13),(18,28,9,3191,'MONDAY','TUTORIAL',NULL,48,NULL,30,19),(19,22,4,3192,'THURSDAY','TUTORIAL',NULL,27,NULL,77,13),(18,28,9,3193,'MONDAY','TUTORIAL',NULL,47,NULL,31,19),(19,22,4,3194,'THURSDAY','TUTORIAL',NULL,26,NULL,78,13),(20,22,4,3195,'FRIDAY','TUTORIAL',NULL,25,NULL,1,13),(18,28,9,3196,'MONDAY','TUTORIAL',NULL,46,NULL,32,19),(20,22,5,3197,'FRIDAY','LECTURE',NULL,NULL,NULL,2,13),(18,28,9,3198,'MONDAY','TUTORIAL',NULL,45,NULL,33,19),(20,22,5,3199,'FRIDAY','LECTURE',NULL,NULL,NULL,5,13),(18,29,10,3200,'TUESDAY','LECTURE',NULL,NULL,NULL,37,20),(20,22,5,3201,'FRIDAY','LECTURE',NULL,NULL,NULL,6,13),(18,29,10,3202,'TUESDAY','LECTURE',NULL,NULL,NULL,38,20),(18,29,10,3203,'TUESDAY','LECTURE',NULL,NULL,NULL,39,20),(20,22,5,3204,'FRIDAY','TUTORIAL',NULL,32,NULL,7,13),(18,29,10,3205,'TUESDAY','TUTORIAL',NULL,4,NULL,40,20),(20,22,5,3206,'FRIDAY','TUTORIAL',NULL,31,NULL,8,13),(18,29,10,3207,'TUESDAY','TUTORIAL',NULL,3,NULL,41,20),(20,22,5,3208,'FRIDAY','TUTORIAL',NULL,30,NULL,9,13),(18,29,10,3209,'TUESDAY','TUTORIAL',NULL,2,NULL,42,20),(20,22,5,3210,'FRIDAY','TUTORIAL',NULL,29,NULL,10,13),(20,22,6,3211,'FRIDAY','LECTURE',NULL,NULL,NULL,11,13),(18,29,10,3212,'TUESDAY','TUTORIAL',NULL,1,NULL,43,20),(20,22,6,3213,'FRIDAY','LECTURE',NULL,NULL,NULL,12,13),(18,29,11,3214,'TUESDAY','LECTURE',NULL,NULL,NULL,44,20),(20,22,6,3215,'FRIDAY','LECTURE',NULL,NULL,NULL,16,13),(18,29,11,3216,'TUESDAY','LECTURE',NULL,NULL,NULL,45,20),(20,22,6,3217,'FRIDAY','TUTORIAL',NULL,36,NULL,17,13),(18,29,11,3218,'TUESDAY','LECTURE',NULL,NULL,NULL,46,20),(20,22,6,3219,'MONDAY','TUTORIAL',NULL,35,NULL,22,13),(18,29,11,3220,'TUESDAY','TUTORIAL',NULL,8,NULL,47,20),(20,22,6,3221,'MONDAY','TUTORIAL',NULL,34,NULL,23,13),(18,29,11,3222,'TUESDAY','TUTORIAL',NULL,7,NULL,48,20),(20,22,6,3223,'MONDAY','TUTORIAL',NULL,33,NULL,24,13),(18,29,11,3224,'WEDNESDAY','TUTORIAL',NULL,6,NULL,52,20),(20,22,7,3225,'MONDAY','LECTURE',NULL,NULL,NULL,25,13),(18,29,11,3226,'WEDNESDAY','TUTORIAL',NULL,5,NULL,53,20),(20,22,7,3227,'MONDAY','LECTURE',NULL,NULL,NULL,26,13),(18,29,12,3228,'WEDNESDAY','LECTURE',NULL,NULL,NULL,54,20),(18,29,12,3229,'WEDNESDAY','LECTURE',NULL,NULL,NULL,55,20),(18,29,12,3230,'WEDNESDAY','LECTURE',NULL,NULL,NULL,56,20),(18,29,12,3231,'WEDNESDAY','TUTORIAL',NULL,12,NULL,57,20),(18,29,12,3232,'WEDNESDAY','TUTORIAL',NULL,11,NULL,58,20),(18,29,12,3233,'WEDNESDAY','TUTORIAL',NULL,10,NULL,59,20),(18,29,12,3234,'WEDNESDAY','TUTORIAL',NULL,9,NULL,60,20),(18,29,1,3235,'WEDNESDAY','LECTURE',NULL,NULL,NULL,61,20),(18,29,1,3236,'WEDNESDAY','LECTURE',NULL,NULL,NULL,62,20),(18,29,1,3237,'WEDNESDAY','LECTURE',NULL,NULL,NULL,63,20),(18,29,1,3238,'THURSDAY','TUTORIAL',NULL,16,NULL,67,20),(18,29,1,3239,'THURSDAY','TUTORIAL',NULL,15,NULL,68,20),(18,29,1,3240,'THURSDAY','TUTORIAL',NULL,14,NULL,69,20),(18,29,1,3241,'THURSDAY','TUTORIAL',NULL,13,NULL,70,20),(18,29,2,3242,'THURSDAY','LECTURE',NULL,NULL,NULL,71,20),(18,29,2,3243,'THURSDAY','LECTURE',NULL,NULL,NULL,72,20),(18,29,2,3244,'THURSDAY','LECTURE',NULL,NULL,NULL,73,20),(18,29,2,3245,'THURSDAY','TUTORIAL',NULL,20,NULL,74,20),(18,29,2,3246,'THURSDAY','TUTORIAL',NULL,19,NULL,75,20),(18,29,2,3247,'THURSDAY','TUTORIAL',NULL,18,NULL,76,20),(18,29,2,3248,'THURSDAY','TUTORIAL',NULL,17,NULL,77,20),(18,29,3,3249,'THURSDAY','LECTURE',NULL,NULL,NULL,78,20),(19,29,3,3250,'FRIDAY','LECTURE',NULL,NULL,NULL,1,20),(19,29,3,3251,'FRIDAY','LECTURE',NULL,NULL,NULL,2,20),(19,29,3,3252,'FRIDAY','TUTORIAL',NULL,24,NULL,5,20),(19,29,3,3253,'FRIDAY','TUTORIAL',NULL,23,NULL,6,20),(19,29,3,3254,'FRIDAY','TUTORIAL',NULL,22,NULL,7,20),(19,29,3,3255,'FRIDAY','TUTORIAL',NULL,21,NULL,8,20),(19,29,4,3256,'FRIDAY','LECTURE',NULL,NULL,NULL,9,20),(19,29,4,3257,'FRIDAY','LECTURE',NULL,NULL,NULL,10,20),(19,29,4,3258,'FRIDAY','LECTURE',NULL,NULL,NULL,11,20),(19,29,4,3259,'FRIDAY','TUTORIAL',NULL,28,NULL,12,20),(19,29,4,3260,'FRIDAY','TUTORIAL',NULL,27,NULL,16,20),(19,29,4,3261,'FRIDAY','TUTORIAL',NULL,26,NULL,17,20),(19,29,4,3262,'MONDAY','TUTORIAL',NULL,25,NULL,22,20),(19,29,5,3263,'MONDAY','LECTURE',NULL,NULL,NULL,23,20),(19,29,5,3264,'MONDAY','LECTURE',NULL,NULL,NULL,24,20),(19,29,5,3265,'MONDAY','LECTURE',NULL,NULL,NULL,25,20),(19,29,5,3266,'MONDAY','TUTORIAL',NULL,32,NULL,26,20),(19,29,5,3267,'MONDAY','TUTORIAL',NULL,31,NULL,27,20),(19,29,5,3268,'MONDAY','TUTORIAL',NULL,30,NULL,28,20),(19,29,5,3269,'MONDAY','TUTORIAL',NULL,29,NULL,29,20),(19,29,6,3270,'MONDAY','LECTURE',NULL,NULL,NULL,30,20),(19,29,6,3271,'MONDAY','LECTURE',NULL,NULL,NULL,31,20),(19,29,6,3272,'MONDAY','LECTURE',NULL,NULL,NULL,32,20),(19,29,6,3273,'MONDAY','TUTORIAL',NULL,36,NULL,33,20),(19,29,6,3274,'TUESDAY','TUTORIAL',NULL,35,NULL,37,20),(19,29,6,3275,'TUESDAY','TUTORIAL',NULL,34,NULL,38,20),(19,29,6,3276,'TUESDAY','TUTORIAL',NULL,33,NULL,39,20),(19,29,7,3277,'TUESDAY','LECTURE',NULL,NULL,NULL,40,20),(19,29,7,3278,'TUESDAY','LECTURE',NULL,NULL,NULL,41,20),(19,29,7,3279,'TUESDAY','LECTURE',NULL,NULL,NULL,42,20),(19,29,7,3280,'TUESDAY','TUTORIAL',NULL,40,NULL,43,20),(19,29,7,3281,'TUESDAY','TUTORIAL',NULL,39,NULL,44,20),(19,29,7,3282,'TUESDAY','TUTORIAL',NULL,38,NULL,45,20),(19,29,7,3283,'TUESDAY','TUTORIAL',NULL,37,NULL,46,20),(19,29,8,3284,'TUESDAY','LECTURE',NULL,NULL,NULL,47,20),(19,29,8,3285,'TUESDAY','LECTURE',NULL,NULL,NULL,48,20),(19,29,8,3286,'WEDNESDAY','LECTURE',NULL,NULL,NULL,52,20),(19,29,8,3287,'WEDNESDAY','TUTORIAL',NULL,44,NULL,53,20),(19,29,8,3288,'WEDNESDAY','TUTORIAL',NULL,43,NULL,54,20),(19,29,8,3289,'WEDNESDAY','TUTORIAL',NULL,42,NULL,55,20),(19,29,8,3290,'WEDNESDAY','TUTORIAL',NULL,41,NULL,56,20),(19,29,9,3291,'WEDNESDAY','LECTURE',NULL,NULL,NULL,57,20),(19,29,9,3292,'WEDNESDAY','LECTURE',NULL,NULL,NULL,58,20),(19,29,9,3293,'WEDNESDAY','LECTURE',NULL,NULL,NULL,59,20),(19,29,9,3294,'WEDNESDAY','TUTORIAL',NULL,48,NULL,60,20),(19,29,9,3295,'WEDNESDAY','TUTORIAL',NULL,47,NULL,61,20),(19,29,9,3296,'WEDNESDAY','TUTORIAL',NULL,46,NULL,62,20),(19,29,9,3297,'WEDNESDAY','TUTORIAL',NULL,45,NULL,63,20),(19,30,10,3298,'THURSDAY','LECTURE',NULL,NULL,NULL,67,21),(19,30,10,3299,'THURSDAY','LECTURE',NULL,NULL,NULL,68,21),(19,30,10,3300,'THURSDAY','LECTURE',NULL,NULL,NULL,69,21),(19,30,10,3301,'THURSDAY','TUTORIAL',NULL,4,NULL,70,21),(19,30,10,3302,'THURSDAY','TUTORIAL',NULL,3,NULL,71,21),(19,30,10,3303,'THURSDAY','TUTORIAL',NULL,2,NULL,72,21),(19,30,10,3304,'THURSDAY','TUTORIAL',NULL,1,NULL,73,21),(19,30,11,3305,'THURSDAY','LECTURE',NULL,NULL,NULL,74,21),(17,35,10,3306,'FRIDAY','LECTURE',NULL,NULL,NULL,1,26),(19,30,11,3307,'THURSDAY','LECTURE',NULL,NULL,NULL,75,21),(17,35,10,3308,'FRIDAY','LECTURE',NULL,NULL,NULL,2,26),(19,30,11,3309,'THURSDAY','LECTURE',NULL,NULL,NULL,76,21),(17,35,10,3310,'FRIDAY','LECTURE',NULL,NULL,NULL,5,26),(19,30,11,3311,'THURSDAY','TUTORIAL',NULL,8,NULL,77,21),(17,35,10,3312,'FRIDAY','TUTORIAL',NULL,4,NULL,6,26),(19,30,11,3313,'THURSDAY','TUTORIAL',NULL,7,NULL,78,21),(20,30,11,3314,'FRIDAY','TUTORIAL',NULL,6,NULL,1,21),(17,35,10,3315,'FRIDAY','TUTORIAL',NULL,3,NULL,7,26),(20,30,11,3316,'FRIDAY','TUTORIAL',NULL,5,NULL,2,21),(17,35,10,3317,'FRIDAY','TUTORIAL',NULL,2,NULL,8,26),(20,30,12,3318,'FRIDAY','LECTURE',NULL,NULL,NULL,5,21),(17,35,10,3319,'FRIDAY','TUTORIAL',NULL,1,NULL,9,26),(20,30,12,3320,'FRIDAY','LECTURE',NULL,NULL,NULL,6,21),(17,35,11,3321,'FRIDAY','LECTURE',NULL,NULL,NULL,10,26),(20,30,12,3322,'FRIDAY','LECTURE',NULL,NULL,NULL,7,21),(17,35,11,3323,'FRIDAY','LECTURE',NULL,NULL,NULL,11,26),(20,30,12,3324,'FRIDAY','TUTORIAL',NULL,12,NULL,8,21),(17,35,11,3325,'FRIDAY','LECTURE',NULL,NULL,NULL,12,26),(20,30,12,3326,'FRIDAY','TUTORIAL',NULL,11,NULL,9,21),(17,35,11,3327,'FRIDAY','TUTORIAL',NULL,8,NULL,16,26),(20,30,12,3328,'FRIDAY','TUTORIAL',NULL,10,NULL,10,21),(17,35,11,3329,'FRIDAY','TUTORIAL',NULL,7,NULL,17,26),(20,30,12,3330,'FRIDAY','TUTORIAL',NULL,9,NULL,11,21),(17,35,11,3331,'MONDAY','TUTORIAL',NULL,6,NULL,22,26),(20,30,1,3332,'FRIDAY','LECTURE',NULL,NULL,NULL,12,21),(17,35,11,3333,'MONDAY','TUTORIAL',NULL,5,NULL,23,26),(20,30,1,3334,'FRIDAY','LECTURE',NULL,NULL,NULL,16,21),(17,35,12,3335,'MONDAY','LECTURE',NULL,NULL,NULL,24,26),(20,30,1,3336,'FRIDAY','LECTURE',NULL,NULL,NULL,17,21),(17,35,12,3337,'MONDAY','LECTURE',NULL,NULL,NULL,25,26),(17,35,12,3338,'MONDAY','LECTURE',NULL,NULL,NULL,26,26),(20,30,1,3339,'MONDAY','TUTORIAL',NULL,16,NULL,22,21),(17,35,12,3340,'MONDAY','TUTORIAL',NULL,12,NULL,27,26),(20,30,1,3341,'MONDAY','TUTORIAL',NULL,15,NULL,23,21),(17,35,12,3342,'MONDAY','TUTORIAL',NULL,11,NULL,28,26),(20,30,1,3343,'MONDAY','TUTORIAL',NULL,14,NULL,24,21),(17,35,12,3344,'MONDAY','TUTORIAL',NULL,10,NULL,29,26),(20,30,1,3345,'MONDAY','TUTORIAL',NULL,13,NULL,25,21),(17,35,12,3346,'MONDAY','TUTORIAL',NULL,9,NULL,30,26),(20,30,2,3347,'MONDAY','LECTURE',NULL,NULL,NULL,26,21),(17,35,1,3348,'MONDAY','LECTURE',NULL,NULL,NULL,31,26),(20,30,2,3349,'MONDAY','LECTURE',NULL,NULL,NULL,27,21),(17,35,1,3350,'MONDAY','LECTURE',NULL,NULL,NULL,32,26),(17,35,1,3351,'MONDAY','LECTURE',NULL,NULL,NULL,33,26),(20,30,2,3352,'MONDAY','LECTURE',NULL,NULL,NULL,28,21),(17,35,1,3353,'TUESDAY','TUTORIAL',NULL,16,NULL,37,26),(20,30,2,3354,'MONDAY','TUTORIAL',NULL,20,NULL,29,21),(17,35,1,3355,'TUESDAY','TUTORIAL',NULL,15,NULL,38,26),(17,35,1,3356,'TUESDAY','TUTORIAL',NULL,14,NULL,39,26),(17,35,1,3357,'TUESDAY','TUTORIAL',NULL,13,NULL,40,26),(17,35,2,3358,'TUESDAY','LECTURE',NULL,NULL,NULL,41,26),(17,35,2,3359,'TUESDAY','LECTURE',NULL,NULL,NULL,42,26),(17,35,2,3360,'TUESDAY','LECTURE',NULL,NULL,NULL,43,26),(17,35,2,3361,'TUESDAY','TUTORIAL',NULL,20,NULL,44,26),(17,35,2,3362,'TUESDAY','TUTORIAL',NULL,19,NULL,45,26),(17,35,2,3363,'TUESDAY','TUTORIAL',NULL,18,NULL,46,26),(17,35,2,3364,'TUESDAY','TUTORIAL',NULL,17,NULL,47,26),(17,35,3,3365,'TUESDAY','LECTURE',NULL,NULL,NULL,48,26),(17,35,3,3366,'WEDNESDAY','LECTURE',NULL,NULL,NULL,52,26),(17,35,3,3367,'WEDNESDAY','LECTURE',NULL,NULL,NULL,53,26),(17,35,3,3368,'WEDNESDAY','TUTORIAL',NULL,24,NULL,54,26),(17,35,3,3369,'WEDNESDAY','TUTORIAL',NULL,23,NULL,55,26),(17,35,3,3370,'WEDNESDAY','TUTORIAL',NULL,22,NULL,56,26),(17,35,3,3371,'WEDNESDAY','TUTORIAL',NULL,21,NULL,57,26),(17,35,4,3372,'WEDNESDAY','LECTURE',NULL,NULL,NULL,58,26),(17,35,4,3373,'WEDNESDAY','LECTURE',NULL,NULL,NULL,59,26),(17,35,4,3374,'WEDNESDAY','LECTURE',NULL,NULL,NULL,60,26),(17,35,4,3375,'WEDNESDAY','TUTORIAL',NULL,28,NULL,61,26),(17,35,4,3376,'WEDNESDAY','TUTORIAL',NULL,27,NULL,62,26),(17,35,4,3377,'WEDNESDAY','TUTORIAL',NULL,26,NULL,63,26),(17,35,4,3378,'THURSDAY','TUTORIAL',NULL,25,NULL,67,26),(17,35,5,3379,'THURSDAY','LECTURE',NULL,NULL,NULL,68,26),(17,35,5,3380,'THURSDAY','LECTURE',NULL,NULL,NULL,69,26),(17,35,5,3381,'THURSDAY','LECTURE',NULL,NULL,NULL,70,26),(17,35,5,3382,'THURSDAY','TUTORIAL',NULL,32,NULL,71,26),(17,35,5,3383,'THURSDAY','TUTORIAL',NULL,31,NULL,72,26),(17,35,5,3384,'THURSDAY','TUTORIAL',NULL,30,NULL,73,26),(17,35,5,3385,'THURSDAY','TUTORIAL',NULL,29,NULL,74,26),(17,35,6,3386,'THURSDAY','LECTURE',NULL,NULL,NULL,75,26),(17,35,6,3387,'THURSDAY','LECTURE',NULL,NULL,NULL,76,26),(17,35,6,3388,'THURSDAY','LECTURE',NULL,NULL,NULL,77,26),(17,35,6,3389,'THURSDAY','TUTORIAL',NULL,36,NULL,78,26),(18,35,6,3390,'FRIDAY','TUTORIAL',NULL,35,NULL,1,26),(18,35,6,3391,'FRIDAY','TUTORIAL',NULL,34,NULL,2,26),(18,35,6,3392,'FRIDAY','TUTORIAL',NULL,33,NULL,5,26),(18,35,7,3393,'FRIDAY','LECTURE',NULL,NULL,NULL,6,26),(18,35,7,3394,'FRIDAY','LECTURE',NULL,NULL,NULL,7,26),(18,35,7,3395,'FRIDAY','LECTURE',NULL,NULL,NULL,8,26),(18,35,7,3396,'FRIDAY','TUTORIAL',NULL,40,NULL,9,26),(18,35,7,3397,'FRIDAY','TUTORIAL',NULL,39,NULL,10,26),(18,35,7,3398,'FRIDAY','TUTORIAL',NULL,38,NULL,11,26),(18,35,7,3399,'FRIDAY','TUTORIAL',NULL,37,NULL,12,26),(18,35,8,3400,'FRIDAY','LECTURE',NULL,NULL,NULL,16,26),(18,35,8,3401,'FRIDAY','LECTURE',NULL,NULL,NULL,17,26),(18,35,8,3402,'MONDAY','LECTURE',NULL,NULL,NULL,22,26),(18,35,8,3403,'MONDAY','TUTORIAL',NULL,44,NULL,23,26),(18,35,8,3404,'MONDAY','TUTORIAL',NULL,43,NULL,24,26),(18,35,8,3405,'MONDAY','TUTORIAL',NULL,42,NULL,25,26),(18,35,8,3406,'MONDAY','TUTORIAL',NULL,41,NULL,26,26),(18,35,9,3407,'MONDAY','LECTURE',NULL,NULL,NULL,27,26),(18,35,9,3408,'MONDAY','LECTURE',NULL,NULL,NULL,28,26),(18,35,9,3409,'MONDAY','LECTURE',NULL,NULL,NULL,29,26),(18,35,9,3410,'MONDAY','TUTORIAL',NULL,48,NULL,30,26),(18,35,9,3411,'MONDAY','TUTORIAL',NULL,47,NULL,31,26),(18,35,9,3412,'MONDAY','TUTORIAL',NULL,46,NULL,32,26),(18,35,9,3413,'MONDAY','TUTORIAL',NULL,45,NULL,33,26),(18,36,10,3414,'TUESDAY','LECTURE',NULL,NULL,NULL,37,27),(18,36,10,3415,'TUESDAY','LECTURE',NULL,NULL,NULL,38,27),(18,36,10,3416,'TUESDAY','LECTURE',NULL,NULL,NULL,39,27),(18,36,10,3417,'TUESDAY','TUTORIAL',NULL,4,NULL,40,27),(18,36,10,3418,'TUESDAY','TUTORIAL',NULL,3,NULL,41,27),(18,36,10,3419,'TUESDAY','TUTORIAL',NULL,2,NULL,42,27),(18,36,10,3420,'TUESDAY','TUTORIAL',NULL,1,NULL,43,27),(17,46,10,3421,'FRIDAY','LAB',NULL,4,NULL,1,37),(18,36,11,3422,'TUESDAY','LECTURE',NULL,NULL,NULL,44,27),(17,46,10,3423,'FRIDAY','LAB',NULL,3,NULL,2,37),(18,36,11,3424,'TUESDAY','LECTURE',NULL,NULL,NULL,45,27),(17,46,10,3425,'FRIDAY','LAB',NULL,2,NULL,5,37),(18,36,11,3426,'TUESDAY','LECTURE',NULL,NULL,NULL,46,27),(17,46,10,3427,'FRIDAY','LAB',NULL,1,NULL,6,37),(18,36,11,3428,'TUESDAY','TUTORIAL',NULL,8,NULL,47,27),(18,36,11,3429,'TUESDAY','TUTORIAL',NULL,7,NULL,48,27),(17,46,10,3430,'FRIDAY','LAB',NULL,4,NULL,7,37),(18,36,11,3431,'WEDNESDAY','TUTORIAL',NULL,6,NULL,52,27),(17,46,10,3432,'FRIDAY','LAB',NULL,3,NULL,8,37),(18,36,11,3433,'WEDNESDAY','TUTORIAL',NULL,5,NULL,53,27),(17,46,10,3434,'FRIDAY','LAB',NULL,2,NULL,9,37),(18,36,12,3435,'WEDNESDAY','LECTURE',NULL,NULL,NULL,54,27),(17,46,10,3436,'FRIDAY','LAB',NULL,1,NULL,10,37),(18,36,12,3437,'WEDNESDAY','LECTURE',NULL,NULL,NULL,55,27),(17,46,10,3438,'FRIDAY','LAB',NULL,4,NULL,11,37),(18,36,12,3439,'WEDNESDAY','LECTURE',NULL,NULL,NULL,56,27),(17,46,10,3440,'FRIDAY','LAB',NULL,3,NULL,12,37),(18,36,12,3441,'WEDNESDAY','TUTORIAL',NULL,12,NULL,57,27),(17,46,10,3442,'FRIDAY','LAB',NULL,2,NULL,16,37),(18,36,12,3443,'WEDNESDAY','TUTORIAL',NULL,11,NULL,58,27),(17,46,10,3444,'FRIDAY','LAB',NULL,1,NULL,17,37),(18,36,12,3445,'WEDNESDAY','TUTORIAL',NULL,10,NULL,59,27),(17,46,10,3446,'MONDAY','LAB',NULL,4,NULL,22,37),(18,36,12,3447,'WEDNESDAY','TUTORIAL',NULL,9,NULL,60,27),(17,46,10,3448,'MONDAY','LAB',NULL,3,NULL,23,37),(18,36,1,3449,'WEDNESDAY','LECTURE',NULL,NULL,NULL,61,27),(17,46,10,3450,'MONDAY','LAB',NULL,2,NULL,24,37),(18,36,1,3451,'WEDNESDAY','LECTURE',NULL,NULL,NULL,62,27),(17,46,10,3452,'MONDAY','LAB',NULL,1,NULL,25,37),(18,36,1,3453,'WEDNESDAY','LECTURE',NULL,NULL,NULL,63,27),(17,46,10,3454,'MONDAY','LAB',NULL,4,NULL,26,37),(18,36,1,3455,'THURSDAY','TUTORIAL',NULL,16,NULL,67,27),(17,46,10,3456,'MONDAY','LAB',NULL,3,NULL,27,37),(18,36,1,3457,'THURSDAY','TUTORIAL',NULL,15,NULL,68,27),(17,46,10,3458,'MONDAY','LAB',NULL,2,NULL,28,37),(18,36,1,3459,'THURSDAY','TUTORIAL',NULL,14,NULL,69,27),(17,46,10,3460,'MONDAY','LAB',NULL,1,NULL,29,37),(18,36,1,3461,'THURSDAY','TUTORIAL',NULL,13,NULL,70,27),(17,46,10,3462,'MONDAY','LAB',NULL,4,NULL,30,37),(18,36,2,3463,'THURSDAY','LECTURE',NULL,NULL,NULL,71,27),(17,46,10,3464,'MONDAY','LAB',NULL,3,NULL,31,37),(18,36,2,3465,'THURSDAY','LECTURE',NULL,NULL,NULL,72,27),(17,46,10,3466,'MONDAY','LAB',NULL,2,NULL,32,37),(18,36,2,3467,'THURSDAY','LECTURE',NULL,NULL,NULL,73,27),(17,46,10,3468,'MONDAY','LAB',NULL,1,NULL,33,37),(18,36,2,3469,'THURSDAY','TUTORIAL',NULL,20,NULL,74,27),(17,46,10,3470,'TUESDAY','LAB',NULL,4,NULL,37,37),(18,36,2,3471,'THURSDAY','TUTORIAL',NULL,19,NULL,75,27),(17,46,10,3472,'TUESDAY','LAB',NULL,3,NULL,38,37),(18,36,2,3473,'THURSDAY','TUTORIAL',NULL,18,NULL,76,27),(17,46,10,3474,'TUESDAY','LAB',NULL,2,NULL,39,37),(17,46,10,3475,'TUESDAY','LAB',NULL,1,NULL,40,37),(18,36,2,3476,'THURSDAY','TUTORIAL',NULL,17,NULL,77,27),(18,36,3,3477,'THURSDAY','LECTURE',NULL,NULL,NULL,78,27),(17,46,10,3478,'TUESDAY','LAB',NULL,4,NULL,41,37),(17,46,10,3479,'TUESDAY','LAB',NULL,3,NULL,42,37),(19,36,3,3480,'FRIDAY','LECTURE',NULL,NULL,NULL,1,27),(17,46,10,3481,'TUESDAY','LAB',NULL,2,NULL,43,37),(19,36,3,3482,'FRIDAY','LECTURE',NULL,NULL,NULL,2,27),(19,36,3,3483,'FRIDAY','TUTORIAL',NULL,24,NULL,5,27),(17,46,10,3484,'TUESDAY','LAB',NULL,1,NULL,44,37),(19,36,3,3485,'FRIDAY','TUTORIAL',NULL,23,NULL,6,27),(17,46,10,3486,'TUESDAY','LAB',NULL,4,NULL,45,37),(17,46,10,3487,'TUESDAY','LAB',NULL,3,NULL,46,37),(19,36,3,3488,'FRIDAY','TUTORIAL',NULL,22,NULL,7,27),(17,46,10,3489,'TUESDAY','LAB',NULL,2,NULL,47,37),(19,36,3,3490,'FRIDAY','TUTORIAL',NULL,21,NULL,8,27),(17,46,10,3491,'TUESDAY','LAB',NULL,1,NULL,48,37),(19,36,4,3492,'FRIDAY','LECTURE',NULL,NULL,NULL,9,27),(17,46,10,3493,'WEDNESDAY','LAB',NULL,4,NULL,52,37),(19,36,4,3494,'FRIDAY','LECTURE',NULL,NULL,NULL,10,27),(17,46,10,3495,'WEDNESDAY','LAB',NULL,3,NULL,53,37),(19,36,4,3496,'FRIDAY','LECTURE',NULL,NULL,NULL,11,27),(17,46,10,3497,'WEDNESDAY','LAB',NULL,2,NULL,54,37),(19,36,4,3498,'FRIDAY','TUTORIAL',NULL,28,NULL,12,27),(19,36,4,3499,'FRIDAY','TUTORIAL',NULL,27,NULL,16,27),(17,46,10,3500,'WEDNESDAY','LAB',NULL,1,NULL,55,37),(17,46,11,3501,'WEDNESDAY','LAB',NULL,8,NULL,56,37),(19,36,4,3502,'FRIDAY','TUTORIAL',NULL,26,NULL,17,27),(17,46,11,3503,'WEDNESDAY','LAB',NULL,7,NULL,57,37),(19,36,4,3504,'MONDAY','TUTORIAL',NULL,25,NULL,22,27),(19,36,5,3505,'MONDAY','LECTURE',NULL,NULL,NULL,23,27),(17,46,11,3506,'WEDNESDAY','LAB',NULL,6,NULL,58,37),(17,46,11,3507,'WEDNESDAY','LAB',NULL,5,NULL,59,37),(19,36,5,3508,'MONDAY','LECTURE',NULL,NULL,NULL,24,27),(17,46,11,3509,'WEDNESDAY','LAB',NULL,8,NULL,60,37),(19,36,5,3510,'MONDAY','LECTURE',NULL,NULL,NULL,25,27),(19,36,5,3511,'MONDAY','TUTORIAL',NULL,32,NULL,26,27),(17,46,11,3512,'WEDNESDAY','LAB',NULL,7,NULL,61,37),(19,36,5,3513,'MONDAY','TUTORIAL',NULL,31,NULL,27,27),(17,46,11,3514,'WEDNESDAY','LAB',NULL,6,NULL,62,37),(17,46,11,3515,'WEDNESDAY','LAB',NULL,5,NULL,63,37),(19,36,5,3516,'MONDAY','TUTORIAL',NULL,30,NULL,28,27),(17,46,11,3517,'THURSDAY','LAB',NULL,8,NULL,67,37),(19,36,5,3518,'MONDAY','TUTORIAL',NULL,29,NULL,29,27),(19,36,6,3519,'MONDAY','LECTURE',NULL,NULL,NULL,30,27),(17,46,11,3520,'THURSDAY','LAB',NULL,7,NULL,68,37),(17,46,11,3521,'THURSDAY','LAB',NULL,6,NULL,69,37),(19,36,6,3522,'MONDAY','LECTURE',NULL,NULL,NULL,31,27),(17,46,11,3523,'THURSDAY','LAB',NULL,5,NULL,70,37),(19,36,6,3524,'MONDAY','LECTURE',NULL,NULL,NULL,32,27),(17,46,11,3525,'THURSDAY','LAB',NULL,8,NULL,71,37),(19,36,6,3526,'MONDAY','TUTORIAL',NULL,36,NULL,33,27),(17,46,11,3527,'THURSDAY','LAB',NULL,7,NULL,72,37),(19,36,6,3528,'TUESDAY','TUTORIAL',NULL,35,NULL,37,27),(19,36,6,3529,'TUESDAY','TUTORIAL',NULL,34,NULL,38,27),(17,46,11,3530,'THURSDAY','LAB',NULL,6,NULL,73,37),(19,36,6,3531,'TUESDAY','TUTORIAL',NULL,33,NULL,39,27),(17,46,11,3532,'THURSDAY','LAB',NULL,5,NULL,74,37),(17,46,11,3533,'THURSDAY','LAB',NULL,8,NULL,75,37),(19,36,7,3534,'TUESDAY','LECTURE',NULL,NULL,NULL,40,27),(17,46,11,3535,'THURSDAY','LAB',NULL,7,NULL,76,37),(19,36,7,3536,'TUESDAY','LECTURE',NULL,NULL,NULL,41,27),(17,46,11,3537,'THURSDAY','LAB',NULL,6,NULL,77,37),(19,36,7,3538,'TUESDAY','LECTURE',NULL,NULL,NULL,42,27),(19,36,7,3539,'TUESDAY','TUTORIAL',NULL,40,NULL,43,27),(17,46,11,3540,'THURSDAY','LAB',NULL,5,NULL,78,37),(19,36,7,3541,'TUESDAY','TUTORIAL',NULL,39,NULL,44,27),(18,46,11,3542,'FRIDAY','LAB',NULL,8,NULL,1,37),(18,46,11,3543,'FRIDAY','LAB',NULL,7,NULL,2,37),(19,36,7,3544,'TUESDAY','TUTORIAL',NULL,38,NULL,45,27),(19,36,7,3545,'TUESDAY','TUTORIAL',NULL,37,NULL,46,27),(18,46,11,3546,'FRIDAY','LAB',NULL,6,NULL,5,37),(18,46,11,3547,'FRIDAY','LAB',NULL,5,NULL,6,37),(19,36,8,3548,'TUESDAY','LECTURE',NULL,NULL,NULL,47,27),(19,36,8,3549,'TUESDAY','LECTURE',NULL,NULL,NULL,48,27),(18,46,11,3550,'FRIDAY','LAB',NULL,8,NULL,7,37),(19,36,8,3551,'WEDNESDAY','LECTURE',NULL,NULL,NULL,52,27),(18,46,11,3552,'FRIDAY','LAB',NULL,7,NULL,8,37),(19,36,8,3553,'WEDNESDAY','TUTORIAL',NULL,44,NULL,53,27),(18,46,11,3554,'FRIDAY','LAB',NULL,6,NULL,9,37),(19,36,8,3555,'WEDNESDAY','TUTORIAL',NULL,43,NULL,54,27),(18,46,11,3556,'FRIDAY','LAB',NULL,5,NULL,10,37),(18,46,11,3557,'FRIDAY','LAB',NULL,8,NULL,11,37),(19,36,8,3558,'WEDNESDAY','TUTORIAL',NULL,42,NULL,55,27),(19,36,8,3559,'WEDNESDAY','TUTORIAL',NULL,41,NULL,56,27),(18,46,11,3560,'FRIDAY','LAB',NULL,7,NULL,12,37),(18,46,11,3561,'FRIDAY','LAB',NULL,6,NULL,16,37),(19,36,9,3562,'WEDNESDAY','LECTURE',NULL,NULL,NULL,57,27),(18,46,11,3563,'FRIDAY','LAB',NULL,5,NULL,17,37),(19,36,9,3564,'WEDNESDAY','LECTURE',NULL,NULL,NULL,58,27),(18,46,11,3565,'MONDAY','LAB',NULL,8,NULL,22,37),(19,36,9,3566,'WEDNESDAY','LECTURE',NULL,NULL,NULL,59,27),(19,36,9,3567,'WEDNESDAY','TUTORIAL',NULL,48,NULL,60,27),(18,46,11,3568,'MONDAY','LAB',NULL,7,NULL,23,37),(18,46,11,3569,'MONDAY','LAB',NULL,6,NULL,24,37),(19,36,9,3570,'WEDNESDAY','TUTORIAL',NULL,47,NULL,61,27),(18,46,11,3571,'MONDAY','LAB',NULL,5,NULL,25,37),(19,36,9,3572,'WEDNESDAY','TUTORIAL',NULL,46,NULL,62,27),(18,46,11,3573,'MONDAY','LAB',NULL,8,NULL,26,37),(19,36,9,3574,'WEDNESDAY','TUTORIAL',NULL,45,NULL,63,27),(19,37,10,3575,'THURSDAY','LECTURE',NULL,NULL,NULL,67,28),(18,46,11,3576,'MONDAY','LAB',NULL,7,NULL,27,37),(19,37,10,3577,'THURSDAY','LECTURE',NULL,NULL,NULL,68,28),(18,46,11,3578,'MONDAY','LAB',NULL,6,NULL,28,37),(19,37,10,3579,'THURSDAY','LECTURE',NULL,NULL,NULL,69,28),(18,46,11,3580,'MONDAY','LAB',NULL,5,NULL,29,37),(19,37,10,3581,'THURSDAY','TUTORIAL',NULL,4,NULL,70,28),(18,46,12,3582,'MONDAY','LAB',NULL,12,NULL,30,37),(19,37,10,3583,'THURSDAY','TUTORIAL',NULL,3,NULL,71,28),(18,46,12,3584,'MONDAY','LAB',NULL,11,NULL,31,37),(18,46,12,3585,'MONDAY','LAB',NULL,10,NULL,32,37),(19,37,10,3586,'THURSDAY','TUTORIAL',NULL,2,NULL,72,28),(18,46,12,3587,'MONDAY','LAB',NULL,9,NULL,33,37),(19,37,10,3588,'THURSDAY','TUTORIAL',NULL,1,NULL,73,28),(18,46,12,3589,'TUESDAY','LAB',NULL,12,NULL,37,37),(19,37,11,3590,'THURSDAY','LECTURE',NULL,NULL,NULL,74,28),(18,46,12,3591,'TUESDAY','LAB',NULL,11,NULL,38,37),(19,37,11,3592,'THURSDAY','LECTURE',NULL,NULL,NULL,75,28),(18,46,12,3593,'TUESDAY','LAB',NULL,10,NULL,39,37),(19,37,11,3594,'THURSDAY','LECTURE',NULL,NULL,NULL,76,28),(18,46,12,3595,'TUESDAY','LAB',NULL,9,NULL,40,37),(19,37,11,3596,'THURSDAY','TUTORIAL',NULL,8,NULL,77,28),(18,46,12,3597,'TUESDAY','LAB',NULL,12,NULL,41,37),(19,37,11,3598,'THURSDAY','TUTORIAL',NULL,7,NULL,78,28),(18,46,12,3599,'TUESDAY','LAB',NULL,11,NULL,42,37),(20,37,11,3600,'FRIDAY','TUTORIAL',NULL,6,NULL,1,28),(18,46,12,3601,'TUESDAY','LAB',NULL,10,NULL,43,37),(20,37,11,3602,'FRIDAY','TUTORIAL',NULL,5,NULL,2,28),(18,46,12,3603,'TUESDAY','LAB',NULL,9,NULL,44,37),(18,46,12,3604,'TUESDAY','LAB',NULL,12,NULL,45,37),(20,37,12,3605,'FRIDAY','LECTURE',NULL,NULL,NULL,5,28),(18,46,12,3606,'TUESDAY','LAB',NULL,11,NULL,46,37),(20,37,12,3607,'FRIDAY','LECTURE',NULL,NULL,NULL,6,28),(18,46,12,3608,'TUESDAY','LAB',NULL,10,NULL,47,37),(20,37,12,3609,'FRIDAY','LECTURE',NULL,NULL,NULL,7,28),(18,46,12,3610,'TUESDAY','LAB',NULL,9,NULL,48,37),(20,37,12,3611,'FRIDAY','TUTORIAL',NULL,12,NULL,8,28),(18,46,12,3612,'WEDNESDAY','LAB',NULL,12,NULL,52,37),(20,37,12,3613,'FRIDAY','TUTORIAL',NULL,11,NULL,9,28),(18,46,12,3614,'WEDNESDAY','LAB',NULL,11,NULL,53,37),(20,37,12,3615,'FRIDAY','TUTORIAL',NULL,10,NULL,10,28),(18,46,12,3616,'WEDNESDAY','LAB',NULL,10,NULL,54,37),(20,37,12,3617,'FRIDAY','TUTORIAL',NULL,9,NULL,11,28),(18,46,12,3618,'WEDNESDAY','LAB',NULL,9,NULL,55,37),(20,37,1,3619,'FRIDAY','LECTURE',NULL,NULL,NULL,12,28),(18,46,12,3620,'WEDNESDAY','LAB',NULL,12,NULL,56,37),(20,37,1,3621,'FRIDAY','LECTURE',NULL,NULL,NULL,16,28),(18,46,12,3622,'WEDNESDAY','LAB',NULL,11,NULL,57,37),(20,37,1,3623,'FRIDAY','LECTURE',NULL,NULL,NULL,17,28),(18,46,12,3624,'WEDNESDAY','LAB',NULL,10,NULL,58,37),(20,37,1,3625,'MONDAY','TUTORIAL',NULL,16,NULL,22,28),(18,46,12,3626,'WEDNESDAY','LAB',NULL,9,NULL,59,37),(18,46,12,3627,'WEDNESDAY','LAB',NULL,12,NULL,60,37),(18,46,12,3628,'WEDNESDAY','LAB',NULL,11,NULL,61,37),(18,46,12,3629,'WEDNESDAY','LAB',NULL,10,NULL,62,37),(18,46,12,3630,'WEDNESDAY','LAB',NULL,9,NULL,63,37),(18,46,12,3631,'THURSDAY','LAB',NULL,12,NULL,67,37),(18,46,12,3632,'THURSDAY','LAB',NULL,11,NULL,68,37),(18,46,12,3633,'THURSDAY','LAB',NULL,10,NULL,69,37),(18,46,12,3634,'THURSDAY','LAB',NULL,9,NULL,70,37),(18,46,12,3635,'THURSDAY','LAB',NULL,12,NULL,71,37),(18,46,12,3636,'THURSDAY','LAB',NULL,11,NULL,72,37),(18,46,12,3637,'THURSDAY','LAB',NULL,10,NULL,73,37),(18,46,12,3638,'THURSDAY','LAB',NULL,9,NULL,74,37),(18,46,12,3639,'THURSDAY','LAB',NULL,12,NULL,75,37),(18,46,12,3640,'THURSDAY','LAB',NULL,11,NULL,76,37),(18,46,12,3641,'THURSDAY','LAB',NULL,10,NULL,77,37),(18,46,12,3642,'THURSDAY','LAB',NULL,9,NULL,78,37),(19,46,1,3643,'FRIDAY','LAB',NULL,16,NULL,1,37),(19,46,1,3644,'FRIDAY','LAB',NULL,15,NULL,2,37),(19,46,1,3645,'FRIDAY','LAB',NULL,14,NULL,5,37),(19,46,1,3646,'FRIDAY','LAB',NULL,13,NULL,6,37),(19,46,1,3647,'FRIDAY','LAB',NULL,16,NULL,7,37),(19,46,1,3648,'FRIDAY','LAB',NULL,15,NULL,8,37),(19,46,1,3649,'FRIDAY','LAB',NULL,14,NULL,9,37),(19,46,1,3650,'FRIDAY','LAB',NULL,13,NULL,10,37),(19,46,1,3651,'FRIDAY','LAB',NULL,16,NULL,11,37),(19,46,1,3652,'FRIDAY','LAB',NULL,15,NULL,12,37),(19,46,1,3653,'FRIDAY','LAB',NULL,14,NULL,16,37),(19,46,1,3654,'FRIDAY','LAB',NULL,13,NULL,17,37),(19,46,1,3655,'MONDAY','LAB',NULL,16,NULL,22,37),(19,46,1,3656,'MONDAY','LAB',NULL,15,NULL,23,37),(19,46,1,3657,'MONDAY','LAB',NULL,14,NULL,24,37),(19,46,1,3658,'MONDAY','LAB',NULL,13,NULL,25,37),(19,46,1,3659,'MONDAY','LAB',NULL,16,NULL,26,37),(19,46,1,3660,'MONDAY','LAB',NULL,15,NULL,27,37),(19,46,1,3661,'MONDAY','LAB',NULL,14,NULL,28,37),(19,46,1,3662,'MONDAY','LAB',NULL,13,NULL,29,37),(19,46,1,3663,'MONDAY','LAB',NULL,16,NULL,30,37),(19,46,1,3664,'MONDAY','LAB',NULL,15,NULL,31,37),(19,46,1,3665,'MONDAY','LAB',NULL,14,NULL,32,37),(19,46,1,3666,'MONDAY','LAB',NULL,13,NULL,33,37),(19,46,1,3667,'TUESDAY','LAB',NULL,16,NULL,37,37),(19,46,1,3668,'TUESDAY','LAB',NULL,15,NULL,38,37),(19,46,1,3669,'TUESDAY','LAB',NULL,14,NULL,39,37),(19,46,1,3670,'TUESDAY','LAB',NULL,13,NULL,40,37),(19,46,1,3671,'TUESDAY','LAB',NULL,16,NULL,41,37),(19,46,1,3672,'TUESDAY','LAB',NULL,15,NULL,42,37),(19,46,1,3673,'TUESDAY','LAB',NULL,14,NULL,43,37),(19,46,1,3674,'TUESDAY','LAB',NULL,13,NULL,44,37),(19,46,1,3675,'TUESDAY','LAB',NULL,16,NULL,45,37),(19,46,1,3676,'TUESDAY','LAB',NULL,15,NULL,46,37),(19,46,1,3677,'TUESDAY','LAB',NULL,14,NULL,47,37),(19,46,1,3678,'TUESDAY','LAB',NULL,13,NULL,48,37),(19,46,1,3679,'WEDNESDAY','LAB',NULL,16,NULL,52,37),(19,46,1,3680,'WEDNESDAY','LAB',NULL,15,NULL,53,37),(19,46,1,3681,'WEDNESDAY','LAB',NULL,14,NULL,54,37),(19,46,1,3682,'WEDNESDAY','LAB',NULL,13,NULL,55,37),(19,46,2,3683,'WEDNESDAY','LAB',NULL,20,NULL,56,37),(19,46,2,3684,'WEDNESDAY','LAB',NULL,19,NULL,57,37),(19,46,2,3685,'WEDNESDAY','LAB',NULL,18,NULL,58,37),(19,46,2,3686,'WEDNESDAY','LAB',NULL,17,NULL,59,37),(19,46,2,3687,'WEDNESDAY','LAB',NULL,20,NULL,60,37),(19,46,2,3688,'WEDNESDAY','LAB',NULL,19,NULL,61,37),(19,46,2,3689,'WEDNESDAY','LAB',NULL,18,NULL,62,37),(19,46,2,3690,'WEDNESDAY','LAB',NULL,17,NULL,63,37),(19,46,2,3691,'THURSDAY','LAB',NULL,20,NULL,67,37),(19,46,2,3692,'THURSDAY','LAB',NULL,19,NULL,68,37),(19,46,2,3693,'THURSDAY','LAB',NULL,18,NULL,69,37),(19,46,2,3694,'THURSDAY','LAB',NULL,17,NULL,70,37),(19,46,2,3695,'THURSDAY','LAB',NULL,20,NULL,71,37),(19,46,2,3696,'THURSDAY','LAB',NULL,19,NULL,72,37),(19,46,2,3697,'THURSDAY','LAB',NULL,18,NULL,73,37),(19,46,2,3698,'THURSDAY','LAB',NULL,17,NULL,74,37),(19,46,2,3699,'THURSDAY','LAB',NULL,20,NULL,75,37),(19,46,2,3700,'THURSDAY','LAB',NULL,19,NULL,76,37),(19,46,2,3701,'THURSDAY','LAB',NULL,18,NULL,77,37),(19,46,2,3702,'THURSDAY','LAB',NULL,17,NULL,78,37),(20,46,2,3703,'FRIDAY','LAB',NULL,20,NULL,1,37),(20,46,2,3704,'FRIDAY','LAB',NULL,19,NULL,2,37),(20,46,2,3705,'FRIDAY','LAB',NULL,18,NULL,5,37),(20,46,2,3706,'FRIDAY','LAB',NULL,17,NULL,6,37),(20,46,2,3707,'FRIDAY','LAB',NULL,20,NULL,7,37),(20,46,2,3708,'FRIDAY','LAB',NULL,19,NULL,8,37),(20,46,2,3709,'FRIDAY','LAB',NULL,18,NULL,9,37),(20,46,2,3710,'FRIDAY','LAB',NULL,17,NULL,10,37),(20,46,2,3711,'FRIDAY','LAB',NULL,20,NULL,11,37),(20,46,2,3712,'FRIDAY','LAB',NULL,19,NULL,12,37),(20,46,2,3713,'FRIDAY','LAB',NULL,18,NULL,16,37),(20,46,2,3714,'FRIDAY','LAB',NULL,17,NULL,17,37),(20,46,2,3715,'MONDAY','LAB',NULL,20,NULL,22,37),(20,46,2,3716,'MONDAY','LAB',NULL,19,NULL,23,37),(20,46,2,3717,'MONDAY','LAB',NULL,18,NULL,24,37),(20,46,2,3718,'MONDAY','LAB',NULL,17,NULL,25,37),(20,46,2,3719,'MONDAY','LAB',NULL,20,NULL,26,37),(20,46,2,3720,'MONDAY','LAB',NULL,19,NULL,27,37),(20,46,2,3721,'MONDAY','LAB',NULL,18,NULL,28,37),(20,46,2,3722,'MONDAY','LAB',NULL,17,NULL,29,37),(20,46,3,3723,'MONDAY','LAB',NULL,24,NULL,30,37),(20,46,3,3724,'MONDAY','LAB',NULL,23,NULL,31,37),(20,46,3,3725,'MONDAY','LAB',NULL,22,NULL,32,37),(20,46,3,3726,'MONDAY','LAB',NULL,21,NULL,33,37),(20,46,3,3727,'TUESDAY','LAB',NULL,24,NULL,37,37),(20,46,3,3728,'TUESDAY','LAB',NULL,23,NULL,38,37),(20,46,3,3729,'TUESDAY','LAB',NULL,22,NULL,39,37),(20,46,3,3730,'TUESDAY','LAB',NULL,21,NULL,40,37),(20,46,3,3731,'TUESDAY','LAB',NULL,24,NULL,41,37),(20,46,3,3732,'TUESDAY','LAB',NULL,23,NULL,42,37),(20,46,3,3733,'TUESDAY','LAB',NULL,22,NULL,43,37),(20,46,3,3734,'TUESDAY','LAB',NULL,21,NULL,44,37),(20,46,3,3735,'TUESDAY','LAB',NULL,24,NULL,45,37),(20,46,3,3736,'TUESDAY','LAB',NULL,23,NULL,46,37),(20,46,3,3737,'TUESDAY','LAB',NULL,22,NULL,47,37),(20,46,3,3738,'TUESDAY','LAB',NULL,21,NULL,48,37),(20,46,3,3739,'WEDNESDAY','LAB',NULL,24,NULL,52,37),(20,46,3,3740,'WEDNESDAY','LAB',NULL,23,NULL,53,37),(20,46,3,3741,'WEDNESDAY','LAB',NULL,22,NULL,54,37),(20,46,3,3742,'WEDNESDAY','LAB',NULL,21,NULL,55,37),(20,46,3,3743,'WEDNESDAY','LAB',NULL,24,NULL,56,37),(20,46,3,3744,'WEDNESDAY','LAB',NULL,23,NULL,57,37),(20,46,3,3745,'WEDNESDAY','LAB',NULL,22,NULL,58,37),(20,46,3,3746,'WEDNESDAY','LAB',NULL,21,NULL,59,37),(20,46,3,3747,'WEDNESDAY','LAB',NULL,24,NULL,60,37),(20,46,3,3748,'WEDNESDAY','LAB',NULL,23,NULL,61,37),(20,46,3,3749,'WEDNESDAY','LAB',NULL,22,NULL,62,37),(20,46,3,3750,'WEDNESDAY','LAB',NULL,21,NULL,63,37),(20,46,3,3751,'THURSDAY','LAB',NULL,24,NULL,67,37),(20,46,3,3752,'THURSDAY','LAB',NULL,23,NULL,68,37),(20,46,3,3753,'THURSDAY','LAB',NULL,22,NULL,69,37),(20,46,3,3754,'THURSDAY','LAB',NULL,21,NULL,70,37),(20,46,3,3755,'THURSDAY','LAB',NULL,24,NULL,71,37),(20,46,3,3756,'THURSDAY','LAB',NULL,23,NULL,72,37),(20,46,3,3757,'THURSDAY','LAB',NULL,22,NULL,73,37);
/*!40000 ALTER TABLE `scheduled_classes` ENABLE KEYS */;
UNLOCK TABLES;

--
-- Table structure for table `semester_divisions`
--

DROP TABLE IF EXISTS `semester_divisions`;
/*!40101 SET @saved_cs_client     = @@character_set_client */;
/*!50503 SET character_set_client = utf8mb4 */;
CREATE TABLE `semester_divisions` (
  `division_id` bigint NOT NULL,
  `id` bigint NOT NULL AUTO_INCREMENT,
  `semester_id` bigint NOT NULL,
  `batch_name` varchar(255) DEFAULT NULL,
  `batch_number` int DEFAULT NULL,
  `size` int DEFAULT NULL,
  PRIMARY KEY (`id`),
  KEY `FKjdtm0ck0m7ydnl04480phgq0q` (`division_id`),
  KEY `FKdrcjlleq160xvmxdpq9dpd7sy` (`semester_id`),
  CONSTRAINT `FKdrcjlleq160xvmxdpq9dpd7sy` FOREIGN KEY (`semester_id`) REFERENCES `semesters` (`id`),
  CONSTRAINT `FKjdtm0ck0m7ydnl04480phgq0q` FOREIGN KEY (`division_id`) REFERENCES `divisions` (`id`)
) ENGINE=InnoDB AUTO_INCREMENT=25 DEFAULT CHARSET=utf8mb4 COLLATE=utf8mb4_0900_ai_ci;
/*!40101 SET character_set_client = @saved_cs_client */;

--
-- Dumping data for table `semester_divisions`
--

LOCK TABLES `semester_divisions` WRITE;
/*!40000 ALTER TABLE `semester_divisions` DISABLE KEYS */;
INSERT INTO `semester_divisions` VALUES (1,1,1,NULL,NULL,NULL),(2,2,1,NULL,NULL,NULL),(3,3,1,NULL,NULL,NULL),(1,4,2,NULL,NULL,NULL),(2,5,2,NULL,NULL,NULL),(3,6,2,NULL,NULL,NULL),(4,7,3,NULL,NULL,NULL),(5,8,3,NULL,NULL,NULL),(6,9,3,NULL,NULL,NULL),(4,10,4,NULL,NULL,NULL),(5,11,4,NULL,NULL,NULL),(6,12,4,NULL,NULL,NULL),(7,13,5,NULL,NULL,NULL),(8,14,5,NULL,NULL,NULL),(9,15,5,NULL,NULL,NULL),(7,16,6,NULL,NULL,NULL),(8,17,6,NULL,NULL,NULL),(9,18,6,NULL,NULL,NULL),(10,19,7,NULL,NULL,NULL),(11,20,7,NULL,NULL,NULL),(12,21,7,NULL,NULL,NULL),(10,22,8,NULL,NULL,NULL),(11,23,8,NULL,NULL,NULL),(12,24,8,NULL,NULL,NULL);
/*!40000 ALTER TABLE `semester_divisions` ENABLE KEYS */;
UNLOCK TABLES;

--
-- Table structure for table `semesters`
--

DROP TABLE IF EXISTS `semesters`;
/*!40101 SET @saved_cs_client     = @@character_set_client */;
/*!50503 SET character_set_client = utf8mb4 */;
CREATE TABLE `semesters` (
  `semester_number` int NOT NULL,
  `id` bigint NOT NULL AUTO_INCREMENT,
  `year_id` bigint NOT NULL,
  `name` varchar(255) NOT NULL,
  PRIMARY KEY (`id`),
  KEY `FKftahtaqx0bd38io1vbk4d9y87` (`year_id`),
  CONSTRAINT `FKftahtaqx0bd38io1vbk4d9y87` FOREIGN KEY (`year_id`) REFERENCES `years` (`id`)
) ENGINE=InnoDB AUTO_INCREMENT=9 DEFAULT CHARSET=utf8mb4 COLLATE=utf8mb4_0900_ai_ci;
/*!40101 SET character_set_client = @saved_cs_client */;

--
-- Dumping data for table `semesters`
--

LOCK TABLES `semesters` WRITE;
/*!40000 ALTER TABLE `semesters` DISABLE KEYS */;
INSERT INTO `semesters` VALUES (1,1,1,''),(2,2,1,''),(3,3,2,''),(4,4,2,''),(5,5,3,''),(6,6,3,''),(7,7,4,''),(8,8,4,'');
/*!40000 ALTER TABLE `semesters` ENABLE KEYS */;
UNLOCK TABLES;

--
-- Table structure for table `subjects`
--

DROP TABLE IF EXISTS `subjects`;
/*!40101 SET @saved_cs_client     = @@character_set_client */;
/*!50503 SET character_set_client = utf8mb4 */;
CREATE TABLE `subjects` (
  `priority` int NOT NULL,
  `id` bigint NOT NULL AUTO_INCREMENT,
  `code` varchar(255) NOT NULL,
  `name` varchar(255) DEFAULT NULL,
  `category` enum('OPEN_ELECTIVE','PROGRAM_ELECTIVE','REGULAR') DEFAULT NULL,
  `semester_id` bigint NOT NULL,
  `subject_type` enum('LAB','THEORY','TUTORIAL') DEFAULT NULL,
  PRIMARY KEY (`id`),
  UNIQUE KEY `UKrg7x1lyii7kdyycw98d45vep5` (`code`),
  KEY `FK3hrxtqye5kwc2fx3q9ekjrqxm` (`semester_id`),
  CONSTRAINT `FK3hrxtqye5kwc2fx3q9ekjrqxm` FOREIGN KEY (`semester_id`) REFERENCES `semesters` (`id`)
) ENGINE=InnoDB AUTO_INCREMENT=39 DEFAULT CHARSET=utf8mb4 COLLATE=utf8mb4_0900_ai_ci;
/*!40101 SET character_set_client = @saved_cs_client */;

--
-- Dumping data for table `subjects`
--

LOCK TABLES `subjects` WRITE;
/*!40000 ALTER TABLE `subjects` DISABLE KEYS */;
INSERT INTO `subjects` VALUES (1,10,'20BS01','Linear Algebra and Univariate Calculus','REGULAR',1,'THEORY'),(2,11,'20BS04','Physics','REGULAR',1,'THEORY'),(3,12,'20ES02','Fundamentals of Programming Language-I','REGULAR',1,'THEORY'),(4,13,'20ES03','Sustainable Engineering','REGULAR',1,'THEORY'),(5,14,'20ES04','Engineering Graphics','REGULAR',1,'THEORY'),(6,15,'20BS04L','Physics Lab','REGULAR',1,'LAB'),(7,16,'20ES02L','Fundamentals of Programming Language-I Lab','REGULAR',1,'LAB'),(8,17,'20ES04L','Engineering Graphics Lab','REGULAR',1,'LAB'),(9,18,'20ES07L','Technical Skill Development Lab','REGULAR',1,'LAB'),(1,19,'20BSEC301','Calculus and Probability','REGULAR',3,'THEORY'),(2,20,'20EC301','Electronic Circuits and Applications','REGULAR',3,'THEORY'),(3,21,'20EC302','Signals and Systems','REGULAR',3,'THEORY'),(4,22,'20EC303','Data Structures and Algorithms','REGULAR',3,'THEORY'),(5,23,'20HS301','Universal Human Values-II','REGULAR',3,'THEORY'),(6,24,'20EC301L','Electronic Circuits and Applications Lab','REGULAR',3,'LAB'),(7,25,'20EC303L','Data Structures and Algorithms Lab','REGULAR',3,'LAB'),(1,26,'20EC501','Digital Signal Processing','REGULAR',5,'THEORY'),(2,27,'20EC502','VLSI Design','REGULAR',5,'THEORY'),(3,28,'20EC503','Advanced Processors','REGULAR',5,'THEORY'),(4,29,'20PEEC501','Programme Elective-I','REGULAR',5,'THEORY'),(5,30,'20PEEC502','Programme Elective-II','REGULAR',5,'THEORY'),(6,31,'20OEHS501','Open Elective I','REGULAR',5,'THEORY'),(7,32,'20EC501L','Digital Signal Processing Lab','REGULAR',5,'LAB'),(8,33,'20EC502L','VLSI Design Lab','REGULAR',5,'LAB'),(9,34,'20EC503L','Advanced Processors Lab','REGULAR',5,'LAB'),(10,35,'20EC504L','Mini Project','REGULAR',5,'LAB'),(11,36,'20PEEC501L','Programme Elective Lab-I','REGULAR',5,'LAB'),(1,37,'20EC701','Internship / Project','REGULAR',7,'LAB'),(2,38,'20HS701','Economics and Personal Finance (Online)','REGULAR',7,'THEORY');
/*!40000 ALTER TABLE `subjects` ENABLE KEYS */;
UNLOCK TABLES;

--
-- Table structure for table `substitutions`
--

DROP TABLE IF EXISTS `substitutions`;
/*!40101 SET @saved_cs_client     = @@character_set_client */;
/*!50503 SET character_set_client = utf8mb4 */;
CREATE TABLE `substitutions` (
  `id` bigint NOT NULL AUTO_INCREMENT,
  `substitution_date` date NOT NULL,
  `original_teacher_id` bigint NOT NULL,
  `scheduled_class_id` bigint NOT NULL,
  `substitute_teacher_id` bigint NOT NULL,
  PRIMARY KEY (`id`),
  UNIQUE KEY `uq_substitution` (`scheduled_class_id`,`substitution_date`),
  KEY `idx_substitution_sub_teacher` (`substitute_teacher_id`),
  KEY `idx_substitution_orig_teacher` (`original_teacher_id`),
  CONSTRAINT `fk_sub_original_teacher` FOREIGN KEY (`original_teacher_id`) REFERENCES `teachers` (`id`),
  CONSTRAINT `fk_sub_scheduled` FOREIGN KEY (`scheduled_class_id`) REFERENCES `scheduled_classes` (`id`),
  CONSTRAINT `fk_sub_substitute_teacher` FOREIGN KEY (`substitute_teacher_id`) REFERENCES `teachers` (`id`)
) ENGINE=InnoDB DEFAULT CHARSET=utf8mb4 COLLATE=utf8mb4_0900_ai_ci;
/*!40101 SET character_set_client = @saved_cs_client */;

--
-- Dumping data for table `substitutions`
--

LOCK TABLES `substitutions` WRITE;
/*!40000 ALTER TABLE `substitutions` DISABLE KEYS */;
/*!40000 ALTER TABLE `substitutions` ENABLE KEYS */;
UNLOCK TABLES;

--
-- Table structure for table `teacher_subject_allocations`
--

DROP TABLE IF EXISTS `teacher_subject_allocations`;
/*!40101 SET @saved_cs_client     = @@character_set_client */;
/*!50503 SET character_set_client = utf8mb4 */;
CREATE TABLE `teacher_subject_allocations` (
  `id` bigint NOT NULL AUTO_INCREMENT,
  `subject_id` bigint NOT NULL,
  `teacher_id` bigint NOT NULL,
  `priority` int NOT NULL,
  PRIMARY KEY (`id`),
  KEY `FKc4q7ox18armup16y0060qsvbv` (`subject_id`),
  KEY `FK1hg67m1wewmdieq3yr7a2d3w` (`teacher_id`),
  CONSTRAINT `FK1hg67m1wewmdieq3yr7a2d3w` FOREIGN KEY (`teacher_id`) REFERENCES `teachers` (`id`),
  CONSTRAINT `FKc4q7ox18armup16y0060qsvbv` FOREIGN KEY (`subject_id`) REFERENCES `subjects` (`id`)
) ENGINE=InnoDB AUTO_INCREMENT=113 DEFAULT CHARSET=utf8mb4 COLLATE=utf8mb4_0900_ai_ci;
/*!40101 SET character_set_client = @saved_cs_client */;

--
-- Dumping data for table `teacher_subject_allocations`
--

LOCK TABLES `teacher_subject_allocations` WRITE;
/*!40000 ALTER TABLE `teacher_subject_allocations` DISABLE KEYS */;
INSERT INTO `teacher_subject_allocations` VALUES (1,10,17,1),(2,10,13,2),(3,10,34,3),(4,10,3,4),(5,11,2,1),(6,11,4,2),(7,11,10,3),(8,11,22,4),(9,13,34,1),(10,13,37,2),(11,13,22,3),(12,13,20,4),(13,14,15,1),(14,14,16,2),(15,14,32,3),(16,14,5,4),(17,15,2,1),(18,15,4,2),(19,15,10,3),(20,15,22,4),(21,16,17,1),(22,16,13,2),(23,16,33,3),(24,16,34,4),(25,17,15,1),(26,17,16,2),(27,17,32,3),(28,17,5,4),(29,18,13,1),(30,18,33,2),(31,18,34,3),(32,18,37,4),(33,19,17,1),(34,19,13,2),(35,19,34,3),(36,19,3,4),(37,20,16,1),(38,20,5,2),(39,20,32,3),(40,20,15,4),(41,21,2,1),(42,21,3,2),(43,21,4,3),(44,21,22,4),(45,22,17,1),(46,22,13,2),(47,22,33,3),(48,22,34,4),(49,23,34,1),(50,23,37,2),(51,23,22,3),(52,23,20,4),(53,24,16,1),(54,24,5,2),(55,24,32,3),(56,24,15,4),(57,25,17,1),(58,25,13,2),(59,25,33,3),(60,25,34,4),(61,26,2,1),(62,26,4,2),(63,26,3,3),(64,26,9,4),(65,27,5,1),(66,27,32,2),(67,27,14,3),(68,27,15,4),(69,28,32,1),(70,28,15,2),(71,28,16,3),(72,28,20,4),(73,29,13,1),(74,29,3,2),(75,29,4,3),(76,29,37,4),(77,30,20,1),(78,30,13,2),(79,30,34,3),(80,30,33,4),(81,31,3,1),(82,31,22,2),(83,31,4,3),(84,31,9,4),(85,32,2,1),(86,32,4,2),(87,32,3,3),(88,32,9,4),(89,33,5,1),(90,33,32,2),(91,33,14,3),(92,33,15,4),(93,34,32,1),(94,34,15,2),(95,34,16,3),(96,34,20,4),(97,35,13,1),(98,35,34,2),(99,35,33,3),(100,35,37,4),(101,36,20,1),(102,36,13,2),(103,36,3,3),(104,36,34,4),(105,37,13,1),(106,37,20,2),(107,37,33,3),(108,37,37,4),(109,38,37,1),(110,38,34,2),(111,38,22,3),(112,38,20,4);
/*!40000 ALTER TABLE `teacher_subject_allocations` ENABLE KEYS */;
UNLOCK TABLES;

--
-- Table structure for table `teacher_unavailability`
--

DROP TABLE IF EXISTS `teacher_unavailability`;
/*!40101 SET @saved_cs_client     = @@character_set_client */;
/*!50503 SET character_set_client = utf8mb4 */;
CREATE TABLE `teacher_unavailability` (
  `teacher_id` bigint NOT NULL,
  `timeslot_id` bigint DEFAULT NULL,
  KEY `FK9vncm59659iwn5nd4pophkmw7` (`teacher_id`),
  CONSTRAINT `FK9vncm59659iwn5nd4pophkmw7` FOREIGN KEY (`teacher_id`) REFERENCES `teachers` (`id`)
) ENGINE=InnoDB DEFAULT CHARSET=utf8mb4 COLLATE=utf8mb4_0900_ai_ci;
/*!40101 SET character_set_client = @saved_cs_client */;

--
-- Dumping data for table `teacher_unavailability`
--

LOCK TABLES `teacher_unavailability` WRITE;
/*!40000 ALTER TABLE `teacher_unavailability` DISABLE KEYS */;
/*!40000 ALTER TABLE `teacher_unavailability` ENABLE KEYS */;
UNLOCK TABLES;

--
-- Table structure for table `teacher_unavailable_timeslots`
--

DROP TABLE IF EXISTS `teacher_unavailable_timeslots`;
/*!40101 SET @saved_cs_client     = @@character_set_client */;
/*!50503 SET character_set_client = utf8mb4 */;
CREATE TABLE `teacher_unavailable_timeslots` (
  `id` bigint NOT NULL AUTO_INCREMENT,
  `teacher_id` bigint DEFAULT NULL,
  `timeslot_id` bigint DEFAULT NULL,
  PRIMARY KEY (`id`),
  KEY `FK2ftugbor99aa8t7udhsjwb3v7` (`teacher_id`),
  KEY `FK2jttvuvka3mhcdl5vvk5xh7ve` (`timeslot_id`),
  CONSTRAINT `FK2ftugbor99aa8t7udhsjwb3v7` FOREIGN KEY (`teacher_id`) REFERENCES `teachers` (`id`),
  CONSTRAINT `FK2jttvuvka3mhcdl5vvk5xh7ve` FOREIGN KEY (`timeslot_id`) REFERENCES `timeslots` (`id`)
) ENGINE=InnoDB DEFAULT CHARSET=utf8mb4 COLLATE=utf8mb4_0900_ai_ci;
/*!40101 SET character_set_client = @saved_cs_client */;

--
-- Dumping data for table `teacher_unavailable_timeslots`
--

LOCK TABLES `teacher_unavailable_timeslots` WRITE;
/*!40000 ALTER TABLE `teacher_unavailable_timeslots` DISABLE KEYS */;
/*!40000 ALTER TABLE `teacher_unavailable_timeslots` ENABLE KEYS */;
UNLOCK TABLES;

--
-- Table structure for table `teachers`
--

DROP TABLE IF EXISTS `teachers`;
/*!40101 SET @saved_cs_client     = @@character_set_client */;
/*!50503 SET character_set_client = utf8mb4 */;
CREATE TABLE `teachers` (
  `department_id` bigint DEFAULT NULL,
  `id` bigint NOT NULL AUTO_INCREMENT,
  `email` varchar(255) DEFAULT NULL,
  `employee_id` varchar(255) DEFAULT NULL,
  `name` varchar(255) NOT NULL,
  PRIMARY KEY (`id`),
  UNIQUE KEY `UK4l9jjfvsct1dd5aufnurxcvbs` (`email`),
  UNIQUE KEY `UK8xdh0jsitskwq83arwxvyihhc` (`employee_id`),
  KEY `FKrgr03njnvpwuktc0mntf8t6o0` (`department_id`),
  CONSTRAINT `FK3b1l0bcmsa0v0m14g06ma6ecc` FOREIGN KEY (`department_id`) REFERENCES `department` (`id`),
  CONSTRAINT `FKrgr03njnvpwuktc0mntf8t6o0` FOREIGN KEY (`department_id`) REFERENCES `departments` (`id`)
) ENGINE=InnoDB AUTO_INCREMENT=39 DEFAULT CHARSET=utf8mb4 COLLATE=utf8mb4_0900_ai_ci;
/*!40101 SET character_set_client = @saved_cs_client */;

--
-- Dumping data for table `teachers`
--

LOCK TABLES `teachers` WRITE;
/*!40000 ALTER TABLE `teachers` DISABLE KEYS */;
INSERT INTO `teachers` VALUES (NULL,1,'madhuri.khambete@cumminscollege.in','EMP001','Dr. Madhuri B. Khambete'),(NULL,2,'sharada.ohatkar@cumminscollege.in','EMP002','Dr. Sharada N. Ohatkar'),(NULL,3,'prachi.mukherji@cumminscollege.in','EMP003','Dr. Prachi Mukherji'),(NULL,4,'sandeep.musale@cumminscollege.in','EMP004','Dr. Sandeep S. Musale'),(NULL,5,'seema.rajput@cumminscollege.in','EMP005','Dr. Seema Hemantkumar Rajput'),(NULL,6,'ashwini.deshpande@cumminscollege.in','EMP006','Dr. Mrs. Ashwini M. Deshpande'),(NULL,7,'nitin.palan@cumminscollege.in','EMP007','Dr. Palan Nitin G.'),(NULL,8,'megha.borse@cummincollege.in','EMP008','Dr. Mrs. Megha S. Borse'),(NULL,9,'bageshree.pathak@cumminscollege.in','EMP009','Dr. Bageshree V. Pathak'),(NULL,10,'ashok.khedkar@cumminscollege.in','EMP010','Dr. Ashok R. Khedkar'),(NULL,11,'shubhangi.chaudhary@cumminscollege.in','EMP011','Dr. Shubhangi R. Chaudhary'),(NULL,12,'shashikant.sahare@cummincollege.in','EMP012','Mr. Shashikant L. Sahare'),(NULL,13,'mrudul.dixit@cumminscollege.in','EMP013','Dr. Dixit Mrudul Anand'),(NULL,14,'pallavi1.kamble@cumminscollege.in','EMP014','Mrs. Pallavi S. Ghatkamble'),(NULL,15,'sharad.dube@cumminscollege.in','EMP015','Mr. Sharad G. Dube'),(NULL,16,'narendra.kulkarni@cummincollege.in','EMP016','Mr. Narendra D. Kulkarni'),(NULL,17,'sachin.paranjape@cummincollege.in','EMP017','Dr. Sachin Paranjape'),(NULL,18,'mahesh.pote@cumminscollege.in','EMP018','Dr. Mahesh K Pote'),(NULL,19,'manasi.pathade@cumminscollege.in','EMP019','Dr. Manasi V. Pathade'),(NULL,20,'ganesh.padalkar@cumminscollege.in','EMP020','Mr. Padalkar Ganesh Ravindra'),(NULL,21,'milind.patankar@cumminscollege.in','EMP021','Mr. Milind S. Patankar'),(NULL,22,'vidya.sisale@cumminscollege.in','EMP022','Mrs. Vidya Sisale'),(NULL,23,'sandhya.potadar@cumminscollege.in','EMP023','Mrs. S. A. Potadar'),(NULL,24,'sagar.vanarase@cumminscollege.in','EMP024','Mr. Sagar Sudhakar Vanarase'),(NULL,25,'kalpana.joshi@cumminscollege.in','EMP025','Dr. Kalpana Santosh Joshi'),(NULL,26,'rupali.pawar@cumminscollege.in','EMP026','Mrs. Rupali S Pawar'),(NULL,27,'prachi.waghmare@cumminscollege.in','EMP027','Mrs. Prachi Waghmare'),(NULL,28,'ratnaprabha.borhade@cumminscollege.in','EMP028','Dr. R.R. Borhade'),(NULL,29,'supriya.mangale@cumminscollege.in','EMP029','Dr. Supriya Anil Mangale'),(NULL,30,'Snehal.nichale@cumminscollege.in','EMP030','Mrs. Snehal Ghodake Nichale'),(NULL,31,'snehal.natekar@cumminscollege.in','EMP031','Ms. Snehal Natekar'),(NULL,32,'ravikant.suryawanshi@cumminscollege.in','EMP032','Mr. Ravikant Suryawanshi'),(NULL,33,'tejashree.pawar@cumminscollege.in','EMP033','Mrs. Tejashree Vijay Pawar'),(NULL,34,'Harshala.khedlekar@cumminscollege.in','EMP034','Mrs. Harshala Khedlekar'),(NULL,35,'gayatri.r.more@cumminscollege.in','EMP035','Ms. More Gayatri Rushi'),(NULL,36,'pooja.ingole@cumminscollege.in','EMP036','Mrs. Pooja Shahu Ingole'),(NULL,37,'Smriti.gupta@cumminscollege.in','EMP037','Mrs. Smriti Gupta'),(NULL,38,'ketki.behele@cumminscollege.in','EMP038','Ms. Ketaki Dattatray Behele');
/*!40000 ALTER TABLE `teachers` ENABLE KEYS */;
UNLOCK TABLES;

--
-- Table structure for table `timeslots`
--

DROP TABLE IF EXISTS `timeslots`;
/*!40101 SET @saved_cs_client     = @@character_set_client */;
/*!50503 SET character_set_client = utf8mb4 */;
CREATE TABLE `timeslots` (
  `end_time` time(6) NOT NULL,
  `is_break` bit(1) NOT NULL,
  `start_time` time(6) NOT NULL,
  `id` bigint NOT NULL AUTO_INCREMENT,
  `type` varchar(255) DEFAULT NULL,
  `slot_type` enum('LUNCH','REGULAR','SHORT_BREAK') DEFAULT NULL,
  `slot_number` int DEFAULT NULL,
  `day_of_week` enum('FRIDAY','MONDAY','SATURDAY','SUNDAY','THURSDAY','TUESDAY','WEDNESDAY') NOT NULL,
  PRIMARY KEY (`id`),
  UNIQUE KEY `uq_timeslots_day_start_end` (`day_of_week`,`start_time`,`end_time`)
) ENGINE=InnoDB AUTO_INCREMENT=82 DEFAULT CHARSET=utf8mb4 COLLATE=utf8mb4_0900_ai_ci;
/*!40101 SET character_set_client = @saved_cs_client */;

--
-- Dumping data for table `timeslots`
--

LOCK TABLES `timeslots` WRITE;
/*!40000 ALTER TABLE `timeslots` DISABLE KEYS */;
INSERT INTO `timeslots` VALUES ('09:00:00.000000',_binary '\0','08:00:00.000000',1,'REGULAR',NULL,1,'FRIDAY'),('10:00:00.000000',_binary '\0','09:00:00.000000',2,'REGULAR',NULL,2,'FRIDAY'),('12:15:00.000000',_binary '\0','11:15:00.000000',5,'REGULAR',NULL,7,'FRIDAY'),('13:15:00.000000',_binary '\0','12:15:00.000000',6,'LUNCH_CANDIDATE',NULL,8,'FRIDAY'),('14:15:00.000000',_binary '\0','13:15:00.000000',7,'LUNCH_CANDIDATE',NULL,9,'FRIDAY'),('15:15:00.000000',_binary '\0','14:15:00.000000',8,'REGULAR',NULL,10,'FRIDAY'),('16:15:00.000000',_binary '\0','15:15:00.000000',9,'REGULAR',NULL,11,'FRIDAY'),('17:15:00.000000',_binary '\0','16:15:00.000000',10,'REGULAR',NULL,12,'FRIDAY'),('10:15:00.000000',_binary '\0','10:00:00.000000',11,'SHORT_BREAK_CANDIDATE',NULL,3,'FRIDAY'),('11:15:00.000000',_binary '\0','11:00:00.000000',12,'SHORT_BREAK_CANDIDATE',NULL,6,'FRIDAY'),('11:00:00.000000',_binary '\0','10:15:00.000000',16,'REGULAR',NULL,4,'FRIDAY'),('11:15:00.000000',_binary '\0','10:15:00.000000',17,'REGULAR',NULL,5,'FRIDAY'),('09:00:00.000000',_binary '\0','08:00:00.000000',22,'REGULAR',NULL,1,'MONDAY'),('10:00:00.000000',_binary '\0','09:00:00.000000',23,'REGULAR',NULL,2,'MONDAY'),('12:15:00.000000',_binary '\0','11:15:00.000000',24,'REGULAR',NULL,7,'MONDAY'),('13:15:00.000000',_binary '\0','12:15:00.000000',25,'LUNCH_CANDIDATE',NULL,8,'MONDAY'),('14:15:00.000000',_binary '\0','13:15:00.000000',26,'LUNCH_CANDIDATE',NULL,9,'MONDAY'),('15:15:00.000000',_binary '\0','14:15:00.000000',27,'REGULAR',NULL,10,'MONDAY'),('16:15:00.000000',_binary '\0','15:15:00.000000',28,'REGULAR',NULL,11,'MONDAY'),('17:15:00.000000',_binary '\0','16:15:00.000000',29,'REGULAR',NULL,12,'MONDAY'),('10:15:00.000000',_binary '\0','10:00:00.000000',30,'SHORT_BREAK_CANDIDATE',NULL,3,'MONDAY'),('11:15:00.000000',_binary '\0','11:00:00.000000',31,'SHORT_BREAK_CANDIDATE',NULL,6,'MONDAY'),('11:00:00.000000',_binary '\0','10:15:00.000000',32,'REGULAR',NULL,4,'MONDAY'),('11:15:00.000000',_binary '\0','10:15:00.000000',33,'REGULAR',NULL,5,'MONDAY'),('09:00:00.000000',_binary '\0','08:00:00.000000',37,'REGULAR',NULL,1,'TUESDAY'),('10:00:00.000000',_binary '\0','09:00:00.000000',38,'REGULAR',NULL,2,'TUESDAY'),('10:15:00.000000',_binary '\0','10:00:00.000000',39,'SHORT_BREAK_CANDIDATE',NULL,3,'TUESDAY'),('11:00:00.000000',_binary '\0','10:15:00.000000',40,'REGULAR',NULL,4,'TUESDAY'),('11:15:00.000000',_binary '\0','10:15:00.000000',41,'REGULAR',NULL,5,'TUESDAY'),('11:15:00.000000',_binary '\0','11:00:00.000000',42,'SHORT_BREAK_CANDIDATE',NULL,6,'TUESDAY'),('12:15:00.000000',_binary '\0','11:15:00.000000',43,'REGULAR',NULL,7,'TUESDAY'),('13:15:00.000000',_binary '\0','12:15:00.000000',44,'LUNCH_CANDIDATE',NULL,8,'TUESDAY'),('14:15:00.000000',_binary '\0','13:15:00.000000',45,'LUNCH_CANDIDATE',NULL,9,'TUESDAY'),('15:15:00.000000',_binary '\0','14:15:00.000000',46,'REGULAR',NULL,10,'TUESDAY'),('16:15:00.000000',_binary '\0','15:15:00.000000',47,'REGULAR',NULL,11,'TUESDAY'),('17:15:00.000000',_binary '\0','16:15:00.000000',48,'REGULAR',NULL,12,'TUESDAY'),('09:00:00.000000',_binary '\0','08:00:00.000000',52,'REGULAR',NULL,1,'WEDNESDAY'),('10:00:00.000000',_binary '\0','09:00:00.000000',53,'REGULAR',NULL,2,'WEDNESDAY'),('10:15:00.000000',_binary '\0','10:00:00.000000',54,'SHORT_BREAK_CANDIDATE',NULL,3,'WEDNESDAY'),('11:00:00.000000',_binary '\0','10:15:00.000000',55,'REGULAR',NULL,4,'WEDNESDAY'),('11:15:00.000000',_binary '\0','10:15:00.000000',56,'REGULAR',NULL,5,'WEDNESDAY'),('11:15:00.000000',_binary '\0','11:00:00.000000',57,'SHORT_BREAK_CANDIDATE',NULL,6,'WEDNESDAY'),('12:15:00.000000',_binary '\0','11:15:00.000000',58,'REGULAR',NULL,7,'WEDNESDAY'),('13:15:00.000000',_binary '\0','12:15:00.000000',59,'LUNCH_CANDIDATE',NULL,8,'WEDNESDAY'),('14:15:00.000000',_binary '\0','13:15:00.000000',60,'LUNCH_CANDIDATE',NULL,9,'WEDNESDAY'),('15:15:00.000000',_binary '\0','14:15:00.000000',61,'REGULAR',NULL,10,'WEDNESDAY'),('16:15:00.000000',_binary '\0','15:15:00.000000',62,'REGULAR',NULL,11,'WEDNESDAY'),('17:15:00.000000',_binary '\0','16:15:00.000000',63,'REGULAR',NULL,12,'WEDNESDAY'),('09:00:00.000000',_binary '\0','08:00:00.000000',67,'REGULAR',NULL,1,'THURSDAY'),('10:00:00.000000',_binary '\0','09:00:00.000000',68,'REGULAR',NULL,2,'THURSDAY'),('10:15:00.000000',_binary '\0','10:00:00.000000',69,'SHORT_BREAK_CANDIDATE',NULL,3,'THURSDAY'),('11:00:00.000000',_binary '\0','10:15:00.000000',70,'REGULAR',NULL,4,'THURSDAY'),('11:15:00.000000',_binary '\0','10:15:00.000000',71,'REGULAR',NULL,5,'THURSDAY'),('11:15:00.000000',_binary '\0','11:00:00.000000',72,'SHORT_BREAK_CANDIDATE',NULL,6,'THURSDAY'),('12:15:00.000000',_binary '\0','11:15:00.000000',73,'REGULAR',NULL,7,'THURSDAY'),('13:15:00.000000',_binary '\0','12:15:00.000000',74,'LUNCH_CANDIDATE',NULL,8,'THURSDAY'),('14:15:00.000000',_binary '\0','13:15:00.000000',75,'LUNCH_CANDIDATE',NULL,9,'THURSDAY'),('15:15:00.000000',_binary '\0','14:15:00.000000',76,'REGULAR',NULL,10,'THURSDAY'),('16:15:00.000000',_binary '\0','15:15:00.000000',77,'REGULAR',NULL,11,'THURSDAY'),('17:15:00.000000',_binary '\0','16:15:00.000000',78,'REGULAR',NULL,12,'THURSDAY');
/*!40000 ALTER TABLE `timeslots` ENABLE KEYS */;
UNLOCK TABLES;

--
-- Table structure for table `timetables`
--

DROP TABLE IF EXISTS `timetables`;
/*!40101 SET @saved_cs_client     = @@character_set_client */;
/*!50503 SET character_set_client = utf8mb4 */;
CREATE TABLE `timetables` (
  `id` bigint NOT NULL AUTO_INCREMENT,
  `created_at` datetime(6) DEFAULT NULL,
  `is_valid` bit(1) NOT NULL,
  `name` varchar(255) NOT NULL,
  `published_at` datetime(6) DEFAULT NULL,
  `status` enum('ARCHIVED','DRAFT','PUBLISHED') NOT NULL,
  PRIMARY KEY (`id`)
) ENGINE=InnoDB DEFAULT CHARSET=utf8mb4 COLLATE=utf8mb4_0900_ai_ci;
/*!40101 SET character_set_client = @saved_cs_client */;

--
-- Dumping data for table `timetables`
--

LOCK TABLES `timetables` WRITE;
/*!40000 ALTER TABLE `timetables` DISABLE KEYS */;
/*!40000 ALTER TABLE `timetables` ENABLE KEYS */;
UNLOCK TABLES;

--
-- Table structure for table `years`
--

DROP TABLE IF EXISTS `years`;
/*!40101 SET @saved_cs_client     = @@character_set_client */;
/*!50503 SET character_set_client = utf8mb4 */;
CREATE TABLE `years` (
  `id` bigint NOT NULL AUTO_INCREMENT,
  `year_name` varchar(255) NOT NULL,
  `year_id` bigint DEFAULT NULL,
  PRIMARY KEY (`id`),
  UNIQUE KEY `UKa177ffw7lydg566hy7kecd31n` (`year_name`),
  KEY `FK400nns2dsxw8932ve3pp39104` (`year_id`),
  CONSTRAINT `FK400nns2dsxw8932ve3pp39104` FOREIGN KEY (`year_id`) REFERENCES `years` (`id`)
) ENGINE=InnoDB AUTO_INCREMENT=5 DEFAULT CHARSET=utf8mb4 COLLATE=utf8mb4_0900_ai_ci;
/*!40101 SET character_set_client = @saved_cs_client */;

--
-- Dumping data for table `years`
--

LOCK TABLES `years` WRITE;
/*!40000 ALTER TABLE `years` DISABLE KEYS */;
INSERT INTO `years` VALUES (1,'First Year',NULL),(2,'Second Year',NULL),(3,'Third Year',NULL),(4,'Final Year',NULL);
/*!40000 ALTER TABLE `years` ENABLE KEYS */;
UNLOCK TABLES;
/*!40103 SET TIME_ZONE=@OLD_TIME_ZONE */;

/*!40101 SET SQL_MODE=@OLD_SQL_MODE */;
/*!40014 SET FOREIGN_KEY_CHECKS=@OLD_FOREIGN_KEY_CHECKS */;
/*!40014 SET UNIQUE_CHECKS=@OLD_UNIQUE_CHECKS */;
/*!40101 SET CHARACTER_SET_CLIENT=@OLD_CHARACTER_SET_CLIENT */;
/*!40101 SET CHARACTER_SET_RESULTS=@OLD_CHARACTER_SET_RESULTS */;
/*!40101 SET COLLATION_CONNECTION=@OLD_COLLATION_CONNECTION */;
/*!40111 SET SQL_NOTES=@OLD_SQL_NOTES */;

-- Dump completed on 2025-11-27 14:37:26
