CREATE DATABASE  IF NOT EXISTS `temp` /*!40100 DEFAULT CHARACTER SET utf8mb4 COLLATE utf8mb4_0900_ai_ci */ /*!80016 DEFAULT ENCRYPTION='N' */;
USE `temp`;
-- MySQL dump 10.13  Distrib 8.0.38, for Win64 (x86_64)
--
-- Host: localhost    Database: temp
-- ------------------------------------------------------
-- Server version	8.0.39

/*!40101 SET @OLD_CHARACTER_SET_CLIENT=@@CHARACTER_SET_CLIENT */;
/*!40101 SET @OLD_CHARACTER_SET_RESULTS=@@CHARACTER_SET_RESULTS */;
/*!40101 SET @OLD_COLLATION_CONNECTION=@@COLLATION_CONNECTION */;
/*!50503 SET NAMES utf8 */;
/*!40103 SET @OLD_TIME_ZONE=@@TIME_ZONE */;
/*!40103 SET TIME_ZONE='+00:00' */;
/*!40014 SET @OLD_UNIQUE_CHECKS=@@UNIQUE_CHECKS, UNIQUE_CHECKS=0 */;
/*!40014 SET @OLD_FOREIGN_KEY_CHECKS=@@FOREIGN_KEY_CHECKS, FOREIGN_KEY_CHECKS=0 */;
/*!40101 SET @OLD_SQL_MODE=@@SQL_MODE, SQL_MODE='NO_AUTO_VALUE_ON_ZERO' */;
/*!40111 SET @OLD_SQL_NOTES=@@SQL_NOTES, SQL_NOTES=0 */;

--
-- Table structure for table `batch_teacher_assignments`
--

DROP TABLE IF EXISTS `batch_teacher_assignments`;
/*!40101 SET @saved_cs_client     = @@character_set_client */;
/*!50503 SET character_set_client = utf8mb4 */;
CREATE TABLE `batch_teacher_assignments` (
  `id` bigint NOT NULL AUTO_INCREMENT,
  `batch_id` bigint NOT NULL,
  `subject_id` bigint NOT NULL,
  `teacher_id` bigint NOT NULL,
  PRIMARY KEY (`id`),
  KEY `FKoeakstp63d8b0ajly01qr5skw` (`batch_id`),
  KEY `FK9uib3fdt97nr4940y28gex2y7` (`subject_id`),
  KEY `FK6ucwdgxloojkvpdutpxfgl761` (`teacher_id`),
  CONSTRAINT `FK6ucwdgxloojkvpdutpxfgl761` FOREIGN KEY (`teacher_id`) REFERENCES `teachers` (`id`),
  CONSTRAINT `FK9uib3fdt97nr4940y28gex2y7` FOREIGN KEY (`subject_id`) REFERENCES `subjects` (`id`),
  CONSTRAINT `FKoeakstp63d8b0ajly01qr5skw` FOREIGN KEY (`batch_id`) REFERENCES `batches` (`id`)
) ENGINE=InnoDB DEFAULT CHARSET=utf8mb4 COLLATE=utf8mb4_0900_ai_ci;
/*!40101 SET character_set_client = @saved_cs_client */;

--
-- Dumping data for table `batch_teacher_assignments`
--

LOCK TABLES `batch_teacher_assignments` WRITE;
/*!40000 ALTER TABLE `batch_teacher_assignments` DISABLE KEYS */;
/*!40000 ALTER TABLE `batch_teacher_assignments` ENABLE KEYS */;
UNLOCK TABLES;

--
-- Table structure for table `batches`
--

DROP TABLE IF EXISTS `batches`;
/*!40101 SET @saved_cs_client     = @@character_set_client */;
/*!50503 SET character_set_client = utf8mb4 */;
CREATE TABLE `batches` (
  `id` bigint NOT NULL AUTO_INCREMENT,
  `batch_name` varchar(255) NOT NULL,
  `division_id` bigint NOT NULL,
  `batch_number` int NOT NULL,
  `size` int NOT NULL,
  PRIMARY KEY (`id`),
  UNIQUE KEY `uk_division_batch` (`division_id`,`batch_number`),
  CONSTRAINT `batches_ibfk_1` FOREIGN KEY (`division_id`) REFERENCES `divisions` (`id`)
) ENGINE=InnoDB AUTO_INCREMENT=49 DEFAULT CHARSET=utf8mb4 COLLATE=utf8mb4_0900_ai_ci;
/*!40101 SET character_set_client = @saved_cs_client */;

--
-- Dumping data for table `batches`
--

LOCK TABLES `batches` WRITE;
/*!40000 ALTER TABLE `batches` DISABLE KEYS */;
INSERT INTO `batches` VALUES (1,'Final-A4',10,4,20),(2,'Final-A3',10,3,20),(3,'Final-A2',10,2,20),(4,'Final-A1',10,1,20),(5,'Final-B4',11,4,20),(6,'Final-B3',11,3,20),(7,'Final-B2',11,2,20),(8,'Final-B1',11,1,20),(9,'Final-C4',12,4,20),(10,'Final-C3',12,3,20),(11,'Final-C2',12,2,20),(12,'Final-C1',12,1,20),(13,'FY-A4',1,4,20),(14,'FY-A3',1,3,20),(15,'FY-A2',1,2,20),(16,'FY-A1',1,1,20),(17,'FY-B4',2,4,20),(18,'FY-B3',2,3,20),(19,'FY-B2',2,2,20),(20,'FY-B1',2,1,20),(21,'FY-C4',3,4,20),(22,'FY-C3',3,3,20),(23,'FY-C2',3,2,20),(24,'FY-C1',3,1,20),(25,'SY-A4',4,4,20),(26,'SY-A3',4,3,20),(27,'SY-A2',4,2,20),(28,'SY-A1',4,1,20),(29,'SY-B4',5,4,20),(30,'SY-B3',5,3,20),(31,'SY-B2',5,2,20),(32,'SY-B1',5,1,20),(33,'SY-C4',6,4,20),(34,'SY-C3',6,3,20),(35,'SY-C2',6,2,20),(36,'SY-C1',6,1,20),(37,'TY-A4',7,4,20),(38,'TY-A3',7,3,20),(39,'TY-A2',7,2,20),(40,'TY-A1',7,1,20),(41,'TY-B4',8,4,20),(42,'TY-B3',8,3,20),(43,'TY-B2',8,2,20),(44,'TY-B1',8,1,20),(45,'TY-C4',9,4,20),(46,'TY-C3',9,3,20),(47,'TY-C2',9,2,20),(48,'TY-C1',9,1,20);
/*!40000 ALTER TABLE `batches` ENABLE KEYS */;
UNLOCK TABLES;

--
-- Table structure for table `classrooms`
--

DROP TABLE IF EXISTS `classrooms`;
/*!40101 SET @saved_cs_client     = @@character_set_client */;
/*!50503 SET character_set_client = utf8mb4 */;
CREATE TABLE `classrooms` (
  `capacity` int NOT NULL,
  `id` bigint NOT NULL AUTO_INCREMENT,
  `room_number` varchar(255) NOT NULL,
  `type` varchar(255) DEFAULT NULL,
  `name` varchar(255) NOT NULL,
  `day_of_week` enum('FRIDAY','MONDAY','SATURDAY','SUNDAY','THURSDAY','TUESDAY','WEDNESDAY') NOT NULL,
  `session_type` varchar(255) NOT NULL,
  `batch_id` bigint DEFAULT NULL,
  `classroom_id` bigint DEFAULT NULL,
  `course_offering_id` bigint DEFAULT NULL,
  `division_id` bigint NOT NULL,
  `subject_id` bigint NOT NULL,
  `teacher_id` bigint DEFAULT NULL,
  `time_slot_id` bigint NOT NULL,
  PRIMARY KEY (`id`),
  UNIQUE KEY `UKssp1pyb8wwl1yu466h9e0kk8r` (`room_number`),
  KEY `FKmpbub9s6t5f2dw4leif5nrrsr` (`batch_id`),
  KEY `FK608n1pjasuev8ar6d9lndpa1o` (`classroom_id`),
  KEY `FK7rb53mv7p3c2dxttw3ot8qb21` (`course_offering_id`),
  KEY `FKbyl3mbf2j46aa8i242b6gxjg1` (`teacher_id`),
  CONSTRAINT `FK608n1pjasuev8ar6d9lndpa1o` FOREIGN KEY (`classroom_id`) REFERENCES `classrooms` (`id`),
  CONSTRAINT `FK7rb53mv7p3c2dxttw3ot8qb21` FOREIGN KEY (`course_offering_id`) REFERENCES `course_offerings` (`id`),
  CONSTRAINT `FKbyl3mbf2j46aa8i242b6gxjg1` FOREIGN KEY (`teacher_id`) REFERENCES `teachers` (`id`),
  CONSTRAINT `FKmpbub9s6t5f2dw4leif5nrrsr` FOREIGN KEY (`batch_id`) REFERENCES `batch` (`id`)
) ENGINE=InnoDB AUTO_INCREMENT=34 DEFAULT CHARSET=utf8mb4 COLLATE=utf8mb4_0900_ai_ci;
/*!40101 SET character_set_client = @saved_cs_client */;

--
-- Dumping data for table `classrooms`
--

LOCK TABLES `classrooms` WRITE;
/*!40000 ALTER TABLE `classrooms` DISABLE KEYS */;
INSERT INTO `classrooms` VALUES (80,17,'Class 1','LECTURE','','FRIDAY','',NULL,NULL,NULL,0,0,NULL,0),(80,18,'Class 2','LECTURE','','FRIDAY','',NULL,NULL,NULL,0,0,NULL,0),(80,19,'Class 3','LECTURE','','FRIDAY','',NULL,NULL,NULL,0,0,NULL,0),(80,20,'Class 4','LECTURE','','FRIDAY','',NULL,NULL,NULL,0,0,NULL,0),(80,21,'Class 5','LECTURE','','FRIDAY','',NULL,NULL,NULL,0,0,NULL,0),(80,22,'Class 6','LECTURE','','FRIDAY','',NULL,NULL,NULL,0,0,NULL,0),(80,23,'Class 7','LECTURE','','FRIDAY','',NULL,NULL,NULL,0,0,NULL,0),(80,24,'Class 8','LECTURE','','FRIDAY','',NULL,NULL,NULL,0,0,NULL,0),(80,25,'Class 9','LECTURE','','FRIDAY','',NULL,NULL,NULL,0,0,NULL,0),(80,26,'Class 10','LECTURE','','FRIDAY','',NULL,NULL,NULL,0,0,NULL,0),(22,27,'BEE Lab','LAB','','FRIDAY','',NULL,NULL,NULL,0,0,NULL,0),(24,28,'COMP3 Lab','LAB','','FRIDAY','',NULL,NULL,NULL,0,0,NULL,0),(20,29,'POWER Lab','LAB','','FRIDAY','',NULL,NULL,NULL,0,0,NULL,0),(23,30,'ANALOG Lab','LAB','','FRIDAY','',NULL,NULL,NULL,0,0,NULL,0),(21,31,'PROJECT Lab','LAB','','FRIDAY','',NULL,NULL,NULL,0,0,NULL,0),(24,32,'TUT room1','TUTORIAL_ROOM','','FRIDAY','',NULL,NULL,NULL,0,0,NULL,0),(24,33,'TUT room2','TUTORIAL_ROOM','','FRIDAY','',NULL,NULL,NULL,0,0,NULL,0);
/*!40000 ALTER TABLE `classrooms` ENABLE KEYS */;
UNLOCK TABLES;

--
-- Table structure for table `course_offerings`
--

DROP TABLE IF EXISTS `course_offerings`;
/*!40101 SET @saved_cs_client     = @@character_set_client */;
/*!50503 SET character_set_client = utf8mb4 */;
CREATE TABLE `course_offerings` (
  `weekly_hours` int NOT NULL,
  `id` bigint NOT NULL AUTO_INCREMENT,
  `semester_id` bigint NOT NULL,
  `subject_id` bigint NOT NULL,
  `session_type` varchar(255) DEFAULT NULL,
  `lab_per_week` int NOT NULL,
  `lec_per_week` int NOT NULL,
  `tut_per_week` int NOT NULL,
  `department_id` bigint DEFAULT NULL,
  `year_id` bigint NOT NULL,
  `total_hours` int GENERATED ALWAYS AS (((`lec_per_week` + `tut_per_week`) + `lab_per_week`)) STORED,
  PRIMARY KEY (`id`),
  KEY `FK2knui1kj75fvy10lh2q7seair` (`semester_id`),
  KEY `FKkjlcap28qboywxb00js38q1p5` (`subject_id`),
  KEY `FK88us20wdb24yu769j4dhbhdsd` (`year_id`),
  KEY `FKo3bqyw98lbmtie7iyfd0xijbb` (`department_id`),
  CONSTRAINT `FK2knui1kj75fvy10lh2q7seair` FOREIGN KEY (`semester_id`) REFERENCES `semesters` (`id`),
  CONSTRAINT `FK88us20wdb24yu769j4dhbhdsd` FOREIGN KEY (`year_id`) REFERENCES `years` (`id`),
  CONSTRAINT `FK8w85r5iv6xlq7n88j726674pf` FOREIGN KEY (`department_id`) REFERENCES `department` (`id`),
  CONSTRAINT `FKkjlcap28qboywxb00js38q1p5` FOREIGN KEY (`subject_id`) REFERENCES `subjects` (`id`),
  CONSTRAINT `FKo3bqyw98lbmtie7iyfd0xijbb` FOREIGN KEY (`department_id`) REFERENCES `departments` (`id`)
) ENGINE=InnoDB AUTO_INCREMENT=48 DEFAULT CHARSET=utf8mb4 COLLATE=utf8mb4_0900_ai_ci;
/*!40101 SET character_set_client = @saved_cs_client */;

--
-- Dumping data for table `course_offerings`
--

LOCK TABLES `course_offerings` WRITE;
/*!40000 ALTER TABLE `course_offerings` DISABLE KEYS */;
INSERT INTO `course_offerings` (`weekly_hours`, `id`, `semester_id`, `subject_id`, `session_type`, `lab_per_week`, `lec_per_week`, `tut_per_week`, `department_id`, `year_id`) VALUES (4,19,1,10,'THEORY',0,3,1,1,1),(3,20,1,11,'THEORY',0,3,0,1,1),(1,21,1,12,'THEORY',0,1,0,1,1),(4,22,1,13,'THEORY',0,3,1,1,1),(3,23,1,14,'THEORY',0,2,1,1,1),(2,24,1,15,'LAB',2,0,0,1,1),(2,25,1,16,'LAB',2,0,0,1,1),(2,26,1,17,'LAB',2,0,0,1,1),(2,27,1,18,'LAB',2,0,0,1,1),(4,28,3,19,'THEORY',0,3,1,1,2),(4,29,3,20,'THEORY',0,3,1,1,2),(4,30,3,21,'THEORY',0,3,1,1,2),(3,31,3,22,'THEORY',0,3,0,1,2),(3,32,3,23,'THEORY',0,2,1,1,2),(4,33,3,24,'LAB',4,0,0,1,2),(2,34,3,25,'LAB',2,0,0,1,2),(4,35,5,26,'THEORY',0,3,1,1,3),(4,36,5,27,'THEORY',0,3,1,1,3),(4,37,5,28,'THEORY',0,3,1,1,3),(3,38,5,29,'THEORY',0,3,0,1,3),(3,39,5,30,'THEORY',0,3,0,1,3),(3,40,5,31,'THEORY',0,3,0,1,3),(4,41,5,32,'LAB',4,0,0,1,3),(2,42,5,33,'LAB',2,0,0,1,3),(2,43,5,34,'LAB',2,0,0,1,3),(2,44,5,35,'LAB',2,0,0,1,3),(2,45,5,36,'LAB',2,0,0,1,3),(10,46,7,37,'LAB',10,0,0,1,4),(3,47,7,38,'THEORY',0,3,0,1,4);
/*!40000 ALTER TABLE `course_offerings` ENABLE KEYS */;
UNLOCK TABLES;

--
-- Table structure for table `department`
--

DROP TABLE IF EXISTS `department`;
/*!40101 SET @saved_cs_client     = @@character_set_client */;
/*!50503 SET character_set_client = utf8mb4 */;
CREATE TABLE `department` (
  `id` bigint NOT NULL AUTO_INCREMENT,
  `name` varchar(255) NOT NULL,
  PRIMARY KEY (`id`)
) ENGINE=InnoDB AUTO_INCREMENT=2 DEFAULT CHARSET=utf8mb4 COLLATE=utf8mb4_0900_ai_ci;
/*!40101 SET character_set_client = @saved_cs_client */;

--
-- Dumping data for table `department`
--

LOCK TABLES `department` WRITE;
/*!40000 ALTER TABLE `department` DISABLE KEYS */;
INSERT INTO `department` VALUES (1,'Electronics and Telecommunication');
/*!40000 ALTER TABLE `department` ENABLE KEYS */;
UNLOCK TABLES;

--
-- Table structure for table `departments`
--

DROP TABLE IF EXISTS `departments`;
/*!40101 SET @saved_cs_client     = @@character_set_client */;
/*!50503 SET character_set_client = utf8mb4 */;
CREATE TABLE `departments` (
  `id` bigint NOT NULL AUTO_INCREMENT,
  `name` varchar(255) DEFAULT NULL,
  PRIMARY KEY (`id`)
) ENGINE=InnoDB AUTO_INCREMENT=2 DEFAULT CHARSET=utf8mb4 COLLATE=utf8mb4_0900_ai_ci;
/*!40101 SET character_set_client = @saved_cs_client */;

--
-- Dumping data for table `departments`
--

LOCK TABLES `departments` WRITE;
/*!40000 ALTER TABLE `departments` DISABLE KEYS */;
INSERT INTO `departments` VALUES (1,'Electronics and Telecommunication');
/*!40000 ALTER TABLE `departments` ENABLE KEYS */;
UNLOCK TABLES;

--
-- Table structure for table `divisions`
--

DROP TABLE IF EXISTS `divisions`;
/*!40101 SET @saved_cs_client     = @@character_set_client */;
/*!50503 SET character_set_client = utf8mb4 */;
CREATE TABLE `divisions` (
  `id` bigint NOT NULL AUTO_INCREMENT,
  `division_name` varchar(255) NOT NULL,
  PRIMARY KEY (`id`),
  UNIQUE KEY `UKfb3wifyjd54aon98bc1y55gth` (`division_name`)
) ENGINE=InnoDB AUTO_INCREMENT=13 DEFAULT CHARSET=utf8mb4 COLLATE=utf8mb4_0900_ai_ci;
/*!40101 SET character_set_client = @saved_cs_client */;

--
-- Dumping data for table `divisions`
--

LOCK TABLES `divisions` WRITE;
/*!40000 ALTER TABLE `divisions` DISABLE KEYS */;
INSERT INTO `divisions` VALUES (10,'Final-A'),(11,'Final-B'),(12,'Final-C'),(1,'FY-A'),(2,'FY-B'),(3,'FY-C'),(4,'SY-A'),(5,'SY-B'),(6,'SY-C'),(7,'TY-A'),(8,'TY-B'),(9,'TY-C');
/*!40000 ALTER TABLE `divisions` ENABLE KEYS */;
UNLOCK TABLES;

--
-- Table structure for table `elective_group_options`
--

DROP TABLE IF EXISTS `elective_group_options`;
/*!40101 SET @saved_cs_client     = @@character_set_client */;
/*!50503 SET character_set_client = utf8mb4 */;
CREATE TABLE `elective_group_options` (
  `max_intake` int DEFAULT NULL,
  `min_intake` int DEFAULT NULL,
  `elective_group_id` bigint NOT NULL,
  `subject_id` bigint NOT NULL,
  PRIMARY KEY (`elective_group_id`,`subject_id`),
  KEY `FK8o5i8kdjhckuei406dxetopjs` (`subject_id`),
  CONSTRAINT `FK38nwhy01wj2ix9c65581vnvax` FOREIGN KEY (`elective_group_id`) REFERENCES `elective_groups` (`id`),
  CONSTRAINT `FKj7l2mktglpqm774qhdh6dlseg` FOREIGN KEY (`subject_id`) REFERENCES `subjects` (`id`)
) ENGINE=InnoDB DEFAULT CHARSET=utf8mb4 COLLATE=utf8mb4_0900_ai_ci;
/*!40101 SET character_set_client = @saved_cs_client */;

--
-- Dumping data for table `elective_group_options`
--

LOCK TABLES `elective_group_options` WRITE;
/*!40000 ALTER TABLE `elective_group_options` DISABLE KEYS */;
/*!40000 ALTER TABLE `elective_group_options` ENABLE KEYS */;
UNLOCK TABLES;

--
-- Table structure for table `elective_groups`
--

DROP TABLE IF EXISTS `elective_groups`;
/*!40101 SET @saved_cs_client     = @@character_set_client */;
/*!50503 SET character_set_client = utf8mb4 */;
CREATE TABLE `elective_groups` (
  `id` bigint NOT NULL AUTO_INCREMENT,
  `semester_id` bigint NOT NULL,
  `name` varchar(255) NOT NULL,
  `notes` text,
  PRIMARY KEY (`id`),
  KEY `FKrvmlb1mij8hmqcsof3avawpyr` (`semester_id`),
  CONSTRAINT `FKrvmlb1mij8hmqcsof3avawpyr` FOREIGN KEY (`semester_id`) REFERENCES `semesters` (`id`)
) ENGINE=InnoDB AUTO_INCREMENT=11 DEFAULT CHARSET=utf8mb4 COLLATE=utf8mb4_0900_ai_ci;
/*!40101 SET character_set_client = @saved_cs_client */;

--
-- Dumping data for table `elective_groups`
--

LOCK TABLES `elective_groups` WRITE;
/*!40000 ALTER TABLE `elective_groups` DISABLE KEYS */;
INSERT INTO `elective_groups` VALUES (1,5,'Program Elective I (PE-I)','Students must select one subject from this group for Semester 5.'),(2,5,'Open Elective I (OE-I)','Students must select one subject from this group for Semester 5.'),(3,6,'Program Elective II (PE-II)','Students must select one subject from this group for Semester 6.'),(4,6,'Open Elective II (OE-II)','Students must select one subject from this group for Semester 6.'),(5,7,'Program Elective III (PE-III)','Students must select one subject from this group for Semester 7.'),(6,7,'Program Elective IV (PE-IV)','Students must select one subject from this group for Semester 7.'),(7,7,'Open Elective III (OE-III)','Students must select one subject from this group for Semester 7.'),(8,8,'Program Elective V (PE-V)','Students must select one subject from this group for Semester 8.'),(9,8,'Program Elective VI (PE-VI)','Students must select one subject from this group for Semester 8.'),(10,8,'Open Elective IV (OE-IV)','Students must select one subject from this group for Semester 8.');
/*!40000 ALTER TABLE `elective_groups` ENABLE KEYS */;
UNLOCK TABLES;

--
-- Table structure for table `lecture_teacher_assignments`
--

DROP TABLE IF EXISTS `lecture_teacher_assignments`;
/*!40101 SET @saved_cs_client     = @@character_set_client */;
/*!50503 SET character_set_client = utf8mb4 */;
CREATE TABLE `lecture_teacher_assignments` (
  `id` bigint NOT NULL AUTO_INCREMENT,
  `division_id` bigint NOT NULL,
  `subject_id` bigint NOT NULL,
  `teacher_id` bigint NOT NULL,
  PRIMARY KEY (`id`),
  KEY `FKs0mvvp13vbth6x2bxbsr81xmi` (`division_id`),
  KEY `FK4s0gxdcwrpid0h08apkviacex` (`subject_id`),
  KEY `FKf1mphq9vo3g1j853uc8ybtey0` (`teacher_id`),
  CONSTRAINT `FK4s0gxdcwrpid0h08apkviacex` FOREIGN KEY (`subject_id`) REFERENCES `subjects` (`id`),
  CONSTRAINT `FKf1mphq9vo3g1j853uc8ybtey0` FOREIGN KEY (`teacher_id`) REFERENCES `teachers` (`id`),
  CONSTRAINT `FKs0mvvp13vbth6x2bxbsr81xmi` FOREIGN KEY (`division_id`) REFERENCES `divisions` (`id`)
) ENGINE=InnoDB DEFAULT CHARSET=utf8mb4 COLLATE=utf8mb4_0900_ai_ci;
/*!40101 SET character_set_client = @saved_cs_client */;

--
-- Dumping data for table `lecture_teacher_assignments`
--

LOCK TABLES `lecture_teacher_assignments` WRITE;
/*!40000 ALTER TABLE `lecture_teacher_assignments` DISABLE KEYS */;
/*!40000 ALTER TABLE `lecture_teacher_assignments` ENABLE KEYS */;
UNLOCK TABLES;

--
-- Table structure for table `scheduled_classes`
--

DROP TABLE IF EXISTS `scheduled_classes`;
/*!40101 SET @saved_cs_client     = @@character_set_client */;
/*!50503 SET character_set_client = utf8mb4 */;
CREATE TABLE `scheduled_classes` (
  `classroom_id` bigint DEFAULT NULL,
  `course_offering_id` bigint DEFAULT NULL,
  `division_id` bigint NOT NULL,
  `id` bigint NOT NULL AUTO_INCREMENT,
  `day_of_week` varchar(255) NOT NULL,
  `session_type` varchar(255) NOT NULL,
  `teacher_id` bigint DEFAULT NULL,
  `batch_id` bigint DEFAULT NULL,
  `scheduling_level` varchar(255) DEFAULT NULL,
  `time_slot_id` bigint DEFAULT NULL,
  `subject_id` bigint DEFAULT NULL,
  PRIMARY KEY (`id`),
  KEY `FK75sj5iamofea2klcxcl1lume1` (`classroom_id`),
  KEY `FK2ux5073xucibd6mi99a93lluy` (`division_id`),
  KEY `FK2cfhghh5u6l3mbhdlt5dg0cii` (`teacher_id`),
  KEY `fk_scheduled_time_slot` (`time_slot_id`),
  KEY `fk_scheduled_classes_subject_id` (`subject_id`),
  KEY `FKfwfq44s2hmhnxui5abpp5impv` (`batch_id`),
  KEY `FKjyrx4mpmy3962yunqpqhgvgyl` (`course_offering_id`),
  CONSTRAINT `FK2cfhghh5u6l3mbhdlt5dg0cii` FOREIGN KEY (`teacher_id`) REFERENCES `teachers` (`id`),
  CONSTRAINT `FK2ux5073xucibd6mi99a93lluy` FOREIGN KEY (`division_id`) REFERENCES `divisions` (`id`),
  CONSTRAINT `FK75sj5iamofea2klcxcl1lume1` FOREIGN KEY (`classroom_id`) REFERENCES `classrooms` (`id`),
  CONSTRAINT `fk_scheduled_classes_subject_id` FOREIGN KEY (`subject_id`) REFERENCES `subjects` (`id`) ON DELETE SET NULL ON UPDATE RESTRICT,
  CONSTRAINT `fk_scheduled_time_slot` FOREIGN KEY (`time_slot_id`) REFERENCES `timeslots` (`id`),
  CONSTRAINT `FKfwfq44s2hmhnxui5abpp5impv` FOREIGN KEY (`batch_id`) REFERENCES `batches` (`id`),
  CONSTRAINT `FKq65fxdce8pxn3e5w5ggkilefg` FOREIGN KEY (`course_offering_id`) REFERENCES `course_offerings` (`id`)
) ENGINE=InnoDB AUTO_INCREMENT=2933 DEFAULT CHARSET=utf8mb4 COLLATE=utf8mb4_0900_ai_ci;
/*!40101 SET character_set_client = @saved_cs_client */;

--
-- Dumping data for table `scheduled_classes`
--

LOCK TABLES `scheduled_classes` WRITE;
/*!40000 ALTER TABLE `scheduled_classes` DISABLE KEYS */;
INSERT INTO `scheduled_classes` VALUES (17,19,10,296,'FRIDAY','LECTURE',NULL,NULL,NULL,1,10),(17,19,10,297,'FRIDAY','LECTURE',NULL,NULL,NULL,2,10),(17,19,10,298,'FRIDAY','LECTURE',NULL,NULL,NULL,5,10),(17,19,10,299,'FRIDAY','TUTORIAL',NULL,4,NULL,6,10),(17,19,10,300,'FRIDAY','TUTORIAL',NULL,3,NULL,7,10),(17,19,10,301,'FRIDAY','TUTORIAL',NULL,2,NULL,8,10),(17,19,10,302,'FRIDAY','TUTORIAL',NULL,1,NULL,9,10),(17,19,11,303,'FRIDAY','LECTURE',NULL,NULL,NULL,10,10),(17,19,11,304,'FRIDAY','LECTURE',NULL,NULL,NULL,11,10),(17,19,11,305,'FRIDAY','LECTURE',NULL,NULL,NULL,12,10),(17,19,11,306,'FRIDAY','TUTORIAL',NULL,8,NULL,16,10),(17,19,11,307,'FRIDAY','TUTORIAL',NULL,7,NULL,17,10),(18,19,11,308,'FRIDAY','TUTORIAL',NULL,6,NULL,1,10),(18,19,11,309,'FRIDAY','TUTORIAL',NULL,5,NULL,2,10),(18,19,12,310,'FRIDAY','LECTURE',NULL,NULL,NULL,5,10),(18,19,12,311,'FRIDAY','LECTURE',NULL,NULL,NULL,6,10),(18,19,12,312,'FRIDAY','LECTURE',NULL,NULL,NULL,7,10),(18,19,12,313,'FRIDAY','TUTORIAL',NULL,12,NULL,8,10),(18,19,12,314,'FRIDAY','TUTORIAL',NULL,11,NULL,9,10),(18,19,12,315,'FRIDAY','TUTORIAL',NULL,10,NULL,10,10),(18,19,12,316,'FRIDAY','TUTORIAL',NULL,9,NULL,11,10),(18,19,1,317,'FRIDAY','LECTURE',NULL,NULL,NULL,12,10),(18,19,1,318,'FRIDAY','LECTURE',NULL,NULL,NULL,16,10),(18,19,1,319,'FRIDAY','LECTURE',NULL,NULL,NULL,17,10),(19,19,1,320,'FRIDAY','TUTORIAL',NULL,16,NULL,1,10),(19,19,1,321,'FRIDAY','TUTORIAL',NULL,15,NULL,2,10),(19,19,1,322,'FRIDAY','TUTORIAL',NULL,14,NULL,5,10),(19,19,1,323,'FRIDAY','TUTORIAL',NULL,13,NULL,6,10),(19,19,2,324,'FRIDAY','LECTURE',NULL,NULL,NULL,7,10),(19,19,2,325,'FRIDAY','LECTURE',NULL,NULL,NULL,8,10),(19,19,2,326,'FRIDAY','LECTURE',NULL,NULL,NULL,9,10),(19,19,2,327,'FRIDAY','TUTORIAL',NULL,20,NULL,10,10),(19,19,2,328,'FRIDAY','TUTORIAL',NULL,19,NULL,11,10),(19,19,2,329,'FRIDAY','TUTORIAL',NULL,18,NULL,12,10),(19,19,2,330,'FRIDAY','TUTORIAL',NULL,17,NULL,16,10),(19,19,3,331,'FRIDAY','LECTURE',NULL,NULL,NULL,17,10),(20,19,3,332,'FRIDAY','LECTURE',NULL,NULL,NULL,1,10),(17,28,10,333,'FRIDAY','LECTURE',NULL,NULL,NULL,1,19),(17,28,10,334,'FRIDAY','LECTURE',NULL,NULL,NULL,2,19),(17,28,10,335,'FRIDAY','LECTURE',NULL,NULL,NULL,5,19),(17,28,10,336,'FRIDAY','TUTORIAL',NULL,4,NULL,6,19),(17,28,10,337,'FRIDAY','TUTORIAL',NULL,3,NULL,7,19),(17,28,10,338,'FRIDAY','TUTORIAL',NULL,2,NULL,8,19),(17,28,10,339,'FRIDAY','TUTORIAL',NULL,1,NULL,9,19),(17,28,11,340,'FRIDAY','LECTURE',NULL,NULL,NULL,10,19),(17,28,11,341,'FRIDAY','LECTURE',NULL,NULL,NULL,11,19),(17,28,11,342,'FRIDAY','LECTURE',NULL,NULL,NULL,12,19),(17,28,11,343,'FRIDAY','TUTORIAL',NULL,8,NULL,16,19),(17,28,11,344,'FRIDAY','TUTORIAL',NULL,7,NULL,17,19),(18,28,11,345,'FRIDAY','TUTORIAL',NULL,6,NULL,1,19),(18,28,11,346,'FRIDAY','TUTORIAL',NULL,5,NULL,2,19),(18,28,12,347,'FRIDAY','LECTURE',NULL,NULL,NULL,5,19),(18,28,12,348,'FRIDAY','LECTURE',NULL,NULL,NULL,6,19),(18,28,12,349,'FRIDAY','LECTURE',NULL,NULL,NULL,7,19),(18,28,12,350,'FRIDAY','TUTORIAL',NULL,12,NULL,8,19),(18,28,12,351,'FRIDAY','TUTORIAL',NULL,11,NULL,9,19),(18,28,12,352,'FRIDAY','TUTORIAL',NULL,10,NULL,10,19),(18,28,12,353,'FRIDAY','TUTORIAL',NULL,9,NULL,11,19),(18,28,1,354,'FRIDAY','LECTURE',NULL,NULL,NULL,12,19),(18,28,1,355,'FRIDAY','LECTURE',NULL,NULL,NULL,16,19),(18,28,1,356,'FRIDAY','LECTURE',NULL,NULL,NULL,17,19),(19,28,1,357,'FRIDAY','TUTORIAL',NULL,16,NULL,1,19),(19,28,1,358,'FRIDAY','TUTORIAL',NULL,15,NULL,2,19),(19,28,1,359,'FRIDAY','TUTORIAL',NULL,14,NULL,5,19),(19,28,1,360,'FRIDAY','TUTORIAL',NULL,13,NULL,6,19),(19,28,2,361,'FRIDAY','LECTURE',NULL,NULL,NULL,7,19),(19,28,2,362,'FRIDAY','LECTURE',NULL,NULL,NULL,8,19),(19,28,2,363,'FRIDAY','LECTURE',NULL,NULL,NULL,9,19),(19,28,2,364,'FRIDAY','TUTORIAL',NULL,20,NULL,10,19),(19,28,2,365,'FRIDAY','TUTORIAL',NULL,19,NULL,11,19),(19,28,2,366,'FRIDAY','TUTORIAL',NULL,18,NULL,12,19),(19,28,2,367,'FRIDAY','TUTORIAL',NULL,17,NULL,16,19),(19,28,3,368,'FRIDAY','LECTURE',NULL,NULL,NULL,17,19),(20,28,3,369,'FRIDAY','LECTURE',NULL,NULL,NULL,1,19),(20,28,3,370,'FRIDAY','LECTURE',NULL,NULL,NULL,2,19),(20,28,3,371,'FRIDAY','TUTORIAL',NULL,24,NULL,5,19),(20,28,3,372,'FRIDAY','TUTORIAL',NULL,23,NULL,6,19),(20,28,3,373,'FRIDAY','TUTORIAL',NULL,22,NULL,7,19),(20,28,3,374,'FRIDAY','TUTORIAL',NULL,21,NULL,8,19),(20,28,4,375,'FRIDAY','LECTURE',NULL,NULL,NULL,9,19),(20,28,4,376,'FRIDAY','LECTURE',NULL,NULL,NULL,10,19),(20,28,4,377,'FRIDAY','LECTURE',NULL,NULL,NULL,11,19),(20,28,4,378,'FRIDAY','TUTORIAL',NULL,28,NULL,12,19),(20,28,4,379,'FRIDAY','TUTORIAL',NULL,27,NULL,16,19),(20,28,4,380,'FRIDAY','TUTORIAL',NULL,26,NULL,17,19),(21,28,4,381,'FRIDAY','TUTORIAL',NULL,25,NULL,1,19),(21,28,5,382,'FRIDAY','LECTURE',NULL,NULL,NULL,2,19),(21,28,5,383,'FRIDAY','LECTURE',NULL,NULL,NULL,5,19),(21,28,5,384,'FRIDAY','LECTURE',NULL,NULL,NULL,6,19),(21,28,5,385,'FRIDAY','TUTORIAL',NULL,32,NULL,7,19),(21,28,5,386,'FRIDAY','TUTORIAL',NULL,31,NULL,8,19),(21,28,5,387,'FRIDAY','TUTORIAL',NULL,30,NULL,9,19),(21,28,5,388,'FRIDAY','TUTORIAL',NULL,29,NULL,10,19),(21,28,6,389,'FRIDAY','LECTURE',NULL,NULL,NULL,11,19),(21,28,6,390,'FRIDAY','LECTURE',NULL,NULL,NULL,12,19),(21,28,6,391,'FRIDAY','LECTURE',NULL,NULL,NULL,16,19),(21,28,6,392,'FRIDAY','TUTORIAL',NULL,36,NULL,17,19),(22,28,6,393,'FRIDAY','TUTORIAL',NULL,35,NULL,1,19),(22,28,6,394,'FRIDAY','TUTORIAL',NULL,34,NULL,2,19),(22,28,6,395,'FRIDAY','TUTORIAL',NULL,33,NULL,5,19),(22,28,7,396,'FRIDAY','LECTURE',NULL,NULL,NULL,6,19),(22,28,7,397,'FRIDAY','LECTURE',NULL,NULL,NULL,7,19),(22,28,7,398,'FRIDAY','LECTURE',NULL,NULL,NULL,8,19),(22,28,7,399,'FRIDAY','TUTORIAL',NULL,40,NULL,9,19),(22,28,7,400,'FRIDAY','TUTORIAL',NULL,39,NULL,10,19),(22,28,7,401,'FRIDAY','TUTORIAL',NULL,38,NULL,11,19),(22,28,7,402,'FRIDAY','TUTORIAL',NULL,37,NULL,12,19),(22,28,8,403,'FRIDAY','LECTURE',NULL,NULL,NULL,16,19),(22,28,8,404,'FRIDAY','LECTURE',NULL,NULL,NULL,17,19),(23,28,8,405,'FRIDAY','LECTURE',NULL,NULL,NULL,1,19),(23,28,8,406,'FRIDAY','TUTORIAL',NULL,44,NULL,2,19),(23,28,8,407,'FRIDAY','TUTORIAL',NULL,43,NULL,5,19),(23,28,8,408,'FRIDAY','TUTORIAL',NULL,42,NULL,6,19),(23,28,8,409,'FRIDAY','TUTORIAL',NULL,41,NULL,7,19),(23,28,9,410,'FRIDAY','LECTURE',NULL,NULL,NULL,8,19),(23,28,9,411,'FRIDAY','LECTURE',NULL,NULL,NULL,9,19),(23,28,9,412,'FRIDAY','LECTURE',NULL,NULL,NULL,10,19),(23,28,9,413,'FRIDAY','TUTORIAL',NULL,48,NULL,11,19),(23,28,9,414,'FRIDAY','TUTORIAL',NULL,47,NULL,12,19),(23,28,9,415,'FRIDAY','TUTORIAL',NULL,46,NULL,16,19),(23,28,9,416,'FRIDAY','TUTORIAL',NULL,45,NULL,17,19),(24,29,10,417,'FRIDAY','LECTURE',NULL,NULL,NULL,1,20),(24,29,10,418,'FRIDAY','LECTURE',NULL,NULL,NULL,2,20),(24,29,10,419,'FRIDAY','LECTURE',NULL,NULL,NULL,5,20),(24,29,10,420,'FRIDAY','TUTORIAL',NULL,4,NULL,6,20),(24,29,10,421,'FRIDAY','TUTORIAL',NULL,3,NULL,7,20),(24,29,10,422,'FRIDAY','TUTORIAL',NULL,2,NULL,8,20),(24,29,10,423,'FRIDAY','TUTORIAL',NULL,1,NULL,9,20),(24,29,11,424,'FRIDAY','LECTURE',NULL,NULL,NULL,10,20),(24,29,11,425,'FRIDAY','LECTURE',NULL,NULL,NULL,11,20),(24,29,11,426,'FRIDAY','LECTURE',NULL,NULL,NULL,12,20),(24,29,11,427,'FRIDAY','TUTORIAL',NULL,8,NULL,16,20),(24,29,11,428,'FRIDAY','TUTORIAL',NULL,7,NULL,17,20),(17,35,10,429,'FRIDAY','LECTURE',NULL,NULL,NULL,1,26),(17,35,10,430,'FRIDAY','LECTURE',NULL,NULL,NULL,2,26),(17,35,10,431,'FRIDAY','LECTURE',NULL,NULL,NULL,5,26),(17,35,10,432,'FRIDAY','TUTORIAL',NULL,4,NULL,6,26),(17,35,10,433,'FRIDAY','TUTORIAL',NULL,3,NULL,7,26),(17,35,10,434,'FRIDAY','TUTORIAL',NULL,2,NULL,8,26),(17,35,10,435,'FRIDAY','TUTORIAL',NULL,1,NULL,9,26),(17,35,11,436,'FRIDAY','LECTURE',NULL,NULL,NULL,10,26),(17,35,11,437,'FRIDAY','LECTURE',NULL,NULL,NULL,11,26),(17,35,11,438,'FRIDAY','LECTURE',NULL,NULL,NULL,12,26),(17,35,11,439,'FRIDAY','TUTORIAL',NULL,8,NULL,16,26),(17,35,11,440,'FRIDAY','TUTORIAL',NULL,7,NULL,17,26),(18,35,11,441,'FRIDAY','TUTORIAL',NULL,6,NULL,1,26),(18,35,11,442,'FRIDAY','TUTORIAL',NULL,5,NULL,2,26),(18,35,12,443,'FRIDAY','LECTURE',NULL,NULL,NULL,5,26),(18,35,12,444,'FRIDAY','LECTURE',NULL,NULL,NULL,6,26),(18,35,12,445,'FRIDAY','LECTURE',NULL,NULL,NULL,7,26),(18,35,12,446,'FRIDAY','TUTORIAL',NULL,12,NULL,8,26),(18,35,12,447,'FRIDAY','TUTORIAL',NULL,11,NULL,9,26),(18,35,12,448,'FRIDAY','TUTORIAL',NULL,10,NULL,10,26),(18,35,12,449,'FRIDAY','TUTORIAL',NULL,9,NULL,11,26),(18,35,1,450,'FRIDAY','LECTURE',NULL,NULL,NULL,12,26),(18,35,1,451,'FRIDAY','LECTURE',NULL,NULL,NULL,16,26),(18,35,1,452,'FRIDAY','LECTURE',NULL,NULL,NULL,17,26),(19,35,1,453,'FRIDAY','TUTORIAL',NULL,16,NULL,1,26),(19,35,1,454,'FRIDAY','TUTORIAL',NULL,15,NULL,2,26),(19,35,1,455,'FRIDAY','TUTORIAL',NULL,14,NULL,5,26),(19,35,1,456,'FRIDAY','TUTORIAL',NULL,13,NULL,6,26),(17,46,10,457,'FRIDAY','LAB',NULL,4,NULL,1,37),(17,46,10,458,'FRIDAY','LAB',NULL,3,NULL,2,37),(17,46,10,459,'FRIDAY','LAB',NULL,2,NULL,5,37),(17,46,10,460,'FRIDAY','LAB',NULL,1,NULL,6,37),(17,46,10,461,'FRIDAY','LAB',NULL,4,NULL,7,37),(17,46,10,462,'FRIDAY','LAB',NULL,3,NULL,8,37),(17,46,10,463,'FRIDAY','LAB',NULL,2,NULL,9,37),(17,46,10,464,'FRIDAY','LAB',NULL,1,NULL,10,37),(17,46,10,465,'FRIDAY','LAB',NULL,4,NULL,11,37),(17,46,10,466,'FRIDAY','LAB',NULL,3,NULL,12,37),(17,46,10,467,'FRIDAY','LAB',NULL,2,NULL,16,37),(17,46,10,468,'FRIDAY','LAB',NULL,1,NULL,17,37),(18,46,10,469,'FRIDAY','LAB',NULL,4,NULL,1,37),(18,46,10,470,'FRIDAY','LAB',NULL,3,NULL,2,37),(18,46,10,471,'FRIDAY','LAB',NULL,2,NULL,5,37),(18,46,10,472,'FRIDAY','LAB',NULL,1,NULL,6,37),(18,46,10,473,'FRIDAY','LAB',NULL,4,NULL,7,37),(18,46,10,474,'FRIDAY','LAB',NULL,3,NULL,8,37),(18,46,10,475,'FRIDAY','LAB',NULL,2,NULL,9,37),(18,46,10,476,'FRIDAY','LAB',NULL,1,NULL,10,37),(18,46,10,477,'FRIDAY','LAB',NULL,4,NULL,11,37),(18,46,10,478,'FRIDAY','LAB',NULL,3,NULL,12,37),(18,46,10,479,'FRIDAY','LAB',NULL,2,NULL,16,37),(18,46,10,480,'FRIDAY','LAB',NULL,1,NULL,17,37),(19,46,10,481,'FRIDAY','LAB',NULL,4,NULL,1,37),(19,46,10,482,'FRIDAY','LAB',NULL,3,NULL,2,37),(19,46,10,483,'FRIDAY','LAB',NULL,2,NULL,5,37),(19,46,10,484,'FRIDAY','LAB',NULL,1,NULL,6,37),(19,46,10,485,'FRIDAY','LAB',NULL,4,NULL,7,37),(19,46,10,486,'FRIDAY','LAB',NULL,3,NULL,8,37),(19,46,10,487,'FRIDAY','LAB',NULL,2,NULL,9,37),(19,46,10,488,'FRIDAY','LAB',NULL,1,NULL,10,37),(19,46,10,489,'FRIDAY','LAB',NULL,4,NULL,11,37),(19,46,10,490,'FRIDAY','LAB',NULL,3,NULL,12,37),(19,46,10,491,'FRIDAY','LAB',NULL,2,NULL,16,37),(19,46,10,492,'FRIDAY','LAB',NULL,1,NULL,17,37),(20,46,10,493,'FRIDAY','LAB',NULL,4,NULL,1,37),(20,46,10,494,'FRIDAY','LAB',NULL,3,NULL,2,37),(20,46,10,495,'FRIDAY','LAB',NULL,2,NULL,5,37),(20,46,10,496,'FRIDAY','LAB',NULL,1,NULL,6,37),(20,46,11,497,'FRIDAY','LAB',NULL,8,NULL,7,37),(20,46,11,498,'FRIDAY','LAB',NULL,7,NULL,8,37),(20,46,11,499,'FRIDAY','LAB',NULL,6,NULL,9,37),(20,46,11,500,'FRIDAY','LAB',NULL,5,NULL,10,37),(20,46,11,501,'FRIDAY','LAB',NULL,8,NULL,11,37),(20,46,11,502,'FRIDAY','LAB',NULL,7,NULL,12,37),(20,46,11,503,'FRIDAY','LAB',NULL,6,NULL,16,37),(20,46,11,504,'FRIDAY','LAB',NULL,5,NULL,17,37),(21,46,11,505,'FRIDAY','LAB',NULL,8,NULL,1,37),(21,46,11,506,'FRIDAY','LAB',NULL,7,NULL,2,37),(21,46,11,507,'FRIDAY','LAB',NULL,6,NULL,5,37),(21,46,11,508,'FRIDAY','LAB',NULL,5,NULL,6,37),(21,46,11,509,'FRIDAY','LAB',NULL,8,NULL,7,37),(21,46,11,510,'FRIDAY','LAB',NULL,7,NULL,8,37),(21,46,11,511,'FRIDAY','LAB',NULL,6,NULL,9,37),(21,46,11,512,'FRIDAY','LAB',NULL,5,NULL,10,37),(21,46,11,513,'FRIDAY','LAB',NULL,8,NULL,11,37),(21,46,11,514,'FRIDAY','LAB',NULL,7,NULL,12,37),(21,46,11,515,'FRIDAY','LAB',NULL,6,NULL,16,37),(21,46,11,516,'FRIDAY','LAB',NULL,5,NULL,17,37),(22,46,11,517,'FRIDAY','LAB',NULL,8,NULL,1,37),(22,46,11,518,'FRIDAY','LAB',NULL,7,NULL,2,37),(22,46,11,519,'FRIDAY','LAB',NULL,6,NULL,5,37),(22,46,11,520,'FRIDAY','LAB',NULL,5,NULL,6,37),(22,46,11,521,'FRIDAY','LAB',NULL,8,NULL,7,37),(22,46,11,522,'FRIDAY','LAB',NULL,7,NULL,8,37),(22,46,11,523,'FRIDAY','LAB',NULL,6,NULL,9,37),(22,46,11,524,'FRIDAY','LAB',NULL,5,NULL,10,37),(22,46,11,525,'FRIDAY','LAB',NULL,8,NULL,11,37),(22,46,11,526,'FRIDAY','LAB',NULL,7,NULL,12,37),(22,46,11,527,'FRIDAY','LAB',NULL,6,NULL,16,37),(22,46,11,528,'FRIDAY','LAB',NULL,5,NULL,17,37),(23,46,11,529,'FRIDAY','LAB',NULL,8,NULL,1,37),(23,46,11,530,'FRIDAY','LAB',NULL,7,NULL,2,37),(23,46,11,531,'FRIDAY','LAB',NULL,6,NULL,5,37),(23,46,11,532,'FRIDAY','LAB',NULL,5,NULL,6,37),(23,46,11,533,'FRIDAY','LAB',NULL,8,NULL,7,37),(23,46,11,534,'FRIDAY','LAB',NULL,7,NULL,8,37),(23,46,11,535,'FRIDAY','LAB',NULL,6,NULL,9,37),(23,46,11,536,'FRIDAY','LAB',NULL,5,NULL,10,37),(23,46,12,537,'FRIDAY','LAB',NULL,12,NULL,11,37),(23,46,12,538,'FRIDAY','LAB',NULL,11,NULL,12,37),(23,46,12,539,'FRIDAY','LAB',NULL,10,NULL,16,37),(23,46,12,540,'FRIDAY','LAB',NULL,9,NULL,17,37),(24,46,12,541,'FRIDAY','LAB',NULL,12,NULL,1,37),(24,46,12,542,'FRIDAY','LAB',NULL,11,NULL,2,37),(24,46,12,543,'FRIDAY','LAB',NULL,10,NULL,5,37),(24,46,12,544,'FRIDAY','LAB',NULL,9,NULL,6,37),(24,46,12,545,'FRIDAY','LAB',NULL,12,NULL,7,37),(24,46,12,546,'FRIDAY','LAB',NULL,11,NULL,8,37),(24,46,12,547,'FRIDAY','LAB',NULL,10,NULL,9,37),(24,46,12,548,'FRIDAY','LAB',NULL,9,NULL,10,37),(24,46,12,549,'FRIDAY','LAB',NULL,12,NULL,11,37),(24,46,12,550,'FRIDAY','LAB',NULL,11,NULL,12,37),(24,46,12,551,'FRIDAY','LAB',NULL,10,NULL,16,37),(24,46,12,552,'FRIDAY','LAB',NULL,9,NULL,17,37),(25,46,12,553,'FRIDAY','LAB',NULL,12,NULL,1,37),(25,46,12,554,'FRIDAY','LAB',NULL,11,NULL,2,37),(25,46,12,555,'FRIDAY','LAB',NULL,10,NULL,5,37),(25,46,12,556,'FRIDAY','LAB',NULL,9,NULL,6,37),(25,46,12,557,'FRIDAY','LAB',NULL,12,NULL,7,37),(25,46,12,558,'FRIDAY','LAB',NULL,11,NULL,8,37),(25,46,12,559,'FRIDAY','LAB',NULL,10,NULL,9,37),(25,46,12,560,'FRIDAY','LAB',NULL,9,NULL,10,37),(25,46,12,561,'FRIDAY','LAB',NULL,12,NULL,11,37),(25,46,12,562,'FRIDAY','LAB',NULL,11,NULL,12,37),(25,46,12,563,'FRIDAY','LAB',NULL,10,NULL,16,37),(25,46,12,564,'FRIDAY','LAB',NULL,9,NULL,17,37),(26,46,12,565,'FRIDAY','LAB',NULL,12,NULL,1,37),(26,46,12,566,'FRIDAY','LAB',NULL,11,NULL,2,37),(26,46,12,567,'FRIDAY','LAB',NULL,10,NULL,5,37),(26,46,12,568,'FRIDAY','LAB',NULL,9,NULL,6,37),(26,46,12,569,'FRIDAY','LAB',NULL,12,NULL,7,37),(26,46,12,570,'FRIDAY','LAB',NULL,11,NULL,8,37),(26,46,12,571,'FRIDAY','LAB',NULL,10,NULL,9,37),(26,46,12,572,'FRIDAY','LAB',NULL,9,NULL,10,37),(26,46,12,573,'FRIDAY','LAB',NULL,12,NULL,11,37),(26,46,12,574,'FRIDAY','LAB',NULL,11,NULL,12,37),(26,46,12,575,'FRIDAY','LAB',NULL,10,NULL,16,37),(26,46,12,576,'FRIDAY','LAB',NULL,9,NULL,17,37),(27,46,1,577,'FRIDAY','LAB',NULL,16,NULL,1,37),(27,46,1,578,'FRIDAY','LAB',NULL,15,NULL,2,37),(27,46,1,579,'FRIDAY','LAB',NULL,14,NULL,5,37),(27,46,1,580,'FRIDAY','LAB',NULL,13,NULL,6,37),(27,46,1,581,'FRIDAY','LAB',NULL,16,NULL,7,37),(27,46,1,582,'FRIDAY','LAB',NULL,15,NULL,8,37),(27,46,1,583,'FRIDAY','LAB',NULL,14,NULL,9,37),(27,46,1,584,'FRIDAY','LAB',NULL,13,NULL,10,37),(27,46,1,585,'FRIDAY','LAB',NULL,16,NULL,11,37),(27,46,1,586,'FRIDAY','LAB',NULL,15,NULL,12,37),(27,46,1,587,'FRIDAY','LAB',NULL,14,NULL,16,37),(27,46,1,588,'FRIDAY','LAB',NULL,13,NULL,17,37),(28,46,1,589,'FRIDAY','LAB',NULL,16,NULL,1,37),(28,46,1,590,'FRIDAY','LAB',NULL,15,NULL,2,37),(28,46,1,591,'FRIDAY','LAB',NULL,14,NULL,5,37),(28,46,1,592,'FRIDAY','LAB',NULL,13,NULL,6,37),(28,46,1,593,'FRIDAY','LAB',NULL,16,NULL,7,37),(28,46,1,594,'FRIDAY','LAB',NULL,15,NULL,8,37),(28,46,1,595,'FRIDAY','LAB',NULL,14,NULL,9,37),(28,46,1,596,'FRIDAY','LAB',NULL,13,NULL,10,37),(28,46,1,597,'FRIDAY','LAB',NULL,16,NULL,11,37),(28,46,1,598,'FRIDAY','LAB',NULL,15,NULL,12,37),(28,46,1,599,'FRIDAY','LAB',NULL,14,NULL,16,37),(28,46,1,600,'FRIDAY','LAB',NULL,13,NULL,17,37),(29,46,1,601,'FRIDAY','LAB',NULL,16,NULL,1,37),(29,46,1,602,'FRIDAY','LAB',NULL,15,NULL,2,37),(29,46,1,603,'FRIDAY','LAB',NULL,14,NULL,5,37),(29,46,1,604,'FRIDAY','LAB',NULL,13,NULL,6,37),(29,46,1,605,'FRIDAY','LAB',NULL,16,NULL,7,37),(29,46,1,606,'FRIDAY','LAB',NULL,15,NULL,8,37),(29,46,1,607,'FRIDAY','LAB',NULL,14,NULL,9,37),(29,46,1,608,'FRIDAY','LAB',NULL,13,NULL,10,37),(29,46,1,609,'FRIDAY','LAB',NULL,16,NULL,11,37),(29,46,1,610,'FRIDAY','LAB',NULL,15,NULL,12,37),(29,46,1,611,'FRIDAY','LAB',NULL,14,NULL,16,37),(29,46,1,612,'FRIDAY','LAB',NULL,13,NULL,17,37),(30,46,1,613,'FRIDAY','LAB',NULL,16,NULL,1,37),(30,46,1,614,'FRIDAY','LAB',NULL,15,NULL,2,37),(30,46,1,615,'FRIDAY','LAB',NULL,14,NULL,5,37),(30,46,1,616,'FRIDAY','LAB',NULL,13,NULL,6,37),(30,46,2,617,'FRIDAY','LAB',NULL,20,NULL,7,37),(30,46,2,618,'FRIDAY','LAB',NULL,19,NULL,8,37),(30,46,2,619,'FRIDAY','LAB',NULL,18,NULL,9,37),(30,46,2,620,'FRIDAY','LAB',NULL,17,NULL,10,37),(30,46,2,621,'FRIDAY','LAB',NULL,20,NULL,11,37),(30,46,2,622,'FRIDAY','LAB',NULL,19,NULL,12,37),(30,46,2,623,'FRIDAY','LAB',NULL,18,NULL,16,37),(30,46,2,624,'FRIDAY','LAB',NULL,17,NULL,17,37),(31,46,2,625,'FRIDAY','LAB',NULL,20,NULL,1,37),(31,46,2,626,'FRIDAY','LAB',NULL,19,NULL,2,37),(31,46,2,627,'FRIDAY','LAB',NULL,18,NULL,5,37),(31,46,2,628,'FRIDAY','LAB',NULL,17,NULL,6,37),(31,46,2,629,'FRIDAY','LAB',NULL,20,NULL,7,37),(31,46,2,630,'FRIDAY','LAB',NULL,19,NULL,8,37),(31,46,2,631,'FRIDAY','LAB',NULL,18,NULL,9,37),(31,46,2,632,'FRIDAY','LAB',NULL,17,NULL,10,37),(31,46,2,633,'FRIDAY','LAB',NULL,20,NULL,11,37),(31,46,2,634,'FRIDAY','LAB',NULL,19,NULL,12,37),(31,46,2,635,'FRIDAY','LAB',NULL,18,NULL,16,37),(31,46,2,636,'FRIDAY','LAB',NULL,17,NULL,17,37),(32,46,2,637,'FRIDAY','LAB',NULL,20,NULL,1,37),(32,46,2,638,'FRIDAY','LAB',NULL,19,NULL,2,37),(32,46,2,639,'FRIDAY','LAB',NULL,18,NULL,5,37),(32,46,2,640,'FRIDAY','LAB',NULL,17,NULL,6,37),(32,46,2,641,'FRIDAY','LAB',NULL,20,NULL,7,37),(32,46,2,642,'FRIDAY','LAB',NULL,19,NULL,8,37),(32,46,2,643,'FRIDAY','LAB',NULL,18,NULL,9,37),(32,46,2,644,'FRIDAY','LAB',NULL,17,NULL,10,37),(32,46,2,645,'FRIDAY','LAB',NULL,20,NULL,11,37),(32,46,2,646,'FRIDAY','LAB',NULL,19,NULL,12,37),(32,46,2,647,'FRIDAY','LAB',NULL,18,NULL,16,37),(32,46,2,648,'FRIDAY','LAB',NULL,17,NULL,17,37),(33,46,2,649,'FRIDAY','LAB',NULL,20,NULL,1,37),(33,46,2,650,'FRIDAY','LAB',NULL,19,NULL,2,37),(33,46,2,651,'FRIDAY','LAB',NULL,18,NULL,5,37),(33,46,2,652,'FRIDAY','LAB',NULL,17,NULL,6,37),(33,46,2,653,'FRIDAY','LAB',NULL,20,NULL,7,37),(33,46,2,654,'FRIDAY','LAB',NULL,19,NULL,8,37),(33,46,2,655,'FRIDAY','LAB',NULL,18,NULL,9,37),(33,46,2,656,'FRIDAY','LAB',NULL,17,NULL,10,37),(33,46,3,657,'FRIDAY','LAB',NULL,24,NULL,11,37),(33,46,3,658,'FRIDAY','LAB',NULL,23,NULL,12,37),(33,46,3,659,'FRIDAY','LAB',NULL,22,NULL,16,37),(33,46,3,660,'FRIDAY','LAB',NULL,21,NULL,17,37),(17,46,3,661,'FRIDAY','LAB',NULL,24,NULL,1,37),(17,46,3,662,'FRIDAY','LAB',NULL,23,NULL,2,37),(17,46,3,663,'FRIDAY','LAB',NULL,22,NULL,5,37),(17,46,3,664,'FRIDAY','LAB',NULL,21,NULL,6,37),(17,46,3,665,'FRIDAY','LAB',NULL,24,NULL,7,37),(17,46,3,666,'FRIDAY','LAB',NULL,23,NULL,8,37),(17,46,3,667,'FRIDAY','LAB',NULL,22,NULL,9,37),(17,46,3,668,'FRIDAY','LAB',NULL,21,NULL,10,37),(17,46,3,669,'FRIDAY','LAB',NULL,24,NULL,11,37),(17,46,3,670,'FRIDAY','LAB',NULL,23,NULL,12,37),(17,46,3,671,'FRIDAY','LAB',NULL,22,NULL,16,37),(17,46,3,672,'FRIDAY','LAB',NULL,21,NULL,17,37),(18,46,3,673,'FRIDAY','LAB',NULL,24,NULL,1,37),(18,46,3,674,'FRIDAY','LAB',NULL,23,NULL,2,37),(18,46,3,675,'FRIDAY','LAB',NULL,22,NULL,5,37),(18,46,3,676,'FRIDAY','LAB',NULL,21,NULL,6,37),(18,46,3,677,'FRIDAY','LAB',NULL,24,NULL,7,37),(18,46,3,678,'FRIDAY','LAB',NULL,23,NULL,8,37),(18,46,3,679,'FRIDAY','LAB',NULL,22,NULL,9,37),(18,46,3,680,'FRIDAY','LAB',NULL,21,NULL,10,37),(18,46,3,681,'FRIDAY','LAB',NULL,24,NULL,11,37),(18,46,3,682,'FRIDAY','LAB',NULL,23,NULL,12,37),(18,46,3,683,'FRIDAY','LAB',NULL,22,NULL,16,37),(18,46,3,684,'FRIDAY','LAB',NULL,21,NULL,17,37),(19,46,3,685,'FRIDAY','LAB',NULL,24,NULL,1,37),(19,46,3,686,'FRIDAY','LAB',NULL,23,NULL,2,37),(19,46,3,687,'FRIDAY','LAB',NULL,22,NULL,5,37),(19,46,3,688,'FRIDAY','LAB',NULL,21,NULL,6,37),(19,46,3,689,'FRIDAY','LAB',NULL,24,NULL,7,37),(19,46,3,690,'FRIDAY','LAB',NULL,23,NULL,8,37),(19,46,3,691,'FRIDAY','LAB',NULL,22,NULL,9,37),(19,46,3,692,'FRIDAY','LAB',NULL,21,NULL,10,37),(19,46,3,693,'FRIDAY','LAB',NULL,24,NULL,11,37),(19,46,3,694,'FRIDAY','LAB',NULL,23,NULL,12,37),(19,46,3,695,'FRIDAY','LAB',NULL,22,NULL,16,37),(19,46,3,696,'FRIDAY','LAB',NULL,21,NULL,17,37),(20,46,4,697,'FRIDAY','LAB',NULL,28,NULL,1,37),(20,46,4,698,'FRIDAY','LAB',NULL,27,NULL,2,37),(20,46,4,699,'FRIDAY','LAB',NULL,26,NULL,5,37),(20,46,4,700,'FRIDAY','LAB',NULL,25,NULL,6,37),(20,46,4,701,'FRIDAY','LAB',NULL,28,NULL,7,37),(20,46,4,702,'FRIDAY','LAB',NULL,27,NULL,8,37),(20,46,4,703,'FRIDAY','LAB',NULL,26,NULL,9,37),(20,46,4,704,'FRIDAY','LAB',NULL,25,NULL,10,37),(20,46,4,705,'FRIDAY','LAB',NULL,28,NULL,11,37),(20,46,4,706,'FRIDAY','LAB',NULL,27,NULL,12,37),(20,46,4,707,'FRIDAY','LAB',NULL,26,NULL,16,37),(20,46,4,708,'FRIDAY','LAB',NULL,25,NULL,17,37),(21,46,4,709,'FRIDAY','LAB',NULL,28,NULL,1,37),(21,46,4,710,'FRIDAY','LAB',NULL,27,NULL,2,37),(21,46,4,711,'FRIDAY','LAB',NULL,26,NULL,5,37),(21,46,4,712,'FRIDAY','LAB',NULL,25,NULL,6,37),(21,46,4,713,'FRIDAY','LAB',NULL,28,NULL,7,37),(21,46,4,714,'FRIDAY','LAB',NULL,27,NULL,8,37),(21,46,4,715,'FRIDAY','LAB',NULL,26,NULL,9,37),(21,46,4,716,'FRIDAY','LAB',NULL,25,NULL,10,37),(21,46,4,717,'FRIDAY','LAB',NULL,28,NULL,11,37),(21,46,4,718,'FRIDAY','LAB',NULL,27,NULL,12,37),(21,46,4,719,'FRIDAY','LAB',NULL,26,NULL,16,37),(21,46,4,720,'FRIDAY','LAB',NULL,25,NULL,17,37),(22,46,4,721,'FRIDAY','LAB',NULL,28,NULL,1,37),(22,46,4,722,'FRIDAY','LAB',NULL,27,NULL,2,37),(22,46,4,723,'FRIDAY','LAB',NULL,26,NULL,5,37),(22,46,4,724,'FRIDAY','LAB',NULL,25,NULL,6,37),(22,46,4,725,'FRIDAY','LAB',NULL,28,NULL,7,37),(22,46,4,726,'FRIDAY','LAB',NULL,27,NULL,8,37),(22,46,4,727,'FRIDAY','LAB',NULL,26,NULL,9,37),(22,46,4,728,'FRIDAY','LAB',NULL,25,NULL,10,37),(22,46,4,729,'FRIDAY','LAB',NULL,28,NULL,11,37),(22,46,4,730,'FRIDAY','LAB',NULL,27,NULL,12,37),(22,46,4,731,'FRIDAY','LAB',NULL,26,NULL,16,37),(22,46,4,732,'FRIDAY','LAB',NULL,25,NULL,17,37),(23,46,4,733,'FRIDAY','LAB',NULL,28,NULL,1,37),(23,46,4,734,'FRIDAY','LAB',NULL,27,NULL,2,37),(23,46,4,735,'FRIDAY','LAB',NULL,26,NULL,5,37),(23,46,4,736,'FRIDAY','LAB',NULL,25,NULL,6,37),(23,46,5,737,'FRIDAY','LAB',NULL,32,NULL,7,37),(23,46,5,738,'FRIDAY','LAB',NULL,31,NULL,8,37),(23,46,5,739,'FRIDAY','LAB',NULL,30,NULL,9,37),(23,46,5,740,'FRIDAY','LAB',NULL,29,NULL,10,37),(23,46,5,741,'FRIDAY','LAB',NULL,32,NULL,11,37),(23,46,5,742,'FRIDAY','LAB',NULL,31,NULL,12,37),(23,46,5,743,'FRIDAY','LAB',NULL,30,NULL,16,37),(23,46,5,744,'FRIDAY','LAB',NULL,29,NULL,17,37),(24,46,5,745,'FRIDAY','LAB',NULL,32,NULL,1,37),(24,46,5,746,'FRIDAY','LAB',NULL,31,NULL,2,37),(24,46,5,747,'FRIDAY','LAB',NULL,30,NULL,5,37),(24,46,5,748,'FRIDAY','LAB',NULL,29,NULL,6,37),(24,46,5,749,'FRIDAY','LAB',NULL,32,NULL,7,37),(24,46,5,750,'FRIDAY','LAB',NULL,31,NULL,8,37),(24,46,5,751,'FRIDAY','LAB',NULL,30,NULL,9,37),(24,46,5,752,'FRIDAY','LAB',NULL,29,NULL,10,37),(24,46,5,753,'FRIDAY','LAB',NULL,32,NULL,11,37),(24,46,5,754,'FRIDAY','LAB',NULL,31,NULL,12,37),(24,46,5,755,'FRIDAY','LAB',NULL,30,NULL,16,37),(24,46,5,756,'FRIDAY','LAB',NULL,29,NULL,17,37),(25,46,5,757,'FRIDAY','LAB',NULL,32,NULL,1,37),(25,46,5,758,'FRIDAY','LAB',NULL,31,NULL,2,37),(25,46,5,759,'FRIDAY','LAB',NULL,30,NULL,5,37),(25,46,5,760,'FRIDAY','LAB',NULL,29,NULL,6,37),(25,46,5,761,'FRIDAY','LAB',NULL,32,NULL,7,37),(25,46,5,762,'FRIDAY','LAB',NULL,31,NULL,8,37),(25,46,5,763,'FRIDAY','LAB',NULL,30,NULL,9,37),(25,46,5,764,'FRIDAY','LAB',NULL,29,NULL,10,37),(25,46,5,765,'FRIDAY','LAB',NULL,32,NULL,11,37),(25,46,5,766,'FRIDAY','LAB',NULL,31,NULL,12,37),(25,46,5,767,'FRIDAY','LAB',NULL,30,NULL,16,37),(25,46,5,768,'FRIDAY','LAB',NULL,29,NULL,17,37),(26,46,5,769,'FRIDAY','LAB',NULL,32,NULL,1,37),(26,46,5,770,'FRIDAY','LAB',NULL,31,NULL,2,37),(26,46,5,771,'FRIDAY','LAB',NULL,30,NULL,5,37),(26,46,5,772,'FRIDAY','LAB',NULL,29,NULL,6,37),(26,46,5,773,'FRIDAY','LAB',NULL,32,NULL,7,37),(26,46,5,774,'FRIDAY','LAB',NULL,31,NULL,8,37),(26,46,5,775,'FRIDAY','LAB',NULL,30,NULL,9,37),(26,46,5,776,'FRIDAY','LAB',NULL,29,NULL,10,37),(26,46,6,777,'FRIDAY','LAB',NULL,36,NULL,11,37),(26,46,6,778,'FRIDAY','LAB',NULL,35,NULL,12,37),(26,46,6,779,'FRIDAY','LAB',NULL,34,NULL,16,37),(26,46,6,780,'FRIDAY','LAB',NULL,33,NULL,17,37),(27,46,6,781,'FRIDAY','LAB',NULL,36,NULL,1,37),(27,46,6,782,'FRIDAY','LAB',NULL,35,NULL,2,37),(27,46,6,783,'FRIDAY','LAB',NULL,34,NULL,5,37),(27,46,6,784,'FRIDAY','LAB',NULL,33,NULL,6,37),(27,46,6,785,'FRIDAY','LAB',NULL,36,NULL,7,37),(27,46,6,786,'FRIDAY','LAB',NULL,35,NULL,8,37),(27,46,6,787,'FRIDAY','LAB',NULL,34,NULL,9,37),(27,46,6,788,'FRIDAY','LAB',NULL,33,NULL,10,37),(27,46,6,789,'FRIDAY','LAB',NULL,36,NULL,11,37),(27,46,6,790,'FRIDAY','LAB',NULL,35,NULL,12,37),(27,46,6,791,'FRIDAY','LAB',NULL,34,NULL,16,37),(27,46,6,792,'FRIDAY','LAB',NULL,33,NULL,17,37),(28,46,6,793,'FRIDAY','LAB',NULL,36,NULL,1,37),(28,46,6,794,'FRIDAY','LAB',NULL,35,NULL,2,37),(28,46,6,795,'FRIDAY','LAB',NULL,34,NULL,5,37),(28,46,6,796,'FRIDAY','LAB',NULL,33,NULL,6,37),(28,46,6,797,'FRIDAY','LAB',NULL,36,NULL,7,37),(28,46,6,798,'FRIDAY','LAB',NULL,35,NULL,8,37),(28,46,6,799,'FRIDAY','LAB',NULL,34,NULL,9,37),(28,46,6,800,'FRIDAY','LAB',NULL,33,NULL,10,37),(28,46,6,801,'FRIDAY','LAB',NULL,36,NULL,11,37),(28,46,6,802,'FRIDAY','LAB',NULL,35,NULL,12,37),(28,46,6,803,'FRIDAY','LAB',NULL,34,NULL,16,37),(28,46,6,804,'FRIDAY','LAB',NULL,33,NULL,17,37),(29,46,6,805,'FRIDAY','LAB',NULL,36,NULL,1,37),(29,46,6,806,'FRIDAY','LAB',NULL,35,NULL,2,37),(29,46,6,807,'FRIDAY','LAB',NULL,34,NULL,5,37),(29,46,6,808,'FRIDAY','LAB',NULL,33,NULL,6,37),(29,46,6,809,'FRIDAY','LAB',NULL,36,NULL,7,37),(29,46,6,810,'FRIDAY','LAB',NULL,35,NULL,8,37),(29,46,6,811,'FRIDAY','LAB',NULL,34,NULL,9,37),(29,46,6,812,'FRIDAY','LAB',NULL,33,NULL,10,37),(29,46,6,813,'FRIDAY','LAB',NULL,36,NULL,11,37),(29,46,6,814,'FRIDAY','LAB',NULL,35,NULL,12,37),(29,46,6,815,'FRIDAY','LAB',NULL,34,NULL,16,37),(29,46,6,816,'FRIDAY','LAB',NULL,33,NULL,17,37),(30,46,7,817,'FRIDAY','LAB',NULL,40,NULL,1,37),(30,46,7,818,'FRIDAY','LAB',NULL,39,NULL,2,37),(30,46,7,819,'FRIDAY','LAB',NULL,38,NULL,5,37),(30,46,7,820,'FRIDAY','LAB',NULL,37,NULL,6,37),(30,46,7,821,'FRIDAY','LAB',NULL,40,NULL,7,37),(30,46,7,822,'FRIDAY','LAB',NULL,39,NULL,8,37),(30,46,7,823,'FRIDAY','LAB',NULL,38,NULL,9,37),(30,46,7,824,'FRIDAY','LAB',NULL,37,NULL,10,37),(30,46,7,825,'FRIDAY','LAB',NULL,40,NULL,11,37),(30,46,7,826,'FRIDAY','LAB',NULL,39,NULL,12,37),(30,46,7,827,'FRIDAY','LAB',NULL,38,NULL,16,37),(30,46,7,828,'FRIDAY','LAB',NULL,37,NULL,17,37),(31,46,7,829,'FRIDAY','LAB',NULL,40,NULL,1,37),(31,46,7,830,'FRIDAY','LAB',NULL,39,NULL,2,37),(31,46,7,831,'FRIDAY','LAB',NULL,38,NULL,5,37),(31,46,7,832,'FRIDAY','LAB',NULL,37,NULL,6,37),(31,46,7,833,'FRIDAY','LAB',NULL,40,NULL,7,37),(31,46,7,834,'FRIDAY','LAB',NULL,39,NULL,8,37),(31,46,7,835,'FRIDAY','LAB',NULL,38,NULL,9,37),(31,46,7,836,'FRIDAY','LAB',NULL,37,NULL,10,37),(31,46,7,837,'FRIDAY','LAB',NULL,40,NULL,11,37),(31,46,7,838,'FRIDAY','LAB',NULL,39,NULL,12,37),(31,46,7,839,'FRIDAY','LAB',NULL,38,NULL,16,37),(31,46,7,840,'FRIDAY','LAB',NULL,37,NULL,17,37),(32,46,7,841,'FRIDAY','LAB',NULL,40,NULL,1,37),(32,46,7,842,'FRIDAY','LAB',NULL,39,NULL,2,37),(32,46,7,843,'FRIDAY','LAB',NULL,38,NULL,5,37),(32,46,7,844,'FRIDAY','LAB',NULL,37,NULL,6,37),(32,46,7,845,'FRIDAY','LAB',NULL,40,NULL,7,37),(32,46,7,846,'FRIDAY','LAB',NULL,39,NULL,8,37),(32,46,7,847,'FRIDAY','LAB',NULL,38,NULL,9,37),(32,46,7,848,'FRIDAY','LAB',NULL,37,NULL,10,37),(32,46,7,849,'FRIDAY','LAB',NULL,40,NULL,11,37),(32,46,7,850,'FRIDAY','LAB',NULL,39,NULL,12,37),(32,46,7,851,'FRIDAY','LAB',NULL,38,NULL,16,37),(32,46,7,852,'FRIDAY','LAB',NULL,37,NULL,17,37),(33,46,7,853,'FRIDAY','LAB',NULL,40,NULL,1,37),(33,46,7,854,'FRIDAY','LAB',NULL,39,NULL,2,37),(33,46,7,855,'FRIDAY','LAB',NULL,38,NULL,5,37),(33,46,7,856,'FRIDAY','LAB',NULL,37,NULL,6,37),(33,46,8,857,'FRIDAY','LAB',NULL,44,NULL,7,37),(33,46,8,858,'FRIDAY','LAB',NULL,43,NULL,8,37),(33,46,8,859,'FRIDAY','LAB',NULL,42,NULL,9,37),(33,46,8,860,'FRIDAY','LAB',NULL,41,NULL,10,37),(33,46,8,861,'FRIDAY','LAB',NULL,44,NULL,11,37),(33,46,8,862,'FRIDAY','LAB',NULL,43,NULL,12,37),(33,46,8,863,'FRIDAY','LAB',NULL,42,NULL,16,37),(33,46,8,864,'FRIDAY','LAB',NULL,41,NULL,17,37),(17,46,8,865,'FRIDAY','LAB',NULL,44,NULL,1,37),(17,46,8,866,'FRIDAY','LAB',NULL,43,NULL,2,37),(17,46,8,867,'FRIDAY','LAB',NULL,42,NULL,5,37),(17,46,8,868,'FRIDAY','LAB',NULL,41,NULL,6,37),(17,46,8,869,'FRIDAY','LAB',NULL,44,NULL,7,37),(17,46,8,870,'FRIDAY','LAB',NULL,43,NULL,8,37),(17,46,8,871,'FRIDAY','LAB',NULL,42,NULL,9,37),(17,46,8,872,'FRIDAY','LAB',NULL,41,NULL,10,37),(17,46,8,873,'FRIDAY','LAB',NULL,44,NULL,11,37),(17,46,8,874,'FRIDAY','LAB',NULL,43,NULL,12,37),(17,46,8,875,'FRIDAY','LAB',NULL,42,NULL,16,37),(17,46,8,876,'FRIDAY','LAB',NULL,41,NULL,17,37),(18,46,8,877,'FRIDAY','LAB',NULL,44,NULL,1,37),(18,46,8,878,'FRIDAY','LAB',NULL,43,NULL,2,37),(18,46,8,879,'FRIDAY','LAB',NULL,42,NULL,5,37),(18,46,8,880,'FRIDAY','LAB',NULL,41,NULL,6,37),(18,46,8,881,'FRIDAY','LAB',NULL,44,NULL,7,37),(18,46,8,882,'FRIDAY','LAB',NULL,43,NULL,8,37),(18,46,8,883,'FRIDAY','LAB',NULL,42,NULL,9,37),(18,46,8,884,'FRIDAY','LAB',NULL,41,NULL,10,37),(18,46,8,885,'FRIDAY','LAB',NULL,44,NULL,11,37),(18,46,8,886,'FRIDAY','LAB',NULL,43,NULL,12,37),(18,46,8,887,'FRIDAY','LAB',NULL,42,NULL,16,37),(18,46,8,888,'FRIDAY','LAB',NULL,41,NULL,17,37),(19,46,8,889,'FRIDAY','LAB',NULL,44,NULL,1,37),(19,46,8,890,'FRIDAY','LAB',NULL,43,NULL,2,37),(19,46,8,891,'FRIDAY','LAB',NULL,42,NULL,5,37),(19,46,8,892,'FRIDAY','LAB',NULL,41,NULL,6,37),(19,46,8,893,'FRIDAY','LAB',NULL,44,NULL,7,37),(19,46,8,894,'FRIDAY','LAB',NULL,43,NULL,8,37),(19,46,8,895,'FRIDAY','LAB',NULL,42,NULL,9,37),(19,46,8,896,'FRIDAY','LAB',NULL,41,NULL,10,37),(19,46,9,897,'FRIDAY','LAB',NULL,48,NULL,11,37),(19,46,9,898,'FRIDAY','LAB',NULL,47,NULL,12,37),(19,46,9,899,'FRIDAY','LAB',NULL,46,NULL,16,37),(19,46,9,900,'FRIDAY','LAB',NULL,45,NULL,17,37),(20,46,9,901,'FRIDAY','LAB',NULL,48,NULL,1,37),(20,46,9,902,'FRIDAY','LAB',NULL,47,NULL,2,37),(20,46,9,903,'FRIDAY','LAB',NULL,46,NULL,5,37),(20,46,9,904,'FRIDAY','LAB',NULL,45,NULL,6,37),(20,46,9,905,'FRIDAY','LAB',NULL,48,NULL,7,37),(20,46,9,906,'FRIDAY','LAB',NULL,47,NULL,8,37),(20,46,9,907,'FRIDAY','LAB',NULL,46,NULL,9,37),(20,46,9,908,'FRIDAY','LAB',NULL,45,NULL,10,37),(20,46,9,909,'FRIDAY','LAB',NULL,48,NULL,11,37),(20,46,9,910,'FRIDAY','LAB',NULL,47,NULL,12,37),(20,46,9,911,'FRIDAY','LAB',NULL,46,NULL,16,37),(20,46,9,912,'FRIDAY','LAB',NULL,45,NULL,17,37),(21,46,9,913,'FRIDAY','LAB',NULL,48,NULL,1,37),(21,46,9,914,'FRIDAY','LAB',NULL,47,NULL,2,37),(21,46,9,915,'FRIDAY','LAB',NULL,46,NULL,5,37),(21,46,9,916,'FRIDAY','LAB',NULL,45,NULL,6,37),(21,46,9,917,'FRIDAY','LAB',NULL,48,NULL,7,37),(21,46,9,918,'FRIDAY','LAB',NULL,47,NULL,8,37),(21,46,9,919,'FRIDAY','LAB',NULL,46,NULL,9,37),(21,46,9,920,'FRIDAY','LAB',NULL,45,NULL,10,37),(21,46,9,921,'FRIDAY','LAB',NULL,48,NULL,11,37),(21,46,9,922,'FRIDAY','LAB',NULL,47,NULL,12,37),(21,46,9,923,'FRIDAY','LAB',NULL,46,NULL,16,37),(21,46,9,924,'FRIDAY','LAB',NULL,45,NULL,17,37),(22,46,9,925,'FRIDAY','LAB',NULL,48,NULL,1,37),(22,46,9,926,'FRIDAY','LAB',NULL,47,NULL,2,37),(22,46,9,927,'FRIDAY','LAB',NULL,46,NULL,5,37),(22,46,9,928,'FRIDAY','LAB',NULL,45,NULL,6,37),(22,46,9,929,'FRIDAY','LAB',NULL,48,NULL,7,37),(22,46,9,930,'FRIDAY','LAB',NULL,47,NULL,8,37),(22,46,9,931,'FRIDAY','LAB',NULL,46,NULL,9,37),(22,46,9,932,'FRIDAY','LAB',NULL,45,NULL,10,37),(22,46,9,933,'FRIDAY','LAB',NULL,48,NULL,11,37),(22,46,9,934,'FRIDAY','LAB',NULL,47,NULL,12,37),(22,46,9,935,'FRIDAY','LAB',NULL,46,NULL,16,37),(22,46,9,936,'FRIDAY','LAB',NULL,45,NULL,17,37),(23,47,10,937,'FRIDAY','LECTURE',NULL,NULL,NULL,1,38),(23,47,10,938,'FRIDAY','LECTURE',NULL,NULL,NULL,2,38),(23,47,10,939,'FRIDAY','LECTURE',NULL,NULL,NULL,5,38),(23,47,11,940,'FRIDAY','LECTURE',NULL,NULL,NULL,6,38),(23,47,11,941,'FRIDAY','LECTURE',NULL,NULL,NULL,7,38),(23,47,11,942,'FRIDAY','LECTURE',NULL,NULL,NULL,8,38),(23,47,12,943,'FRIDAY','LECTURE',NULL,NULL,NULL,9,38),(23,47,12,944,'FRIDAY','LECTURE',NULL,NULL,NULL,10,38),(23,47,12,945,'FRIDAY','LECTURE',NULL,NULL,NULL,11,38),(23,47,1,946,'FRIDAY','LECTURE',NULL,NULL,NULL,12,38),(23,47,1,947,'FRIDAY','LECTURE',NULL,NULL,NULL,16,38),(23,47,1,948,'FRIDAY','LECTURE',NULL,NULL,NULL,17,38),(24,47,2,949,'FRIDAY','LECTURE',NULL,NULL,NULL,1,38),(24,47,2,950,'FRIDAY','LECTURE',NULL,NULL,NULL,2,38),(24,47,2,951,'FRIDAY','LECTURE',NULL,NULL,NULL,5,38),(24,47,3,952,'FRIDAY','LECTURE',NULL,NULL,NULL,6,38),(24,47,3,953,'FRIDAY','LECTURE',NULL,NULL,NULL,7,38),(24,47,3,954,'FRIDAY','LECTURE',NULL,NULL,NULL,8,38),(24,47,4,955,'FRIDAY','LECTURE',NULL,NULL,NULL,9,38),(24,47,4,956,'FRIDAY','LECTURE',NULL,NULL,NULL,10,38),(24,47,4,957,'FRIDAY','LECTURE',NULL,NULL,NULL,11,38),(24,47,5,958,'FRIDAY','LECTURE',NULL,NULL,NULL,12,38),(24,47,5,959,'FRIDAY','LECTURE',NULL,NULL,NULL,16,38),(24,47,5,960,'FRIDAY','LECTURE',NULL,NULL,NULL,17,38),(25,47,6,961,'FRIDAY','LECTURE',NULL,NULL,NULL,1,38),(25,47,6,962,'FRIDAY','LECTURE',NULL,NULL,NULL,2,38),(25,47,6,963,'FRIDAY','LECTURE',NULL,NULL,NULL,5,38),(25,47,7,964,'FRIDAY','LECTURE',NULL,NULL,NULL,6,38),(25,47,7,965,'FRIDAY','LECTURE',NULL,NULL,NULL,7,38),(25,47,7,966,'FRIDAY','LECTURE',NULL,NULL,NULL,8,38),(25,47,8,967,'FRIDAY','LECTURE',NULL,NULL,NULL,9,38),(25,47,8,968,'FRIDAY','LECTURE',NULL,NULL,NULL,10,38),(25,47,8,969,'FRIDAY','LECTURE',NULL,NULL,NULL,11,38),(25,47,9,970,'FRIDAY','LECTURE',NULL,NULL,NULL,12,38),(25,47,9,971,'FRIDAY','LECTURE',NULL,NULL,NULL,16,38),(25,47,9,972,'FRIDAY','LECTURE',NULL,NULL,NULL,17,38),(19,35,2,973,'FRIDAY','LECTURE',NULL,NULL,NULL,7,26),(19,35,2,974,'FRIDAY','LECTURE',NULL,NULL,NULL,8,26),(19,35,2,975,'FRIDAY','LECTURE',NULL,NULL,NULL,9,26),(19,35,2,976,'FRIDAY','TUTORIAL',NULL,20,NULL,10,26),(19,35,2,977,'FRIDAY','TUTORIAL',NULL,19,NULL,11,26),(19,35,2,978,'FRIDAY','TUTORIAL',NULL,18,NULL,12,26),(19,35,2,979,'FRIDAY','TUTORIAL',NULL,17,NULL,16,26),(19,35,3,980,'FRIDAY','LECTURE',NULL,NULL,NULL,17,26),(20,35,3,981,'FRIDAY','LECTURE',NULL,NULL,NULL,1,26),(20,35,3,982,'FRIDAY','LECTURE',NULL,NULL,NULL,2,26),(20,35,3,983,'FRIDAY','TUTORIAL',NULL,24,NULL,5,26),(20,35,3,984,'FRIDAY','TUTORIAL',NULL,23,NULL,6,26),(20,35,3,985,'FRIDAY','TUTORIAL',NULL,22,NULL,7,26),(20,35,3,986,'FRIDAY','TUTORIAL',NULL,21,NULL,8,26),(20,35,4,987,'FRIDAY','LECTURE',NULL,NULL,NULL,9,26),(20,35,4,988,'FRIDAY','LECTURE',NULL,NULL,NULL,10,26),(20,35,4,989,'FRIDAY','LECTURE',NULL,NULL,NULL,11,26),(20,35,4,990,'FRIDAY','TUTORIAL',NULL,28,NULL,12,26),(20,35,4,991,'FRIDAY','TUTORIAL',NULL,27,NULL,16,26),(20,35,4,992,'FRIDAY','TUTORIAL',NULL,26,NULL,17,26),(21,35,4,993,'FRIDAY','TUTORIAL',NULL,25,NULL,1,26),(21,35,5,994,'FRIDAY','LECTURE',NULL,NULL,NULL,2,26),(21,35,5,995,'FRIDAY','LECTURE',NULL,NULL,NULL,5,26),(21,35,5,996,'FRIDAY','LECTURE',NULL,NULL,NULL,6,26),(21,35,5,997,'FRIDAY','TUTORIAL',NULL,32,NULL,7,26),(21,35,5,998,'FRIDAY','TUTORIAL',NULL,31,NULL,8,26),(21,35,5,999,'FRIDAY','TUTORIAL',NULL,30,NULL,9,26),(21,35,5,1000,'FRIDAY','TUTORIAL',NULL,29,NULL,10,26),(21,35,6,1001,'FRIDAY','LECTURE',NULL,NULL,NULL,11,26),(21,35,6,1002,'FRIDAY','LECTURE',NULL,NULL,NULL,12,26),(21,35,6,1003,'FRIDAY','LECTURE',NULL,NULL,NULL,16,26),(21,35,6,1004,'FRIDAY','TUTORIAL',NULL,36,NULL,17,26),(22,35,6,1005,'FRIDAY','TUTORIAL',NULL,35,NULL,1,26),(22,35,6,1006,'FRIDAY','TUTORIAL',NULL,34,NULL,2,26),(22,35,6,1007,'FRIDAY','TUTORIAL',NULL,33,NULL,5,26),(22,35,7,1008,'FRIDAY','LECTURE',NULL,NULL,NULL,6,26),(22,35,7,1009,'FRIDAY','LECTURE',NULL,NULL,NULL,7,26),(22,35,7,1010,'FRIDAY','LECTURE',NULL,NULL,NULL,8,26),(22,35,7,1011,'FRIDAY','TUTORIAL',NULL,40,NULL,9,26),(22,35,7,1012,'FRIDAY','TUTORIAL',NULL,39,NULL,10,26),(22,35,7,1013,'FRIDAY','TUTORIAL',NULL,38,NULL,11,26),(22,35,7,1014,'FRIDAY','TUTORIAL',NULL,37,NULL,12,26),(22,35,8,1015,'FRIDAY','LECTURE',NULL,NULL,NULL,16,26),(22,35,8,1016,'FRIDAY','LECTURE',NULL,NULL,NULL,17,26),(23,35,8,1017,'FRIDAY','LECTURE',NULL,NULL,NULL,1,26),(23,35,8,1018,'FRIDAY','TUTORIAL',NULL,44,NULL,2,26),(23,35,8,1019,'FRIDAY','TUTORIAL',NULL,43,NULL,5,26),(23,35,8,1020,'FRIDAY','TUTORIAL',NULL,42,NULL,6,26),(23,35,8,1021,'FRIDAY','TUTORIAL',NULL,41,NULL,7,26),(23,35,9,1022,'FRIDAY','LECTURE',NULL,NULL,NULL,8,26),(23,35,9,1023,'FRIDAY','LECTURE',NULL,NULL,NULL,9,26),(23,35,9,1024,'FRIDAY','LECTURE',NULL,NULL,NULL,10,26),(23,35,9,1025,'FRIDAY','TUTORIAL',NULL,48,NULL,11,26),(23,35,9,1026,'FRIDAY','TUTORIAL',NULL,47,NULL,12,26),(23,35,9,1027,'FRIDAY','TUTORIAL',NULL,46,NULL,16,26),(23,35,9,1028,'FRIDAY','TUTORIAL',NULL,45,NULL,17,26),(24,36,10,1029,'FRIDAY','LECTURE',NULL,NULL,NULL,1,27),(24,36,10,1030,'FRIDAY','LECTURE',NULL,NULL,NULL,2,27),(24,36,10,1031,'FRIDAY','LECTURE',NULL,NULL,NULL,5,27),(24,36,10,1032,'FRIDAY','TUTORIAL',NULL,4,NULL,6,27),(24,36,10,1033,'FRIDAY','TUTORIAL',NULL,3,NULL,7,27),(24,36,10,1034,'FRIDAY','TUTORIAL',NULL,2,NULL,8,27),(24,36,10,1035,'FRIDAY','TUTORIAL',NULL,1,NULL,9,27),(24,36,11,1036,'FRIDAY','LECTURE',NULL,NULL,NULL,10,27),(24,36,11,1037,'FRIDAY','LECTURE',NULL,NULL,NULL,11,27),(24,36,11,1038,'FRIDAY','LECTURE',NULL,NULL,NULL,12,27),(24,36,11,1039,'FRIDAY','TUTORIAL',NULL,8,NULL,16,27),(24,36,11,1040,'FRIDAY','TUTORIAL',NULL,7,NULL,17,27),(25,36,11,1041,'FRIDAY','TUTORIAL',NULL,6,NULL,1,27),(25,36,11,1042,'FRIDAY','TUTORIAL',NULL,5,NULL,2,27),(25,36,12,1043,'FRIDAY','LECTURE',NULL,NULL,NULL,5,27),(25,36,12,1044,'FRIDAY','LECTURE',NULL,NULL,NULL,6,27),(25,36,12,1045,'FRIDAY','LECTURE',NULL,NULL,NULL,7,27),(25,36,12,1046,'FRIDAY','TUTORIAL',NULL,12,NULL,8,27),(25,36,12,1047,'FRIDAY','TUTORIAL',NULL,11,NULL,9,27),(25,36,12,1048,'FRIDAY','TUTORIAL',NULL,10,NULL,10,27),(25,36,12,1049,'FRIDAY','TUTORIAL',NULL,9,NULL,11,27),(25,36,1,1050,'FRIDAY','LECTURE',NULL,NULL,NULL,12,27),(25,36,1,1051,'FRIDAY','LECTURE',NULL,NULL,NULL,16,27),(25,36,1,1052,'FRIDAY','LECTURE',NULL,NULL,NULL,17,27),(26,36,1,1053,'FRIDAY','TUTORIAL',NULL,16,NULL,1,27),(26,36,1,1054,'FRIDAY','TUTORIAL',NULL,15,NULL,2,27),(26,36,1,1055,'FRIDAY','TUTORIAL',NULL,14,NULL,5,27),(26,36,1,1056,'FRIDAY','TUTORIAL',NULL,13,NULL,6,27),(26,36,2,1057,'FRIDAY','LECTURE',NULL,NULL,NULL,7,27),(26,36,2,1058,'FRIDAY','LECTURE',NULL,NULL,NULL,8,27),(26,36,2,1059,'FRIDAY','LECTURE',NULL,NULL,NULL,9,27),(26,36,2,1060,'FRIDAY','TUTORIAL',NULL,20,NULL,10,27),(26,36,2,1061,'FRIDAY','TUTORIAL',NULL,19,NULL,11,27),(26,36,2,1062,'FRIDAY','TUTORIAL',NULL,18,NULL,12,27),(26,36,2,1063,'FRIDAY','TUTORIAL',NULL,17,NULL,16,27),(26,36,3,1064,'FRIDAY','LECTURE',NULL,NULL,NULL,17,27),(27,36,3,1065,'FRIDAY','LECTURE',NULL,NULL,NULL,1,27),(27,36,3,1066,'FRIDAY','LECTURE',NULL,NULL,NULL,2,27),(27,36,3,1067,'FRIDAY','TUTORIAL',NULL,24,NULL,5,27),(27,36,3,1068,'FRIDAY','TUTORIAL',NULL,23,NULL,6,27),(27,36,3,1069,'FRIDAY','TUTORIAL',NULL,22,NULL,7,27),(27,36,3,1070,'FRIDAY','TUTORIAL',NULL,21,NULL,8,27),(27,36,4,1071,'FRIDAY','LECTURE',NULL,NULL,NULL,9,27),(27,36,4,1072,'FRIDAY','LECTURE',NULL,NULL,NULL,10,27),(27,36,4,1073,'FRIDAY','LECTURE',NULL,NULL,NULL,11,27),(27,36,4,1074,'FRIDAY','TUTORIAL',NULL,28,NULL,12,27),(27,36,4,1075,'FRIDAY','TUTORIAL',NULL,27,NULL,16,27),(27,36,4,1076,'FRIDAY','TUTORIAL',NULL,26,NULL,17,27),(28,36,4,1077,'FRIDAY','TUTORIAL',NULL,25,NULL,1,27),(28,36,5,1078,'FRIDAY','LECTURE',NULL,NULL,NULL,2,27),(28,36,5,1079,'FRIDAY','LECTURE',NULL,NULL,NULL,5,27),(28,36,5,1080,'FRIDAY','LECTURE',NULL,NULL,NULL,6,27),(28,36,5,1081,'FRIDAY','TUTORIAL',NULL,32,NULL,7,27),(28,36,5,1082,'FRIDAY','TUTORIAL',NULL,31,NULL,8,27),(28,36,5,1083,'FRIDAY','TUTORIAL',NULL,30,NULL,9,27),(28,36,5,1084,'FRIDAY','TUTORIAL',NULL,29,NULL,10,27),(28,36,6,1085,'FRIDAY','LECTURE',NULL,NULL,NULL,11,27),(28,36,6,1086,'FRIDAY','LECTURE',NULL,NULL,NULL,12,27),(28,36,6,1087,'FRIDAY','LECTURE',NULL,NULL,NULL,16,27),(28,36,6,1088,'FRIDAY','TUTORIAL',NULL,36,NULL,17,27),(29,36,6,1089,'FRIDAY','TUTORIAL',NULL,35,NULL,1,27),(29,36,6,1090,'FRIDAY','TUTORIAL',NULL,34,NULL,2,27),(29,36,6,1091,'FRIDAY','TUTORIAL',NULL,33,NULL,5,27),(29,36,7,1092,'FRIDAY','LECTURE',NULL,NULL,NULL,6,27),(29,36,7,1093,'FRIDAY','LECTURE',NULL,NULL,NULL,7,27),(29,36,7,1094,'FRIDAY','LECTURE',NULL,NULL,NULL,8,27),(29,36,7,1095,'FRIDAY','TUTORIAL',NULL,40,NULL,9,27),(29,36,7,1096,'FRIDAY','TUTORIAL',NULL,39,NULL,10,27),(29,36,7,1097,'FRIDAY','TUTORIAL',NULL,38,NULL,11,27),(29,36,7,1098,'FRIDAY','TUTORIAL',NULL,37,NULL,12,27),(29,36,8,1099,'FRIDAY','LECTURE',NULL,NULL,NULL,16,27),(29,36,8,1100,'FRIDAY','LECTURE',NULL,NULL,NULL,17,27),(30,36,8,1101,'FRIDAY','LECTURE',NULL,NULL,NULL,1,27),(30,36,8,1102,'FRIDAY','TUTORIAL',NULL,44,NULL,2,27),(30,36,8,1103,'FRIDAY','TUTORIAL',NULL,43,NULL,5,27),(30,36,8,1104,'FRIDAY','TUTORIAL',NULL,42,NULL,6,27),(30,36,8,1105,'FRIDAY','TUTORIAL',NULL,41,NULL,7,27),(30,36,9,1106,'FRIDAY','LECTURE',NULL,NULL,NULL,8,27),(30,36,9,1107,'FRIDAY','LECTURE',NULL,NULL,NULL,9,27),(30,36,9,1108,'FRIDAY','LECTURE',NULL,NULL,NULL,10,27),(30,36,9,1109,'FRIDAY','TUTORIAL',NULL,48,NULL,11,27),(30,36,9,1110,'FRIDAY','TUTORIAL',NULL,47,NULL,12,27),(30,36,9,1111,'FRIDAY','TUTORIAL',NULL,46,NULL,16,27),(30,36,9,1112,'FRIDAY','TUTORIAL',NULL,45,NULL,17,27),(31,37,10,1113,'FRIDAY','LECTURE',NULL,NULL,NULL,1,28),(31,37,10,1114,'FRIDAY','LECTURE',NULL,NULL,NULL,2,28),(31,37,10,1115,'FRIDAY','LECTURE',NULL,NULL,NULL,5,28),(31,37,10,1116,'FRIDAY','TUTORIAL',NULL,4,NULL,6,28),(31,37,10,1117,'FRIDAY','TUTORIAL',NULL,3,NULL,7,28),(31,37,10,1118,'FRIDAY','TUTORIAL',NULL,2,NULL,8,28),(31,37,10,1119,'FRIDAY','TUTORIAL',NULL,1,NULL,9,28),(31,37,11,1120,'FRIDAY','LECTURE',NULL,NULL,NULL,10,28),(31,37,11,1121,'FRIDAY','LECTURE',NULL,NULL,NULL,11,28),(31,37,11,1122,'FRIDAY','LECTURE',NULL,NULL,NULL,12,28),(31,37,11,1123,'FRIDAY','TUTORIAL',NULL,8,NULL,16,28),(31,37,11,1124,'FRIDAY','TUTORIAL',NULL,7,NULL,17,28),(32,37,11,1125,'FRIDAY','TUTORIAL',NULL,6,NULL,1,28),(32,37,11,1126,'FRIDAY','TUTORIAL',NULL,5,NULL,2,28),(32,37,12,1127,'FRIDAY','LECTURE',NULL,NULL,NULL,5,28),(32,37,12,1128,'FRIDAY','LECTURE',NULL,NULL,NULL,6,28),(32,37,12,1129,'FRIDAY','LECTURE',NULL,NULL,NULL,7,28),(32,37,12,1130,'FRIDAY','TUTORIAL',NULL,12,NULL,8,28),(32,37,12,1131,'FRIDAY','TUTORIAL',NULL,11,NULL,9,28),(32,37,12,1132,'FRIDAY','TUTORIAL',NULL,10,NULL,10,28),(32,37,12,1133,'FRIDAY','TUTORIAL',NULL,9,NULL,11,28),(32,37,1,1134,'FRIDAY','LECTURE',NULL,NULL,NULL,12,28),(32,37,1,1135,'FRIDAY','LECTURE',NULL,NULL,NULL,16,28),(32,37,1,1136,'FRIDAY','LECTURE',NULL,NULL,NULL,17,28),(33,37,1,1137,'FRIDAY','TUTORIAL',NULL,16,NULL,1,28),(33,37,1,1138,'FRIDAY','TUTORIAL',NULL,15,NULL,2,28),(33,37,1,1139,'FRIDAY','TUTORIAL',NULL,14,NULL,5,28),(33,37,1,1140,'FRIDAY','TUTORIAL',NULL,13,NULL,6,28),(33,37,2,1141,'FRIDAY','LECTURE',NULL,NULL,NULL,7,28),(33,37,2,1142,'FRIDAY','LECTURE',NULL,NULL,NULL,8,28),(33,37,2,1143,'FRIDAY','LECTURE',NULL,NULL,NULL,9,28),(33,37,2,1144,'FRIDAY','TUTORIAL',NULL,20,NULL,10,28),(33,37,2,1145,'FRIDAY','TUTORIAL',NULL,19,NULL,11,28),(33,37,2,1146,'FRIDAY','TUTORIAL',NULL,18,NULL,12,28),(33,37,2,1147,'FRIDAY','TUTORIAL',NULL,17,NULL,16,28),(33,37,3,1148,'FRIDAY','LECTURE',NULL,NULL,NULL,17,28),(17,37,3,1149,'FRIDAY','LECTURE',NULL,NULL,NULL,1,28),(17,37,3,1150,'FRIDAY','LECTURE',NULL,NULL,NULL,2,28),(17,37,3,1151,'FRIDAY','TUTORIAL',NULL,24,NULL,5,28),(17,37,3,1152,'FRIDAY','TUTORIAL',NULL,23,NULL,6,28),(17,37,3,1153,'FRIDAY','TUTORIAL',NULL,22,NULL,7,28),(17,37,3,1154,'FRIDAY','TUTORIAL',NULL,21,NULL,8,28),(17,37,4,1155,'FRIDAY','LECTURE',NULL,NULL,NULL,9,28),(17,37,4,1156,'FRIDAY','LECTURE',NULL,NULL,NULL,10,28),(17,37,4,1157,'FRIDAY','LECTURE',NULL,NULL,NULL,11,28),(17,37,4,1158,'FRIDAY','TUTORIAL',NULL,28,NULL,12,28),(17,37,4,1159,'FRIDAY','TUTORIAL',NULL,27,NULL,16,28),(17,37,4,1160,'FRIDAY','TUTORIAL',NULL,26,NULL,17,28),(18,37,4,1161,'FRIDAY','TUTORIAL',NULL,25,NULL,1,28),(18,37,5,1162,'FRIDAY','LECTURE',NULL,NULL,NULL,2,28),(18,37,5,1163,'FRIDAY','LECTURE',NULL,NULL,NULL,5,28),(18,37,5,1164,'FRIDAY','LECTURE',NULL,NULL,NULL,6,28),(18,37,5,1165,'FRIDAY','TUTORIAL',NULL,32,NULL,7,28),(18,37,5,1166,'FRIDAY','TUTORIAL',NULL,31,NULL,8,28),(18,37,5,1167,'FRIDAY','TUTORIAL',NULL,30,NULL,9,28),(18,37,5,1168,'FRIDAY','TUTORIAL',NULL,29,NULL,10,28),(18,37,6,1169,'FRIDAY','LECTURE',NULL,NULL,NULL,11,28),(18,37,6,1170,'FRIDAY','LECTURE',NULL,NULL,NULL,12,28),(18,37,6,1171,'FRIDAY','LECTURE',NULL,NULL,NULL,16,28),(18,37,6,1172,'FRIDAY','TUTORIAL',NULL,36,NULL,17,28),(19,37,6,1173,'FRIDAY','TUTORIAL',NULL,35,NULL,1,28),(19,37,6,1174,'FRIDAY','TUTORIAL',NULL,34,NULL,2,28),(19,37,6,1175,'FRIDAY','TUTORIAL',NULL,33,NULL,5,28),(19,37,7,1176,'FRIDAY','LECTURE',NULL,NULL,NULL,6,28),(19,37,7,1177,'FRIDAY','LECTURE',NULL,NULL,NULL,7,28),(19,37,7,1178,'FRIDAY','LECTURE',NULL,NULL,NULL,8,28),(19,37,7,1179,'FRIDAY','TUTORIAL',NULL,40,NULL,9,28),(19,37,7,1180,'FRIDAY','TUTORIAL',NULL,39,NULL,10,28),(19,37,7,1181,'FRIDAY','TUTORIAL',NULL,38,NULL,11,28),(19,37,7,1182,'FRIDAY','TUTORIAL',NULL,37,NULL,12,28),(19,37,8,1183,'FRIDAY','LECTURE',NULL,NULL,NULL,16,28),(19,37,8,1184,'FRIDAY','LECTURE',NULL,NULL,NULL,17,28),(20,37,8,1185,'FRIDAY','LECTURE',NULL,NULL,NULL,1,28),(20,37,8,1186,'FRIDAY','TUTORIAL',NULL,44,NULL,2,28),(20,37,8,1187,'FRIDAY','TUTORIAL',NULL,43,NULL,5,28),(20,37,8,1188,'FRIDAY','TUTORIAL',NULL,42,NULL,6,28),(20,37,8,1189,'FRIDAY','TUTORIAL',NULL,41,NULL,7,28),(20,37,9,1190,'FRIDAY','LECTURE',NULL,NULL,NULL,8,28),(20,37,9,1191,'FRIDAY','LECTURE',NULL,NULL,NULL,9,28),(20,37,9,1192,'FRIDAY','LECTURE',NULL,NULL,NULL,10,28),(20,37,9,1193,'FRIDAY','TUTORIAL',NULL,48,NULL,11,28),(20,37,9,1194,'FRIDAY','TUTORIAL',NULL,47,NULL,12,28),(20,37,9,1195,'FRIDAY','TUTORIAL',NULL,46,NULL,16,28),(20,37,9,1196,'FRIDAY','TUTORIAL',NULL,45,NULL,17,28),(21,38,10,1197,'FRIDAY','LECTURE',NULL,NULL,NULL,1,29),(21,38,10,1198,'FRIDAY','LECTURE',NULL,NULL,NULL,2,29),(21,38,10,1199,'FRIDAY','LECTURE',NULL,NULL,NULL,5,29),(21,38,11,1200,'FRIDAY','LECTURE',NULL,NULL,NULL,6,29),(21,38,11,1201,'FRIDAY','LECTURE',NULL,NULL,NULL,7,29),(21,38,11,1202,'FRIDAY','LECTURE',NULL,NULL,NULL,8,29),(21,38,12,1203,'FRIDAY','LECTURE',NULL,NULL,NULL,9,29),(21,38,12,1204,'FRIDAY','LECTURE',NULL,NULL,NULL,10,29),(21,38,12,1205,'FRIDAY','LECTURE',NULL,NULL,NULL,11,29),(21,38,1,1206,'FRIDAY','LECTURE',NULL,NULL,NULL,12,29),(21,38,1,1207,'FRIDAY','LECTURE',NULL,NULL,NULL,16,29),(21,38,1,1208,'FRIDAY','LECTURE',NULL,NULL,NULL,17,29),(22,38,2,1209,'FRIDAY','LECTURE',NULL,NULL,NULL,1,29),(22,38,2,1210,'FRIDAY','LECTURE',NULL,NULL,NULL,2,29),(22,38,2,1211,'FRIDAY','LECTURE',NULL,NULL,NULL,5,29),(22,38,3,1212,'FRIDAY','LECTURE',NULL,NULL,NULL,6,29),(22,38,3,1213,'FRIDAY','LECTURE',NULL,NULL,NULL,7,29),(22,38,3,1214,'FRIDAY','LECTURE',NULL,NULL,NULL,8,29),(22,38,4,1215,'FRIDAY','LECTURE',NULL,NULL,NULL,9,29),(22,38,4,1216,'FRIDAY','LECTURE',NULL,NULL,NULL,10,29),(22,38,4,1217,'FRIDAY','LECTURE',NULL,NULL,NULL,11,29),(22,38,5,1218,'FRIDAY','LECTURE',NULL,NULL,NULL,12,29),(22,38,5,1219,'FRIDAY','LECTURE',NULL,NULL,NULL,16,29),(22,38,5,1220,'FRIDAY','LECTURE',NULL,NULL,NULL,17,29),(23,38,6,1221,'FRIDAY','LECTURE',NULL,NULL,NULL,1,29),(23,38,6,1222,'FRIDAY','LECTURE',NULL,NULL,NULL,2,29),(23,38,6,1223,'FRIDAY','LECTURE',NULL,NULL,NULL,5,29),(23,38,7,1224,'FRIDAY','LECTURE',NULL,NULL,NULL,6,29),(23,38,7,1225,'FRIDAY','LECTURE',NULL,NULL,NULL,7,29),(23,38,7,1226,'FRIDAY','LECTURE',NULL,NULL,NULL,8,29),(23,38,8,1227,'FRIDAY','LECTURE',NULL,NULL,NULL,9,29),(23,38,8,1228,'FRIDAY','LECTURE',NULL,NULL,NULL,10,29),(23,38,8,1229,'FRIDAY','LECTURE',NULL,NULL,NULL,11,29),(23,38,9,1230,'FRIDAY','LECTURE',NULL,NULL,NULL,12,29),(23,38,9,1231,'FRIDAY','LECTURE',NULL,NULL,NULL,16,29),(23,38,9,1232,'FRIDAY','LECTURE',NULL,NULL,NULL,17,29),(24,39,10,1233,'FRIDAY','LECTURE',NULL,NULL,NULL,1,30),(24,39,10,1234,'FRIDAY','LECTURE',NULL,NULL,NULL,2,30),(24,39,10,1235,'FRIDAY','LECTURE',NULL,NULL,NULL,5,30),(24,39,11,1236,'FRIDAY','LECTURE',NULL,NULL,NULL,6,30),(24,39,11,1237,'FRIDAY','LECTURE',NULL,NULL,NULL,7,30),(24,39,11,1238,'FRIDAY','LECTURE',NULL,NULL,NULL,8,30),(24,39,12,1239,'FRIDAY','LECTURE',NULL,NULL,NULL,9,30),(24,39,12,1240,'FRIDAY','LECTURE',NULL,NULL,NULL,10,30),(24,39,12,1241,'FRIDAY','LECTURE',NULL,NULL,NULL,11,30),(24,39,1,1242,'FRIDAY','LECTURE',NULL,NULL,NULL,12,30),(24,39,1,1243,'FRIDAY','LECTURE',NULL,NULL,NULL,16,30),(24,39,1,1244,'FRIDAY','LECTURE',NULL,NULL,NULL,17,30),(25,39,2,1245,'FRIDAY','LECTURE',NULL,NULL,NULL,1,30),(25,39,2,1246,'FRIDAY','LECTURE',NULL,NULL,NULL,2,30),(25,39,2,1247,'FRIDAY','LECTURE',NULL,NULL,NULL,5,30),(25,39,3,1248,'FRIDAY','LECTURE',NULL,NULL,NULL,6,30),(25,39,3,1249,'FRIDAY','LECTURE',NULL,NULL,NULL,7,30),(25,39,3,1250,'FRIDAY','LECTURE',NULL,NULL,NULL,8,30),(25,39,4,1251,'FRIDAY','LECTURE',NULL,NULL,NULL,9,30),(25,39,4,1252,'FRIDAY','LECTURE',NULL,NULL,NULL,10,30),(25,39,4,1253,'FRIDAY','LECTURE',NULL,NULL,NULL,11,30),(25,39,5,1254,'FRIDAY','LECTURE',NULL,NULL,NULL,12,30),(25,39,5,1255,'FRIDAY','LECTURE',NULL,NULL,NULL,16,30),(25,39,5,1256,'FRIDAY','LECTURE',NULL,NULL,NULL,17,30),(26,39,6,1257,'FRIDAY','LECTURE',NULL,NULL,NULL,1,30),(26,39,6,1258,'FRIDAY','LECTURE',NULL,NULL,NULL,2,30),(26,39,6,1259,'FRIDAY','LECTURE',NULL,NULL,NULL,5,30),(26,39,7,1260,'FRIDAY','LECTURE',NULL,NULL,NULL,6,30),(26,39,7,1261,'FRIDAY','LECTURE',NULL,NULL,NULL,7,30),(26,39,7,1262,'FRIDAY','LECTURE',NULL,NULL,NULL,8,30),(26,39,8,1263,'FRIDAY','LECTURE',NULL,NULL,NULL,9,30),(26,39,8,1264,'FRIDAY','LECTURE',NULL,NULL,NULL,10,30),(26,39,8,1265,'FRIDAY','LECTURE',NULL,NULL,NULL,11,30),(26,39,9,1266,'FRIDAY','LECTURE',NULL,NULL,NULL,12,30),(26,39,9,1267,'FRIDAY','LECTURE',NULL,NULL,NULL,16,30),(26,39,9,1268,'FRIDAY','LECTURE',NULL,NULL,NULL,17,30),(27,40,10,1269,'FRIDAY','LECTURE',NULL,NULL,NULL,1,31),(27,40,10,1270,'FRIDAY','LECTURE',NULL,NULL,NULL,2,31),(27,40,10,1271,'FRIDAY','LECTURE',NULL,NULL,NULL,5,31),(27,40,11,1272,'FRIDAY','LECTURE',NULL,NULL,NULL,6,31),(27,40,11,1273,'FRIDAY','LECTURE',NULL,NULL,NULL,7,31),(27,40,11,1274,'FRIDAY','LECTURE',NULL,NULL,NULL,8,31),(27,40,12,1275,'FRIDAY','LECTURE',NULL,NULL,NULL,9,31),(27,40,12,1276,'FRIDAY','LECTURE',NULL,NULL,NULL,10,31),(27,40,12,1277,'FRIDAY','LECTURE',NULL,NULL,NULL,11,31),(27,40,1,1278,'FRIDAY','LECTURE',NULL,NULL,NULL,12,31),(27,40,1,1279,'FRIDAY','LECTURE',NULL,NULL,NULL,16,31),(27,40,1,1280,'FRIDAY','LECTURE',NULL,NULL,NULL,17,31),(28,40,2,1281,'FRIDAY','LECTURE',NULL,NULL,NULL,1,31),(28,40,2,1282,'FRIDAY','LECTURE',NULL,NULL,NULL,2,31),(28,40,2,1283,'FRIDAY','LECTURE',NULL,NULL,NULL,5,31),(28,40,3,1284,'FRIDAY','LECTURE',NULL,NULL,NULL,6,31),(28,40,3,1285,'FRIDAY','LECTURE',NULL,NULL,NULL,7,31),(28,40,3,1286,'FRIDAY','LECTURE',NULL,NULL,NULL,8,31),(28,40,4,1287,'FRIDAY','LECTURE',NULL,NULL,NULL,9,31),(28,40,4,1288,'FRIDAY','LECTURE',NULL,NULL,NULL,10,31),(28,40,4,1289,'FRIDAY','LECTURE',NULL,NULL,NULL,11,31),(28,40,5,1290,'FRIDAY','LECTURE',NULL,NULL,NULL,12,31),(28,40,5,1291,'FRIDAY','LECTURE',NULL,NULL,NULL,16,31),(28,40,5,1292,'FRIDAY','LECTURE',NULL,NULL,NULL,17,31),(29,40,6,1293,'FRIDAY','LECTURE',NULL,NULL,NULL,1,31),(29,40,6,1294,'FRIDAY','LECTURE',NULL,NULL,NULL,2,31),(29,40,6,1295,'FRIDAY','LECTURE',NULL,NULL,NULL,5,31),(29,40,7,1296,'FRIDAY','LECTURE',NULL,NULL,NULL,6,31),(29,40,7,1297,'FRIDAY','LECTURE',NULL,NULL,NULL,7,31),(29,40,7,1298,'FRIDAY','LECTURE',NULL,NULL,NULL,8,31),(29,40,8,1299,'FRIDAY','LECTURE',NULL,NULL,NULL,9,31),(29,40,8,1300,'FRIDAY','LECTURE',NULL,NULL,NULL,10,31),(29,40,8,1301,'FRIDAY','LECTURE',NULL,NULL,NULL,11,31),(29,40,9,1302,'FRIDAY','LECTURE',NULL,NULL,NULL,12,31),(29,40,9,1303,'FRIDAY','LECTURE',NULL,NULL,NULL,16,31),(29,40,9,1304,'FRIDAY','LECTURE',NULL,NULL,NULL,17,31),(30,41,10,1305,'FRIDAY','LAB',NULL,4,NULL,1,32),(30,41,10,1306,'FRIDAY','LAB',NULL,3,NULL,2,32),(30,41,10,1307,'FRIDAY','LAB',NULL,2,NULL,5,32),(30,41,10,1308,'FRIDAY','LAB',NULL,1,NULL,6,32),(30,41,10,1309,'FRIDAY','LAB',NULL,4,NULL,7,32),(30,41,10,1310,'FRIDAY','LAB',NULL,3,NULL,8,32),(30,41,10,1311,'FRIDAY','LAB',NULL,2,NULL,9,32),(30,41,10,1312,'FRIDAY','LAB',NULL,1,NULL,10,32),(30,41,10,1313,'FRIDAY','LAB',NULL,4,NULL,11,32),(30,41,10,1314,'FRIDAY','LAB',NULL,3,NULL,12,32),(30,41,10,1315,'FRIDAY','LAB',NULL,2,NULL,16,32),(30,41,10,1316,'FRIDAY','LAB',NULL,1,NULL,17,32),(31,41,10,1317,'FRIDAY','LAB',NULL,4,NULL,1,32),(31,41,10,1318,'FRIDAY','LAB',NULL,3,NULL,2,32),(31,41,10,1319,'FRIDAY','LAB',NULL,2,NULL,5,32),(31,41,10,1320,'FRIDAY','LAB',NULL,1,NULL,6,32),(31,41,11,1321,'FRIDAY','LAB',NULL,8,NULL,7,32),(31,41,11,1322,'FRIDAY','LAB',NULL,7,NULL,8,32),(31,41,11,1323,'FRIDAY','LAB',NULL,6,NULL,9,32),(31,41,11,1324,'FRIDAY','LAB',NULL,5,NULL,10,32),(31,41,11,1325,'FRIDAY','LAB',NULL,8,NULL,11,32),(31,41,11,1326,'FRIDAY','LAB',NULL,7,NULL,12,32),(31,41,11,1327,'FRIDAY','LAB',NULL,6,NULL,16,32),(31,41,11,1328,'FRIDAY','LAB',NULL,5,NULL,17,32),(32,41,11,1329,'FRIDAY','LAB',NULL,8,NULL,1,32),(32,41,11,1330,'FRIDAY','LAB',NULL,7,NULL,2,32),(32,41,11,1331,'FRIDAY','LAB',NULL,6,NULL,5,32),(32,41,11,1332,'FRIDAY','LAB',NULL,5,NULL,6,32),(32,41,11,1333,'FRIDAY','LAB',NULL,8,NULL,7,32),(32,41,11,1334,'FRIDAY','LAB',NULL,7,NULL,8,32),(32,41,11,1335,'FRIDAY','LAB',NULL,6,NULL,9,32),(32,41,11,1336,'FRIDAY','LAB',NULL,5,NULL,10,32),(32,41,12,1337,'FRIDAY','LAB',NULL,12,NULL,11,32),(32,41,12,1338,'FRIDAY','LAB',NULL,11,NULL,12,32),(32,41,12,1339,'FRIDAY','LAB',NULL,10,NULL,16,32),(32,41,12,1340,'FRIDAY','LAB',NULL,9,NULL,17,32),(33,41,12,1341,'FRIDAY','LAB',NULL,12,NULL,1,32),(33,41,12,1342,'FRIDAY','LAB',NULL,11,NULL,2,32),(33,41,12,1343,'FRIDAY','LAB',NULL,10,NULL,5,32),(33,41,12,1344,'FRIDAY','LAB',NULL,9,NULL,6,32),(33,41,12,1345,'FRIDAY','LAB',NULL,12,NULL,7,32),(33,41,12,1346,'FRIDAY','LAB',NULL,11,NULL,8,32),(33,41,12,1347,'FRIDAY','LAB',NULL,10,NULL,9,32),(33,41,12,1348,'FRIDAY','LAB',NULL,9,NULL,10,32),(33,41,12,1349,'FRIDAY','LAB',NULL,12,NULL,11,32),(33,41,12,1350,'FRIDAY','LAB',NULL,11,NULL,12,32),(33,41,12,1351,'FRIDAY','LAB',NULL,10,NULL,16,32),(33,41,12,1352,'FRIDAY','LAB',NULL,9,NULL,17,32),(17,41,1,1353,'FRIDAY','LAB',NULL,16,NULL,1,32),(17,41,1,1354,'FRIDAY','LAB',NULL,15,NULL,2,32),(17,41,1,1355,'FRIDAY','LAB',NULL,14,NULL,5,32),(17,41,1,1356,'FRIDAY','LAB',NULL,13,NULL,6,32),(17,41,1,1357,'FRIDAY','LAB',NULL,16,NULL,7,32),(17,41,1,1358,'FRIDAY','LAB',NULL,15,NULL,8,32),(17,41,1,1359,'FRIDAY','LAB',NULL,14,NULL,9,32),(17,41,1,1360,'FRIDAY','LAB',NULL,13,NULL,10,32),(17,41,1,1361,'FRIDAY','LAB',NULL,16,NULL,11,32),(17,41,1,1362,'FRIDAY','LAB',NULL,15,NULL,12,32),(17,41,1,1363,'FRIDAY','LAB',NULL,14,NULL,16,32),(17,41,1,1364,'FRIDAY','LAB',NULL,13,NULL,17,32),(18,41,1,1365,'FRIDAY','LAB',NULL,16,NULL,1,32),(18,41,1,1366,'FRIDAY','LAB',NULL,15,NULL,2,32),(18,41,1,1367,'FRIDAY','LAB',NULL,14,NULL,5,32),(18,41,1,1368,'FRIDAY','LAB',NULL,13,NULL,6,32),(18,41,2,1369,'FRIDAY','LAB',NULL,20,NULL,7,32),(18,41,2,1370,'FRIDAY','LAB',NULL,19,NULL,8,32),(18,41,2,1371,'FRIDAY','LAB',NULL,18,NULL,9,32),(18,41,2,1372,'FRIDAY','LAB',NULL,17,NULL,10,32),(18,41,2,1373,'FRIDAY','LAB',NULL,20,NULL,11,32),(18,41,2,1374,'FRIDAY','LAB',NULL,19,NULL,12,32),(18,41,2,1375,'FRIDAY','LAB',NULL,18,NULL,16,32),(18,41,2,1376,'FRIDAY','LAB',NULL,17,NULL,17,32),(19,41,2,1377,'FRIDAY','LAB',NULL,20,NULL,1,32),(19,41,2,1378,'FRIDAY','LAB',NULL,19,NULL,2,32),(19,41,2,1379,'FRIDAY','LAB',NULL,18,NULL,5,32),(19,41,2,1380,'FRIDAY','LAB',NULL,17,NULL,6,32),(19,41,2,1381,'FRIDAY','LAB',NULL,20,NULL,7,32),(19,41,2,1382,'FRIDAY','LAB',NULL,19,NULL,8,32),(19,41,2,1383,'FRIDAY','LAB',NULL,18,NULL,9,32),(19,41,2,1384,'FRIDAY','LAB',NULL,17,NULL,10,32),(19,41,3,1385,'FRIDAY','LAB',NULL,24,NULL,11,32),(19,41,3,1386,'FRIDAY','LAB',NULL,23,NULL,12,32),(19,41,3,1387,'FRIDAY','LAB',NULL,22,NULL,16,32),(19,41,3,1388,'FRIDAY','LAB',NULL,21,NULL,17,32),(20,41,3,1389,'FRIDAY','LAB',NULL,24,NULL,1,32),(20,41,3,1390,'FRIDAY','LAB',NULL,23,NULL,2,32),(20,41,3,1391,'FRIDAY','LAB',NULL,22,NULL,5,32),(20,41,3,1392,'FRIDAY','LAB',NULL,21,NULL,6,32),(20,41,3,1393,'FRIDAY','LAB',NULL,24,NULL,7,32),(20,41,3,1394,'FRIDAY','LAB',NULL,23,NULL,8,32),(20,41,3,1395,'FRIDAY','LAB',NULL,22,NULL,9,32),(20,41,3,1396,'FRIDAY','LAB',NULL,21,NULL,10,32),(20,41,3,1397,'FRIDAY','LAB',NULL,24,NULL,11,32),(20,41,3,1398,'FRIDAY','LAB',NULL,23,NULL,12,32),(20,41,3,1399,'FRIDAY','LAB',NULL,22,NULL,16,32),(20,41,3,1400,'FRIDAY','LAB',NULL,21,NULL,17,32),(21,41,4,1401,'FRIDAY','LAB',NULL,28,NULL,1,32),(21,41,4,1402,'FRIDAY','LAB',NULL,27,NULL,2,32),(21,41,4,1403,'FRIDAY','LAB',NULL,26,NULL,5,32),(21,41,4,1404,'FRIDAY','LAB',NULL,25,NULL,6,32),(21,41,4,1405,'FRIDAY','LAB',NULL,28,NULL,7,32),(21,41,4,1406,'FRIDAY','LAB',NULL,27,NULL,8,32),(21,41,4,1407,'FRIDAY','LAB',NULL,26,NULL,9,32),(21,41,4,1408,'FRIDAY','LAB',NULL,25,NULL,10,32),(21,41,4,1409,'FRIDAY','LAB',NULL,28,NULL,11,32),(21,41,4,1410,'FRIDAY','LAB',NULL,27,NULL,12,32),(21,41,4,1411,'FRIDAY','LAB',NULL,26,NULL,16,32),(21,41,4,1412,'FRIDAY','LAB',NULL,25,NULL,17,32),(22,41,4,1413,'FRIDAY','LAB',NULL,28,NULL,1,32),(22,41,4,1414,'FRIDAY','LAB',NULL,27,NULL,2,32),(22,41,4,1415,'FRIDAY','LAB',NULL,26,NULL,5,32),(22,41,4,1416,'FRIDAY','LAB',NULL,25,NULL,6,32),(22,41,5,1417,'FRIDAY','LAB',NULL,32,NULL,7,32),(22,41,5,1418,'FRIDAY','LAB',NULL,31,NULL,8,32),(22,41,5,1419,'FRIDAY','LAB',NULL,30,NULL,9,32),(22,41,5,1420,'FRIDAY','LAB',NULL,29,NULL,10,32),(22,41,5,1421,'FRIDAY','LAB',NULL,32,NULL,11,32),(22,41,5,1422,'FRIDAY','LAB',NULL,31,NULL,12,32),(22,41,5,1423,'FRIDAY','LAB',NULL,30,NULL,16,32),(22,41,5,1424,'FRIDAY','LAB',NULL,29,NULL,17,32),(23,41,5,1425,'FRIDAY','LAB',NULL,32,NULL,1,32),(23,41,5,1426,'FRIDAY','LAB',NULL,31,NULL,2,32),(23,41,5,1427,'FRIDAY','LAB',NULL,30,NULL,5,32),(23,41,5,1428,'FRIDAY','LAB',NULL,29,NULL,6,32),(23,41,5,1429,'FRIDAY','LAB',NULL,32,NULL,7,32),(23,41,5,1430,'FRIDAY','LAB',NULL,31,NULL,8,32),(23,41,5,1431,'FRIDAY','LAB',NULL,30,NULL,9,32),(23,41,5,1432,'FRIDAY','LAB',NULL,29,NULL,10,32),(23,41,6,1433,'FRIDAY','LAB',NULL,36,NULL,11,32),(23,41,6,1434,'FRIDAY','LAB',NULL,35,NULL,12,32),(23,41,6,1435,'FRIDAY','LAB',NULL,34,NULL,16,32),(23,41,6,1436,'FRIDAY','LAB',NULL,33,NULL,17,32),(24,41,6,1437,'FRIDAY','LAB',NULL,36,NULL,1,32),(24,41,6,1438,'FRIDAY','LAB',NULL,35,NULL,2,32),(24,41,6,1439,'FRIDAY','LAB',NULL,34,NULL,5,32),(24,41,6,1440,'FRIDAY','LAB',NULL,33,NULL,6,32),(24,41,6,1441,'FRIDAY','LAB',NULL,36,NULL,7,32),(24,41,6,1442,'FRIDAY','LAB',NULL,35,NULL,8,32),(24,41,6,1443,'FRIDAY','LAB',NULL,34,NULL,9,32),(24,41,6,1444,'FRIDAY','LAB',NULL,33,NULL,10,32),(24,41,6,1445,'FRIDAY','LAB',NULL,36,NULL,11,32),(24,41,6,1446,'FRIDAY','LAB',NULL,35,NULL,12,32),(24,41,6,1447,'FRIDAY','LAB',NULL,34,NULL,16,32),(24,41,6,1448,'FRIDAY','LAB',NULL,33,NULL,17,32),(25,41,7,1449,'FRIDAY','LAB',NULL,40,NULL,1,32),(25,41,7,1450,'FRIDAY','LAB',NULL,39,NULL,2,32),(25,41,7,1451,'FRIDAY','LAB',NULL,38,NULL,5,32),(25,41,7,1452,'FRIDAY','LAB',NULL,37,NULL,6,32),(25,41,7,1453,'FRIDAY','LAB',NULL,40,NULL,7,32),(25,41,7,1454,'FRIDAY','LAB',NULL,39,NULL,8,32),(25,41,7,1455,'FRIDAY','LAB',NULL,38,NULL,9,32),(25,41,7,1456,'FRIDAY','LAB',NULL,37,NULL,10,32),(25,41,7,1457,'FRIDAY','LAB',NULL,40,NULL,11,32),(25,41,7,1458,'FRIDAY','LAB',NULL,39,NULL,12,32),(25,41,7,1459,'FRIDAY','LAB',NULL,38,NULL,16,32),(25,41,7,1460,'FRIDAY','LAB',NULL,37,NULL,17,32),(26,41,7,1461,'FRIDAY','LAB',NULL,40,NULL,1,32),(26,41,7,1462,'FRIDAY','LAB',NULL,39,NULL,2,32),(26,41,7,1463,'FRIDAY','LAB',NULL,38,NULL,5,32),(26,41,7,1464,'FRIDAY','LAB',NULL,37,NULL,6,32),(26,41,8,1465,'FRIDAY','LAB',NULL,44,NULL,7,32),(26,41,8,1466,'FRIDAY','LAB',NULL,43,NULL,8,32),(26,41,8,1467,'FRIDAY','LAB',NULL,42,NULL,9,32),(26,41,8,1468,'FRIDAY','LAB',NULL,41,NULL,10,32),(26,41,8,1469,'FRIDAY','LAB',NULL,44,NULL,11,32),(26,41,8,1470,'FRIDAY','LAB',NULL,43,NULL,12,32),(26,41,8,1471,'FRIDAY','LAB',NULL,42,NULL,16,32),(26,41,8,1472,'FRIDAY','LAB',NULL,41,NULL,17,32),(27,41,8,1473,'FRIDAY','LAB',NULL,44,NULL,1,32),(27,41,8,1474,'FRIDAY','LAB',NULL,43,NULL,2,32),(27,41,8,1475,'FRIDAY','LAB',NULL,42,NULL,5,32),(27,41,8,1476,'FRIDAY','LAB',NULL,41,NULL,6,32),(27,41,8,1477,'FRIDAY','LAB',NULL,44,NULL,7,32),(27,41,8,1478,'FRIDAY','LAB',NULL,43,NULL,8,32),(27,41,8,1479,'FRIDAY','LAB',NULL,42,NULL,9,32),(27,41,8,1480,'FRIDAY','LAB',NULL,41,NULL,10,32),(27,41,9,1481,'FRIDAY','LAB',NULL,48,NULL,11,32),(27,41,9,1482,'FRIDAY','LAB',NULL,47,NULL,12,32),(27,41,9,1483,'FRIDAY','LAB',NULL,46,NULL,16,32),(27,41,9,1484,'FRIDAY','LAB',NULL,45,NULL,17,32),(28,41,9,1485,'FRIDAY','LAB',NULL,48,NULL,1,32),(28,41,9,1486,'FRIDAY','LAB',NULL,47,NULL,2,32),(28,41,9,1487,'FRIDAY','LAB',NULL,46,NULL,5,32),(28,41,9,1488,'FRIDAY','LAB',NULL,45,NULL,6,32),(28,41,9,1489,'FRIDAY','LAB',NULL,48,NULL,7,32),(28,41,9,1490,'FRIDAY','LAB',NULL,47,NULL,8,32),(28,41,9,1491,'FRIDAY','LAB',NULL,46,NULL,9,32),(28,41,9,1492,'FRIDAY','LAB',NULL,45,NULL,10,32),(28,41,9,1493,'FRIDAY','LAB',NULL,48,NULL,11,32),(28,41,9,1494,'FRIDAY','LAB',NULL,47,NULL,12,32),(28,41,9,1495,'FRIDAY','LAB',NULL,46,NULL,16,32),(28,41,9,1496,'FRIDAY','LAB',NULL,45,NULL,17,32),(29,42,10,1497,'FRIDAY','LAB',NULL,4,NULL,1,33),(29,42,10,1498,'FRIDAY','LAB',NULL,3,NULL,2,33),(29,42,10,1499,'FRIDAY','LAB',NULL,2,NULL,5,33),(29,42,10,1500,'FRIDAY','LAB',NULL,1,NULL,6,33),(29,42,10,1501,'FRIDAY','LAB',NULL,4,NULL,7,33),(29,42,10,1502,'FRIDAY','LAB',NULL,3,NULL,8,33),(29,42,10,1503,'FRIDAY','LAB',NULL,2,NULL,9,33),(29,42,10,1504,'FRIDAY','LAB',NULL,1,NULL,10,33),(29,42,11,1505,'FRIDAY','LAB',NULL,8,NULL,11,33),(29,42,11,1506,'FRIDAY','LAB',NULL,7,NULL,12,33),(29,42,11,1507,'FRIDAY','LAB',NULL,6,NULL,16,33),(29,42,11,1508,'FRIDAY','LAB',NULL,5,NULL,17,33),(30,42,11,1509,'FRIDAY','LAB',NULL,8,NULL,1,33),(30,42,11,1510,'FRIDAY','LAB',NULL,7,NULL,2,33),(30,42,11,1511,'FRIDAY','LAB',NULL,6,NULL,5,33),(30,42,11,1512,'FRIDAY','LAB',NULL,5,NULL,6,33),(30,42,12,1513,'FRIDAY','LAB',NULL,12,NULL,7,33),(30,42,12,1514,'FRIDAY','LAB',NULL,11,NULL,8,33),(30,42,12,1515,'FRIDAY','LAB',NULL,10,NULL,9,33),(30,42,12,1516,'FRIDAY','LAB',NULL,9,NULL,10,33),(30,42,12,1517,'FRIDAY','LAB',NULL,12,NULL,11,33),(30,42,12,1518,'FRIDAY','LAB',NULL,11,NULL,12,33),(30,42,12,1519,'FRIDAY','LAB',NULL,10,NULL,16,33),(30,42,12,1520,'FRIDAY','LAB',NULL,9,NULL,17,33),(31,42,1,1521,'FRIDAY','LAB',NULL,16,NULL,1,33),(31,42,1,1522,'FRIDAY','LAB',NULL,15,NULL,2,33),(31,42,1,1523,'FRIDAY','LAB',NULL,14,NULL,5,33),(31,42,1,1524,'FRIDAY','LAB',NULL,13,NULL,6,33),(31,42,1,1525,'FRIDAY','LAB',NULL,16,NULL,7,33),(31,42,1,1526,'FRIDAY','LAB',NULL,15,NULL,8,33),(31,42,1,1527,'FRIDAY','LAB',NULL,14,NULL,9,33),(31,42,1,1528,'FRIDAY','LAB',NULL,13,NULL,10,33),(31,42,2,1529,'FRIDAY','LAB',NULL,20,NULL,11,33),(31,42,2,1530,'FRIDAY','LAB',NULL,19,NULL,12,33),(31,42,2,1531,'FRIDAY','LAB',NULL,18,NULL,16,33),(31,42,2,1532,'FRIDAY','LAB',NULL,17,NULL,17,33),(32,42,2,1533,'FRIDAY','LAB',NULL,20,NULL,1,33),(32,42,2,1534,'FRIDAY','LAB',NULL,19,NULL,2,33),(32,42,2,1535,'FRIDAY','LAB',NULL,18,NULL,5,33),(32,42,2,1536,'FRIDAY','LAB',NULL,17,NULL,6,33),(32,42,3,1537,'FRIDAY','LAB',NULL,24,NULL,7,33),(32,42,3,1538,'FRIDAY','LAB',NULL,23,NULL,8,33),(32,42,3,1539,'FRIDAY','LAB',NULL,22,NULL,9,33),(32,42,3,1540,'FRIDAY','LAB',NULL,21,NULL,10,33),(32,42,3,1541,'FRIDAY','LAB',NULL,24,NULL,11,33),(32,42,3,1542,'FRIDAY','LAB',NULL,23,NULL,12,33),(32,42,3,1543,'FRIDAY','LAB',NULL,22,NULL,16,33),(32,42,3,1544,'FRIDAY','LAB',NULL,21,NULL,17,33),(33,42,4,1545,'FRIDAY','LAB',NULL,28,NULL,1,33),(33,42,4,1546,'FRIDAY','LAB',NULL,27,NULL,2,33),(33,42,4,1547,'FRIDAY','LAB',NULL,26,NULL,5,33),(33,42,4,1548,'FRIDAY','LAB',NULL,25,NULL,6,33),(33,42,4,1549,'FRIDAY','LAB',NULL,28,NULL,7,33),(33,42,4,1550,'FRIDAY','LAB',NULL,27,NULL,8,33),(33,42,4,1551,'FRIDAY','LAB',NULL,26,NULL,9,33),(33,42,4,1552,'FRIDAY','LAB',NULL,25,NULL,10,33),(33,42,5,1553,'FRIDAY','LAB',NULL,32,NULL,11,33),(33,42,5,1554,'FRIDAY','LAB',NULL,31,NULL,12,33),(33,42,5,1555,'FRIDAY','LAB',NULL,30,NULL,16,33),(33,42,5,1556,'FRIDAY','LAB',NULL,29,NULL,17,33),(17,42,5,1557,'FRIDAY','LAB',NULL,32,NULL,1,33),(17,42,5,1558,'FRIDAY','LAB',NULL,31,NULL,2,33),(17,42,5,1559,'FRIDAY','LAB',NULL,30,NULL,5,33),(17,42,5,1560,'FRIDAY','LAB',NULL,29,NULL,6,33),(17,42,6,1561,'FRIDAY','LAB',NULL,36,NULL,7,33),(17,42,6,1562,'FRIDAY','LAB',NULL,35,NULL,8,33),(17,42,6,1563,'FRIDAY','LAB',NULL,34,NULL,9,33),(17,42,6,1564,'FRIDAY','LAB',NULL,33,NULL,10,33),(17,42,6,1565,'FRIDAY','LAB',NULL,36,NULL,11,33),(17,42,6,1566,'FRIDAY','LAB',NULL,35,NULL,12,33),(17,42,6,1567,'FRIDAY','LAB',NULL,34,NULL,16,33),(17,42,6,1568,'FRIDAY','LAB',NULL,33,NULL,17,33),(18,42,7,1569,'FRIDAY','LAB',NULL,40,NULL,1,33),(18,42,7,1570,'FRIDAY','LAB',NULL,39,NULL,2,33),(18,42,7,1571,'FRIDAY','LAB',NULL,38,NULL,5,33),(18,42,7,1572,'FRIDAY','LAB',NULL,37,NULL,6,33),(18,42,7,1573,'FRIDAY','LAB',NULL,40,NULL,7,33),(18,42,7,1574,'FRIDAY','LAB',NULL,39,NULL,8,33),(18,42,7,1575,'FRIDAY','LAB',NULL,38,NULL,9,33),(18,42,7,1576,'FRIDAY','LAB',NULL,37,NULL,10,33),(18,42,8,1577,'FRIDAY','LAB',NULL,44,NULL,11,33),(18,42,8,1578,'FRIDAY','LAB',NULL,43,NULL,12,33),(18,42,8,1579,'FRIDAY','LAB',NULL,42,NULL,16,33),(18,42,8,1580,'FRIDAY','LAB',NULL,41,NULL,17,33),(19,42,8,1581,'FRIDAY','LAB',NULL,44,NULL,1,33),(19,42,8,1582,'FRIDAY','LAB',NULL,43,NULL,2,33),(19,42,8,1583,'FRIDAY','LAB',NULL,42,NULL,5,33),(19,42,8,1584,'FRIDAY','LAB',NULL,41,NULL,6,33),(19,42,9,1585,'FRIDAY','LAB',NULL,48,NULL,7,33),(19,42,9,1586,'FRIDAY','LAB',NULL,47,NULL,8,33),(19,42,9,1587,'FRIDAY','LAB',NULL,46,NULL,9,33),(19,42,9,1588,'FRIDAY','LAB',NULL,45,NULL,10,33),(19,42,9,1589,'FRIDAY','LAB',NULL,48,NULL,11,33),(19,42,9,1590,'FRIDAY','LAB',NULL,47,NULL,12,33),(19,42,9,1591,'FRIDAY','LAB',NULL,46,NULL,16,33),(19,42,9,1592,'FRIDAY','LAB',NULL,45,NULL,17,33),(20,43,10,1593,'FRIDAY','LAB',NULL,4,NULL,1,34),(20,43,10,1594,'FRIDAY','LAB',NULL,3,NULL,2,34),(20,43,10,1595,'FRIDAY','LAB',NULL,2,NULL,5,34),(20,43,10,1596,'FRIDAY','LAB',NULL,1,NULL,6,34),(20,43,10,1597,'FRIDAY','LAB',NULL,4,NULL,7,34),(20,43,10,1598,'FRIDAY','LAB',NULL,3,NULL,8,34),(20,43,10,1599,'FRIDAY','LAB',NULL,2,NULL,9,34),(20,43,10,1600,'FRIDAY','LAB',NULL,1,NULL,10,34),(20,43,11,1601,'FRIDAY','LAB',NULL,8,NULL,11,34),(20,43,11,1602,'FRIDAY','LAB',NULL,7,NULL,12,34),(20,43,11,1603,'FRIDAY','LAB',NULL,6,NULL,16,34),(20,43,11,1604,'FRIDAY','LAB',NULL,5,NULL,17,34),(21,43,11,1605,'FRIDAY','LAB',NULL,8,NULL,1,34),(21,43,11,1606,'FRIDAY','LAB',NULL,7,NULL,2,34),(21,43,11,1607,'FRIDAY','LAB',NULL,6,NULL,5,34),(21,43,11,1608,'FRIDAY','LAB',NULL,5,NULL,6,34),(21,43,12,1609,'FRIDAY','LAB',NULL,12,NULL,7,34),(21,43,12,1610,'FRIDAY','LAB',NULL,11,NULL,8,34),(21,43,12,1611,'FRIDAY','LAB',NULL,10,NULL,9,34),(21,43,12,1612,'FRIDAY','LAB',NULL,9,NULL,10,34),(21,43,12,1613,'FRIDAY','LAB',NULL,12,NULL,11,34),(21,43,12,1614,'FRIDAY','LAB',NULL,11,NULL,12,34),(21,43,12,1615,'FRIDAY','LAB',NULL,10,NULL,16,34),(21,43,12,1616,'FRIDAY','LAB',NULL,9,NULL,17,34),(22,43,1,1617,'FRIDAY','LAB',NULL,16,NULL,1,34),(22,43,1,1618,'FRIDAY','LAB',NULL,15,NULL,2,34),(22,43,1,1619,'FRIDAY','LAB',NULL,14,NULL,5,34),(22,43,1,1620,'FRIDAY','LAB',NULL,13,NULL,6,34),(22,43,1,1621,'FRIDAY','LAB',NULL,16,NULL,7,34),(22,43,1,1622,'FRIDAY','LAB',NULL,15,NULL,8,34),(22,43,1,1623,'FRIDAY','LAB',NULL,14,NULL,9,34),(22,43,1,1624,'FRIDAY','LAB',NULL,13,NULL,10,34),(22,43,2,1625,'FRIDAY','LAB',NULL,20,NULL,11,34),(22,43,2,1626,'FRIDAY','LAB',NULL,19,NULL,12,34),(22,43,2,1627,'FRIDAY','LAB',NULL,18,NULL,16,34),(22,43,2,1628,'FRIDAY','LAB',NULL,17,NULL,17,34),(23,43,2,1629,'FRIDAY','LAB',NULL,20,NULL,1,34),(23,43,2,1630,'FRIDAY','LAB',NULL,19,NULL,2,34),(23,43,2,1631,'FRIDAY','LAB',NULL,18,NULL,5,34),(23,43,2,1632,'FRIDAY','LAB',NULL,17,NULL,6,34),(23,43,3,1633,'FRIDAY','LAB',NULL,24,NULL,7,34),(23,43,3,1634,'FRIDAY','LAB',NULL,23,NULL,8,34),(23,43,3,1635,'FRIDAY','LAB',NULL,22,NULL,9,34),(23,43,3,1636,'FRIDAY','LAB',NULL,21,NULL,10,34),(23,43,3,1637,'FRIDAY','LAB',NULL,24,NULL,11,34),(23,43,3,1638,'FRIDAY','LAB',NULL,23,NULL,12,34),(23,43,3,1639,'FRIDAY','LAB',NULL,22,NULL,16,34),(23,43,3,1640,'FRIDAY','LAB',NULL,21,NULL,17,34),(24,43,4,1641,'FRIDAY','LAB',NULL,28,NULL,1,34),(24,43,4,1642,'FRIDAY','LAB',NULL,27,NULL,2,34),(24,43,4,1643,'FRIDAY','LAB',NULL,26,NULL,5,34),(24,43,4,1644,'FRIDAY','LAB',NULL,25,NULL,6,34),(24,43,4,1645,'FRIDAY','LAB',NULL,28,NULL,7,34),(24,43,4,1646,'FRIDAY','LAB',NULL,27,NULL,8,34),(24,43,4,1647,'FRIDAY','LAB',NULL,26,NULL,9,34),(24,43,4,1648,'FRIDAY','LAB',NULL,25,NULL,10,34),(24,43,5,1649,'FRIDAY','LAB',NULL,32,NULL,11,34),(24,43,5,1650,'FRIDAY','LAB',NULL,31,NULL,12,34),(24,43,5,1651,'FRIDAY','LAB',NULL,30,NULL,16,34),(24,43,5,1652,'FRIDAY','LAB',NULL,29,NULL,17,34),(25,43,5,1653,'FRIDAY','LAB',NULL,32,NULL,1,34),(25,43,5,1654,'FRIDAY','LAB',NULL,31,NULL,2,34),(25,43,5,1655,'FRIDAY','LAB',NULL,30,NULL,5,34),(25,43,5,1656,'FRIDAY','LAB',NULL,29,NULL,6,34),(25,43,6,1657,'FRIDAY','LAB',NULL,36,NULL,7,34),(25,43,6,1658,'FRIDAY','LAB',NULL,35,NULL,8,34),(25,43,6,1659,'FRIDAY','LAB',NULL,34,NULL,9,34),(25,43,6,1660,'FRIDAY','LAB',NULL,33,NULL,10,34),(25,43,6,1661,'FRIDAY','LAB',NULL,36,NULL,11,34),(25,43,6,1662,'FRIDAY','LAB',NULL,35,NULL,12,34),(25,43,6,1663,'FRIDAY','LAB',NULL,34,NULL,16,34),(25,43,6,1664,'FRIDAY','LAB',NULL,33,NULL,17,34),(26,43,7,1665,'FRIDAY','LAB',NULL,40,NULL,1,34),(26,43,7,1666,'FRIDAY','LAB',NULL,39,NULL,2,34),(26,43,7,1667,'FRIDAY','LAB',NULL,38,NULL,5,34),(26,43,7,1668,'FRIDAY','LAB',NULL,37,NULL,6,34),(26,43,7,1669,'FRIDAY','LAB',NULL,40,NULL,7,34),(26,43,7,1670,'FRIDAY','LAB',NULL,39,NULL,8,34),(26,43,7,1671,'FRIDAY','LAB',NULL,38,NULL,9,34),(26,43,7,1672,'FRIDAY','LAB',NULL,37,NULL,10,34),(26,43,8,1673,'FRIDAY','LAB',NULL,44,NULL,11,34),(26,43,8,1674,'FRIDAY','LAB',NULL,43,NULL,12,34),(26,43,8,1675,'FRIDAY','LAB',NULL,42,NULL,16,34),(26,43,8,1676,'FRIDAY','LAB',NULL,41,NULL,17,34),(27,43,8,1677,'FRIDAY','LAB',NULL,44,NULL,1,34),(27,43,8,1678,'FRIDAY','LAB',NULL,43,NULL,2,34),(27,43,8,1679,'FRIDAY','LAB',NULL,42,NULL,5,34),(27,43,8,1680,'FRIDAY','LAB',NULL,41,NULL,6,34),(27,43,9,1681,'FRIDAY','LAB',NULL,48,NULL,7,34),(27,43,9,1682,'FRIDAY','LAB',NULL,47,NULL,8,34),(27,43,9,1683,'FRIDAY','LAB',NULL,46,NULL,9,34),(27,43,9,1684,'FRIDAY','LAB',NULL,45,NULL,10,34),(27,43,9,1685,'FRIDAY','LAB',NULL,48,NULL,11,34),(27,43,9,1686,'FRIDAY','LAB',NULL,47,NULL,12,34),(27,43,9,1687,'FRIDAY','LAB',NULL,46,NULL,16,34),(27,43,9,1688,'FRIDAY','LAB',NULL,45,NULL,17,34),(28,44,10,1689,'FRIDAY','LAB',NULL,4,NULL,1,35),(28,44,10,1690,'FRIDAY','LAB',NULL,3,NULL,2,35),(28,44,10,1691,'FRIDAY','LAB',NULL,2,NULL,5,35),(28,44,10,1692,'FRIDAY','LAB',NULL,1,NULL,6,35),(28,44,10,1693,'FRIDAY','LAB',NULL,4,NULL,7,35),(28,44,10,1694,'FRIDAY','LAB',NULL,3,NULL,8,35),(28,44,10,1695,'FRIDAY','LAB',NULL,2,NULL,9,35),(28,44,10,1696,'FRIDAY','LAB',NULL,1,NULL,10,35),(28,44,11,1697,'FRIDAY','LAB',NULL,8,NULL,11,35),(28,44,11,1698,'FRIDAY','LAB',NULL,7,NULL,12,35),(28,44,11,1699,'FRIDAY','LAB',NULL,6,NULL,16,35),(28,44,11,1700,'FRIDAY','LAB',NULL,5,NULL,17,35),(29,44,11,1701,'FRIDAY','LAB',NULL,8,NULL,1,35),(29,44,11,1702,'FRIDAY','LAB',NULL,7,NULL,2,35),(29,44,11,1703,'FRIDAY','LAB',NULL,6,NULL,5,35),(29,44,11,1704,'FRIDAY','LAB',NULL,5,NULL,6,35),(29,44,12,1705,'FRIDAY','LAB',NULL,12,NULL,7,35),(29,44,12,1706,'FRIDAY','LAB',NULL,11,NULL,8,35),(29,44,12,1707,'FRIDAY','LAB',NULL,10,NULL,9,35),(29,44,12,1708,'FRIDAY','LAB',NULL,9,NULL,10,35),(29,44,12,1709,'FRIDAY','LAB',NULL,12,NULL,11,35),(29,44,12,1710,'FRIDAY','LAB',NULL,11,NULL,12,35),(29,44,12,1711,'FRIDAY','LAB',NULL,10,NULL,16,35),(29,44,12,1712,'FRIDAY','LAB',NULL,9,NULL,17,35),(30,44,1,1713,'FRIDAY','LAB',NULL,16,NULL,1,35),(30,44,1,1714,'FRIDAY','LAB',NULL,15,NULL,2,35),(30,44,1,1715,'FRIDAY','LAB',NULL,14,NULL,5,35),(30,44,1,1716,'FRIDAY','LAB',NULL,13,NULL,6,35),(30,44,1,1717,'FRIDAY','LAB',NULL,16,NULL,7,35),(30,44,1,1718,'FRIDAY','LAB',NULL,15,NULL,8,35),(30,44,1,1719,'FRIDAY','LAB',NULL,14,NULL,9,35),(30,44,1,1720,'FRIDAY','LAB',NULL,13,NULL,10,35),(30,44,2,1721,'FRIDAY','LAB',NULL,20,NULL,11,35),(30,44,2,1722,'FRIDAY','LAB',NULL,19,NULL,12,35),(30,44,2,1723,'FRIDAY','LAB',NULL,18,NULL,16,35),(30,44,2,1724,'FRIDAY','LAB',NULL,17,NULL,17,35),(31,44,2,1725,'FRIDAY','LAB',NULL,20,NULL,1,35),(31,44,2,1726,'FRIDAY','LAB',NULL,19,NULL,2,35),(31,44,2,1727,'FRIDAY','LAB',NULL,18,NULL,5,35),(31,44,2,1728,'FRIDAY','LAB',NULL,17,NULL,6,35),(31,44,3,1729,'FRIDAY','LAB',NULL,24,NULL,7,35),(31,44,3,1730,'FRIDAY','LAB',NULL,23,NULL,8,35),(31,44,3,1731,'FRIDAY','LAB',NULL,22,NULL,9,35),(31,44,3,1732,'FRIDAY','LAB',NULL,21,NULL,10,35),(31,44,3,1733,'FRIDAY','LAB',NULL,24,NULL,11,35),(31,44,3,1734,'FRIDAY','LAB',NULL,23,NULL,12,35),(31,44,3,1735,'FRIDAY','LAB',NULL,22,NULL,16,35),(31,44,3,1736,'FRIDAY','LAB',NULL,21,NULL,17,35),(32,44,4,1737,'FRIDAY','LAB',NULL,28,NULL,1,35),(32,44,4,1738,'FRIDAY','LAB',NULL,27,NULL,2,35),(32,44,4,1739,'FRIDAY','LAB',NULL,26,NULL,5,35),(32,44,4,1740,'FRIDAY','LAB',NULL,25,NULL,6,35),(32,44,4,1741,'FRIDAY','LAB',NULL,28,NULL,7,35),(32,44,4,1742,'FRIDAY','LAB',NULL,27,NULL,8,35),(32,44,4,1743,'FRIDAY','LAB',NULL,26,NULL,9,35),(32,44,4,1744,'FRIDAY','LAB',NULL,25,NULL,10,35),(17,44,5,1745,'FRIDAY','LAB',NULL,32,NULL,1,35),(25,29,11,1746,'FRIDAY','TUTORIAL',NULL,6,NULL,1,20),(25,29,11,1747,'FRIDAY','TUTORIAL',NULL,5,NULL,2,20),(25,29,12,1748,'FRIDAY','LECTURE',NULL,NULL,NULL,5,20),(25,29,12,1749,'FRIDAY','LECTURE',NULL,NULL,NULL,6,20),(25,29,12,1750,'FRIDAY','LECTURE',NULL,NULL,NULL,7,20),(25,29,12,1751,'FRIDAY','TUTORIAL',NULL,12,NULL,8,20),(25,29,12,1752,'FRIDAY','TUTORIAL',NULL,11,NULL,9,20),(25,29,12,1753,'FRIDAY','TUTORIAL',NULL,10,NULL,10,20),(25,29,12,1754,'FRIDAY','TUTORIAL',NULL,9,NULL,11,20),(25,29,1,1755,'FRIDAY','LECTURE',NULL,NULL,NULL,12,20),(25,29,1,1756,'FRIDAY','LECTURE',NULL,NULL,NULL,16,20),(25,29,1,1757,'FRIDAY','LECTURE',NULL,NULL,NULL,17,20),(26,29,1,1758,'FRIDAY','TUTORIAL',NULL,16,NULL,1,20),(26,29,1,1759,'FRIDAY','TUTORIAL',NULL,15,NULL,2,20),(26,29,1,1760,'FRIDAY','TUTORIAL',NULL,14,NULL,5,20),(26,29,1,1761,'FRIDAY','TUTORIAL',NULL,13,NULL,6,20),(26,29,2,1762,'FRIDAY','LECTURE',NULL,NULL,NULL,7,20),(26,29,2,1763,'FRIDAY','LECTURE',NULL,NULL,NULL,8,20),(26,29,2,1764,'FRIDAY','LECTURE',NULL,NULL,NULL,9,20),(26,29,2,1765,'FRIDAY','TUTORIAL',NULL,20,NULL,10,20),(26,29,2,1766,'FRIDAY','TUTORIAL',NULL,19,NULL,11,20),(26,29,2,1767,'FRIDAY','TUTORIAL',NULL,18,NULL,12,20),(26,29,2,1768,'FRIDAY','TUTORIAL',NULL,17,NULL,16,20),(26,29,3,1769,'FRIDAY','LECTURE',NULL,NULL,NULL,17,20),(27,29,3,1770,'FRIDAY','LECTURE',NULL,NULL,NULL,1,20),(27,29,3,1771,'FRIDAY','LECTURE',NULL,NULL,NULL,2,20),(27,29,3,1772,'FRIDAY','TUTORIAL',NULL,24,NULL,5,20),(27,29,3,1773,'FRIDAY','TUTORIAL',NULL,23,NULL,6,20),(27,29,3,1774,'FRIDAY','TUTORIAL',NULL,22,NULL,7,20),(27,29,3,1775,'FRIDAY','TUTORIAL',NULL,21,NULL,8,20),(27,29,4,1776,'FRIDAY','LECTURE',NULL,NULL,NULL,9,20),(27,29,4,1777,'FRIDAY','LECTURE',NULL,NULL,NULL,10,20),(27,29,4,1778,'FRIDAY','LECTURE',NULL,NULL,NULL,11,20),(27,29,4,1779,'FRIDAY','TUTORIAL',NULL,28,NULL,12,20),(27,29,4,1780,'FRIDAY','TUTORIAL',NULL,27,NULL,16,20),(27,29,4,1781,'FRIDAY','TUTORIAL',NULL,26,NULL,17,20),(28,29,4,1782,'FRIDAY','TUTORIAL',NULL,25,NULL,1,20),(28,29,5,1783,'FRIDAY','LECTURE',NULL,NULL,NULL,2,20),(28,29,5,1784,'FRIDAY','LECTURE',NULL,NULL,NULL,5,20),(28,29,5,1785,'FRIDAY','LECTURE',NULL,NULL,NULL,6,20),(28,29,5,1786,'FRIDAY','TUTORIAL',NULL,32,NULL,7,20),(28,29,5,1787,'FRIDAY','TUTORIAL',NULL,31,NULL,8,20),(28,29,5,1788,'FRIDAY','TUTORIAL',NULL,30,NULL,9,20),(28,29,5,1789,'FRIDAY','TUTORIAL',NULL,29,NULL,10,20),(28,29,6,1790,'FRIDAY','LECTURE',NULL,NULL,NULL,11,20),(28,29,6,1791,'FRIDAY','LECTURE',NULL,NULL,NULL,12,20),(28,29,6,1792,'FRIDAY','LECTURE',NULL,NULL,NULL,16,20),(28,29,6,1793,'FRIDAY','TUTORIAL',NULL,36,NULL,17,20),(29,29,6,1794,'FRIDAY','TUTORIAL',NULL,35,NULL,1,20),(29,29,6,1795,'FRIDAY','TUTORIAL',NULL,34,NULL,2,20),(29,29,6,1796,'FRIDAY','TUTORIAL',NULL,33,NULL,5,20),(29,29,7,1797,'FRIDAY','LECTURE',NULL,NULL,NULL,6,20),(29,29,7,1798,'FRIDAY','LECTURE',NULL,NULL,NULL,7,20),(29,29,7,1799,'FRIDAY','LECTURE',NULL,NULL,NULL,8,20),(29,29,7,1800,'FRIDAY','TUTORIAL',NULL,40,NULL,9,20),(29,29,7,1801,'FRIDAY','TUTORIAL',NULL,39,NULL,10,20),(29,29,7,1802,'FRIDAY','TUTORIAL',NULL,38,NULL,11,20),(29,29,7,1803,'FRIDAY','TUTORIAL',NULL,37,NULL,12,20),(29,29,8,1804,'FRIDAY','LECTURE',NULL,NULL,NULL,16,20),(29,29,8,1805,'FRIDAY','LECTURE',NULL,NULL,NULL,17,20),(30,29,8,1806,'FRIDAY','LECTURE',NULL,NULL,NULL,1,20),(30,29,8,1807,'FRIDAY','TUTORIAL',NULL,44,NULL,2,20),(30,29,8,1808,'FRIDAY','TUTORIAL',NULL,43,NULL,5,20),(30,29,8,1809,'FRIDAY','TUTORIAL',NULL,42,NULL,6,20),(30,29,8,1810,'FRIDAY','TUTORIAL',NULL,41,NULL,7,20),(30,29,9,1811,'FRIDAY','LECTURE',NULL,NULL,NULL,8,20),(30,29,9,1812,'FRIDAY','LECTURE',NULL,NULL,NULL,9,20),(30,29,9,1813,'FRIDAY','LECTURE',NULL,NULL,NULL,10,20),(30,29,9,1814,'FRIDAY','TUTORIAL',NULL,48,NULL,11,20),(30,29,9,1815,'FRIDAY','TUTORIAL',NULL,47,NULL,12,20),(30,29,9,1816,'FRIDAY','TUTORIAL',NULL,46,NULL,16,20),(30,29,9,1817,'FRIDAY','TUTORIAL',NULL,45,NULL,17,20),(31,30,10,1818,'FRIDAY','LECTURE',NULL,NULL,NULL,1,21),(31,30,10,1819,'FRIDAY','LECTURE',NULL,NULL,NULL,2,21),(31,30,10,1820,'FRIDAY','LECTURE',NULL,NULL,NULL,5,21),(31,30,10,1821,'FRIDAY','TUTORIAL',NULL,4,NULL,6,21),(31,30,10,1822,'FRIDAY','TUTORIAL',NULL,3,NULL,7,21),(31,30,10,1823,'FRIDAY','TUTORIAL',NULL,2,NULL,8,21),(31,30,10,1824,'FRIDAY','TUTORIAL',NULL,1,NULL,9,21),(31,30,11,1825,'FRIDAY','LECTURE',NULL,NULL,NULL,10,21),(31,30,11,1826,'FRIDAY','LECTURE',NULL,NULL,NULL,11,21),(31,30,11,1827,'FRIDAY','LECTURE',NULL,NULL,NULL,12,21),(31,30,11,1828,'FRIDAY','TUTORIAL',NULL,8,NULL,16,21),(31,30,11,1829,'FRIDAY','TUTORIAL',NULL,7,NULL,17,21),(32,30,11,1830,'FRIDAY','TUTORIAL',NULL,6,NULL,1,21),(32,30,11,1831,'FRIDAY','TUTORIAL',NULL,5,NULL,2,21),(32,30,12,1832,'FRIDAY','LECTURE',NULL,NULL,NULL,5,21),(32,30,12,1833,'FRIDAY','LECTURE',NULL,NULL,NULL,6,21),(32,30,12,1834,'FRIDAY','LECTURE',NULL,NULL,NULL,7,21),(32,30,12,1835,'FRIDAY','TUTORIAL',NULL,12,NULL,8,21),(32,30,12,1836,'FRIDAY','TUTORIAL',NULL,11,NULL,9,21),(32,30,12,1837,'FRIDAY','TUTORIAL',NULL,10,NULL,10,21),(32,30,12,1838,'FRIDAY','TUTORIAL',NULL,9,NULL,11,21),(32,30,1,1839,'FRIDAY','LECTURE',NULL,NULL,NULL,12,21),(32,30,1,1840,'FRIDAY','LECTURE',NULL,NULL,NULL,16,21),(32,30,1,1841,'FRIDAY','LECTURE',NULL,NULL,NULL,17,21),(33,30,1,1842,'FRIDAY','TUTORIAL',NULL,16,NULL,1,21),(33,30,1,1843,'FRIDAY','TUTORIAL',NULL,15,NULL,2,21),(33,30,1,1844,'FRIDAY','TUTORIAL',NULL,14,NULL,5,21),(33,30,1,1845,'FRIDAY','TUTORIAL',NULL,13,NULL,6,21),(33,30,2,1846,'FRIDAY','LECTURE',NULL,NULL,NULL,7,21),(33,30,2,1847,'FRIDAY','LECTURE',NULL,NULL,NULL,8,21),(33,30,2,1848,'FRIDAY','LECTURE',NULL,NULL,NULL,9,21),(33,30,2,1849,'FRIDAY','TUTORIAL',NULL,20,NULL,10,21),(33,30,2,1850,'FRIDAY','TUTORIAL',NULL,19,NULL,11,21),(33,30,2,1851,'FRIDAY','TUTORIAL',NULL,18,NULL,12,21),(33,30,2,1852,'FRIDAY','TUTORIAL',NULL,17,NULL,16,21),(33,30,3,1853,'FRIDAY','LECTURE',NULL,NULL,NULL,17,21),(17,30,3,1854,'FRIDAY','LECTURE',NULL,NULL,NULL,1,21),(17,30,3,1855,'FRIDAY','LECTURE',NULL,NULL,NULL,2,21),(17,30,3,1856,'FRIDAY','TUTORIAL',NULL,24,NULL,5,21),(17,30,3,1857,'FRIDAY','TUTORIAL',NULL,23,NULL,6,21),(17,30,3,1858,'FRIDAY','TUTORIAL',NULL,22,NULL,7,21),(17,30,3,1859,'FRIDAY','TUTORIAL',NULL,21,NULL,8,21),(17,30,4,1860,'FRIDAY','LECTURE',NULL,NULL,NULL,9,21),(17,30,4,1861,'FRIDAY','LECTURE',NULL,NULL,NULL,10,21),(17,30,4,1862,'FRIDAY','LECTURE',NULL,NULL,NULL,11,21),(17,30,4,1863,'FRIDAY','TUTORIAL',NULL,28,NULL,12,21),(17,30,4,1864,'FRIDAY','TUTORIAL',NULL,27,NULL,16,21),(17,30,4,1865,'FRIDAY','TUTORIAL',NULL,26,NULL,17,21),(18,30,4,1866,'FRIDAY','TUTORIAL',NULL,25,NULL,1,21),(18,30,5,1867,'FRIDAY','LECTURE',NULL,NULL,NULL,2,21),(18,30,5,1868,'FRIDAY','LECTURE',NULL,NULL,NULL,5,21),(18,30,5,1869,'FRIDAY','LECTURE',NULL,NULL,NULL,6,21),(18,30,5,1870,'FRIDAY','TUTORIAL',NULL,32,NULL,7,21),(18,30,5,1871,'FRIDAY','TUTORIAL',NULL,31,NULL,8,21),(18,30,5,1872,'FRIDAY','TUTORIAL',NULL,30,NULL,9,21),(18,30,5,1873,'FRIDAY','TUTORIAL',NULL,29,NULL,10,21),(18,30,6,1874,'FRIDAY','LECTURE',NULL,NULL,NULL,11,21),(18,30,6,1875,'FRIDAY','LECTURE',NULL,NULL,NULL,12,21),(18,30,6,1876,'FRIDAY','LECTURE',NULL,NULL,NULL,16,21),(18,30,6,1877,'FRIDAY','TUTORIAL',NULL,36,NULL,17,21),(19,30,6,1878,'FRIDAY','TUTORIAL',NULL,35,NULL,1,21),(19,30,6,1879,'FRIDAY','TUTORIAL',NULL,34,NULL,2,21),(19,30,6,1880,'FRIDAY','TUTORIAL',NULL,33,NULL,5,21),(19,30,7,1881,'FRIDAY','LECTURE',NULL,NULL,NULL,6,21),(19,30,7,1882,'FRIDAY','LECTURE',NULL,NULL,NULL,7,21),(19,30,7,1883,'FRIDAY','LECTURE',NULL,NULL,NULL,8,21),(19,30,7,1884,'FRIDAY','TUTORIAL',NULL,40,NULL,9,21),(19,30,7,1885,'FRIDAY','TUTORIAL',NULL,39,NULL,10,21),(19,30,7,1886,'FRIDAY','TUTORIAL',NULL,38,NULL,11,21),(19,30,7,1887,'FRIDAY','TUTORIAL',NULL,37,NULL,12,21),(19,30,8,1888,'FRIDAY','LECTURE',NULL,NULL,NULL,16,21),(19,30,8,1889,'FRIDAY','LECTURE',NULL,NULL,NULL,17,21),(20,30,8,1890,'FRIDAY','LECTURE',NULL,NULL,NULL,1,21),(20,30,8,1891,'FRIDAY','TUTORIAL',NULL,44,NULL,2,21),(20,30,8,1892,'FRIDAY','TUTORIAL',NULL,43,NULL,5,21),(20,30,8,1893,'FRIDAY','TUTORIAL',NULL,42,NULL,6,21),(20,30,8,1894,'FRIDAY','TUTORIAL',NULL,41,NULL,7,21),(20,30,9,1895,'FRIDAY','LECTURE',NULL,NULL,NULL,8,21),(20,30,9,1896,'FRIDAY','LECTURE',NULL,NULL,NULL,9,21),(20,30,9,1897,'FRIDAY','LECTURE',NULL,NULL,NULL,10,21),(20,30,9,1898,'FRIDAY','TUTORIAL',NULL,48,NULL,11,21),(20,30,9,1899,'FRIDAY','TUTORIAL',NULL,47,NULL,12,21),(20,30,9,1900,'FRIDAY','TUTORIAL',NULL,46,NULL,16,21),(20,30,9,1901,'FRIDAY','TUTORIAL',NULL,45,NULL,17,21),(21,31,10,1902,'FRIDAY','LECTURE',NULL,NULL,NULL,1,22),(21,31,10,1903,'FRIDAY','LECTURE',NULL,NULL,NULL,2,22),(21,31,10,1904,'FRIDAY','LECTURE',NULL,NULL,NULL,5,22),(21,31,11,1905,'FRIDAY','LECTURE',NULL,NULL,NULL,6,22),(21,31,11,1906,'FRIDAY','LECTURE',NULL,NULL,NULL,7,22),(21,31,11,1907,'FRIDAY','LECTURE',NULL,NULL,NULL,8,22),(21,31,12,1908,'FRIDAY','LECTURE',NULL,NULL,NULL,9,22),(21,31,12,1909,'FRIDAY','LECTURE',NULL,NULL,NULL,10,22),(21,31,12,1910,'FRIDAY','LECTURE',NULL,NULL,NULL,11,22),(21,31,1,1911,'FRIDAY','LECTURE',NULL,NULL,NULL,12,22),(21,31,1,1912,'FRIDAY','LECTURE',NULL,NULL,NULL,16,22),(21,31,1,1913,'FRIDAY','LECTURE',NULL,NULL,NULL,17,22),(22,31,2,1914,'FRIDAY','LECTURE',NULL,NULL,NULL,1,22),(22,31,2,1915,'FRIDAY','LECTURE',NULL,NULL,NULL,2,22),(22,31,2,1916,'FRIDAY','LECTURE',NULL,NULL,NULL,5,22),(22,31,3,1917,'FRIDAY','LECTURE',NULL,NULL,NULL,6,22),(22,31,3,1918,'FRIDAY','LECTURE',NULL,NULL,NULL,7,22),(22,31,3,1919,'FRIDAY','LECTURE',NULL,NULL,NULL,8,22),(22,31,4,1920,'FRIDAY','LECTURE',NULL,NULL,NULL,9,22),(22,31,4,1921,'FRIDAY','LECTURE',NULL,NULL,NULL,10,22),(22,31,4,1922,'FRIDAY','LECTURE',NULL,NULL,NULL,11,22),(22,31,5,1923,'FRIDAY','LECTURE',NULL,NULL,NULL,12,22),(22,31,5,1924,'FRIDAY','LECTURE',NULL,NULL,NULL,16,22),(22,31,5,1925,'FRIDAY','LECTURE',NULL,NULL,NULL,17,22),(23,31,6,1926,'FRIDAY','LECTURE',NULL,NULL,NULL,1,22),(23,31,6,1927,'FRIDAY','LECTURE',NULL,NULL,NULL,2,22),(23,31,6,1928,'FRIDAY','LECTURE',NULL,NULL,NULL,5,22),(23,31,7,1929,'FRIDAY','LECTURE',NULL,NULL,NULL,6,22),(23,31,7,1930,'FRIDAY','LECTURE',NULL,NULL,NULL,7,22),(23,31,7,1931,'FRIDAY','LECTURE',NULL,NULL,NULL,8,22),(23,31,8,1932,'FRIDAY','LECTURE',NULL,NULL,NULL,9,22),(23,31,8,1933,'FRIDAY','LECTURE',NULL,NULL,NULL,10,22),(23,31,8,1934,'FRIDAY','LECTURE',NULL,NULL,NULL,11,22),(23,31,9,1935,'FRIDAY','LECTURE',NULL,NULL,NULL,12,22),(23,31,9,1936,'FRIDAY','LECTURE',NULL,NULL,NULL,16,22),(23,31,9,1937,'FRIDAY','LECTURE',NULL,NULL,NULL,17,22),(24,32,10,1938,'FRIDAY','LECTURE',NULL,NULL,NULL,1,23),(24,32,10,1939,'FRIDAY','LECTURE',NULL,NULL,NULL,2,23),(24,32,10,1940,'FRIDAY','TUTORIAL',NULL,4,NULL,5,23),(24,32,10,1941,'FRIDAY','TUTORIAL',NULL,3,NULL,6,23),(24,32,10,1942,'FRIDAY','TUTORIAL',NULL,2,NULL,7,23),(24,32,10,1943,'FRIDAY','TUTORIAL',NULL,1,NULL,8,23),(24,32,11,1944,'FRIDAY','LECTURE',NULL,NULL,NULL,9,23),(24,32,11,1945,'FRIDAY','LECTURE',NULL,NULL,NULL,10,23),(24,32,11,1946,'FRIDAY','TUTORIAL',NULL,8,NULL,11,23),(24,32,11,1947,'FRIDAY','TUTORIAL',NULL,7,NULL,12,23),(24,32,11,1948,'FRIDAY','TUTORIAL',NULL,6,NULL,16,23),(24,32,11,1949,'FRIDAY','TUTORIAL',NULL,5,NULL,17,23),(25,32,12,1950,'FRIDAY','LECTURE',NULL,NULL,NULL,1,23),(25,32,12,1951,'FRIDAY','LECTURE',NULL,NULL,NULL,2,23),(25,32,12,1952,'FRIDAY','TUTORIAL',NULL,12,NULL,5,23),(25,32,12,1953,'FRIDAY','TUTORIAL',NULL,11,NULL,6,23),(25,32,12,1954,'FRIDAY','TUTORIAL',NULL,10,NULL,7,23),(25,32,12,1955,'FRIDAY','TUTORIAL',NULL,9,NULL,8,23),(25,32,1,1956,'FRIDAY','LECTURE',NULL,NULL,NULL,9,23),(25,32,1,1957,'FRIDAY','LECTURE',NULL,NULL,NULL,10,23),(25,32,1,1958,'FRIDAY','TUTORIAL',NULL,16,NULL,11,23),(25,32,1,1959,'FRIDAY','TUTORIAL',NULL,15,NULL,12,23),(25,32,1,1960,'FRIDAY','TUTORIAL',NULL,14,NULL,16,23),(25,32,1,1961,'FRIDAY','TUTORIAL',NULL,13,NULL,17,23),(26,32,2,1962,'FRIDAY','LECTURE',NULL,NULL,NULL,1,23),(26,32,2,1963,'FRIDAY','LECTURE',NULL,NULL,NULL,2,23),(26,32,2,1964,'FRIDAY','TUTORIAL',NULL,20,NULL,5,23),(26,32,2,1965,'FRIDAY','TUTORIAL',NULL,19,NULL,6,23),(26,32,2,1966,'FRIDAY','TUTORIAL',NULL,18,NULL,7,23),(26,32,2,1967,'FRIDAY','TUTORIAL',NULL,17,NULL,8,23),(26,32,3,1968,'FRIDAY','LECTURE',NULL,NULL,NULL,9,23),(26,32,3,1969,'FRIDAY','LECTURE',NULL,NULL,NULL,10,23),(26,32,3,1970,'FRIDAY','TUTORIAL',NULL,24,NULL,11,23),(26,32,3,1971,'FRIDAY','TUTORIAL',NULL,23,NULL,12,23),(26,32,3,1972,'FRIDAY','TUTORIAL',NULL,22,NULL,16,23),(26,32,3,1973,'FRIDAY','TUTORIAL',NULL,21,NULL,17,23),(27,32,4,1974,'FRIDAY','LECTURE',NULL,NULL,NULL,1,23),(27,32,4,1975,'FRIDAY','LECTURE',NULL,NULL,NULL,2,23),(27,32,4,1976,'FRIDAY','TUTORIAL',NULL,28,NULL,5,23),(27,32,4,1977,'FRIDAY','TUTORIAL',NULL,27,NULL,6,23),(27,32,4,1978,'FRIDAY','TUTORIAL',NULL,26,NULL,7,23),(27,32,4,1979,'FRIDAY','TUTORIAL',NULL,25,NULL,8,23),(27,32,5,1980,'FRIDAY','LECTURE',NULL,NULL,NULL,9,23),(27,32,5,1981,'FRIDAY','LECTURE',NULL,NULL,NULL,10,23),(27,32,5,1982,'FRIDAY','TUTORIAL',NULL,32,NULL,11,23),(27,32,5,1983,'FRIDAY','TUTORIAL',NULL,31,NULL,12,23),(27,32,5,1984,'FRIDAY','TUTORIAL',NULL,30,NULL,16,23),(27,32,5,1985,'FRIDAY','TUTORIAL',NULL,29,NULL,17,23),(28,32,6,1986,'FRIDAY','LECTURE',NULL,NULL,NULL,1,23),(28,32,6,1987,'FRIDAY','LECTURE',NULL,NULL,NULL,2,23),(28,32,6,1988,'FRIDAY','TUTORIAL',NULL,36,NULL,5,23),(28,32,6,1989,'FRIDAY','TUTORIAL',NULL,35,NULL,6,23),(28,32,6,1990,'FRIDAY','TUTORIAL',NULL,34,NULL,7,23),(28,32,6,1991,'FRIDAY','TUTORIAL',NULL,33,NULL,8,23),(28,32,7,1992,'FRIDAY','LECTURE',NULL,NULL,NULL,9,23),(28,32,7,1993,'FRIDAY','LECTURE',NULL,NULL,NULL,10,23),(28,32,7,1994,'FRIDAY','TUTORIAL',NULL,40,NULL,11,23),(28,32,7,1995,'FRIDAY','TUTORIAL',NULL,39,NULL,12,23),(28,32,7,1996,'FRIDAY','TUTORIAL',NULL,38,NULL,16,23),(28,32,7,1997,'FRIDAY','TUTORIAL',NULL,37,NULL,17,23),(29,32,8,1998,'FRIDAY','LECTURE',NULL,NULL,NULL,1,23),(29,32,8,1999,'FRIDAY','LECTURE',NULL,NULL,NULL,2,23),(29,32,8,2000,'FRIDAY','TUTORIAL',NULL,44,NULL,5,23),(29,32,8,2001,'FRIDAY','TUTORIAL',NULL,43,NULL,6,23),(29,32,8,2002,'FRIDAY','TUTORIAL',NULL,42,NULL,7,23),(29,32,8,2003,'FRIDAY','TUTORIAL',NULL,41,NULL,8,23),(29,32,9,2004,'FRIDAY','LECTURE',NULL,NULL,NULL,9,23),(29,32,9,2005,'FRIDAY','LECTURE',NULL,NULL,NULL,10,23),(29,32,9,2006,'FRIDAY','TUTORIAL',NULL,48,NULL,11,23),(29,32,9,2007,'FRIDAY','TUTORIAL',NULL,47,NULL,12,23),(29,32,9,2008,'FRIDAY','TUTORIAL',NULL,46,NULL,16,23),(29,32,9,2009,'FRIDAY','TUTORIAL',NULL,45,NULL,17,23),(30,33,10,2010,'FRIDAY','LAB',NULL,4,NULL,1,24),(30,33,10,2011,'FRIDAY','LAB',NULL,3,NULL,2,24),(30,33,10,2012,'FRIDAY','LAB',NULL,2,NULL,5,24),(30,33,10,2013,'FRIDAY','LAB',NULL,1,NULL,6,24),(30,33,10,2014,'FRIDAY','LAB',NULL,4,NULL,7,24),(30,33,10,2015,'FRIDAY','LAB',NULL,3,NULL,8,24),(30,33,10,2016,'FRIDAY','LAB',NULL,2,NULL,9,24),(30,33,10,2017,'FRIDAY','LAB',NULL,1,NULL,10,24),(30,33,10,2018,'FRIDAY','LAB',NULL,4,NULL,11,24),(30,33,10,2019,'FRIDAY','LAB',NULL,3,NULL,12,24),(30,33,10,2020,'FRIDAY','LAB',NULL,2,NULL,16,24),(30,33,10,2021,'FRIDAY','LAB',NULL,1,NULL,17,24),(31,33,10,2022,'FRIDAY','LAB',NULL,4,NULL,1,24),(31,33,10,2023,'FRIDAY','LAB',NULL,3,NULL,2,24),(31,33,10,2024,'FRIDAY','LAB',NULL,2,NULL,5,24),(31,33,10,2025,'FRIDAY','LAB',NULL,1,NULL,6,24),(31,33,11,2026,'FRIDAY','LAB',NULL,8,NULL,7,24),(31,33,11,2027,'FRIDAY','LAB',NULL,7,NULL,8,24),(31,33,11,2028,'FRIDAY','LAB',NULL,6,NULL,9,24),(31,33,11,2029,'FRIDAY','LAB',NULL,5,NULL,10,24),(31,33,11,2030,'FRIDAY','LAB',NULL,8,NULL,11,24),(31,33,11,2031,'FRIDAY','LAB',NULL,7,NULL,12,24),(31,33,11,2032,'FRIDAY','LAB',NULL,6,NULL,16,24),(31,33,11,2033,'FRIDAY','LAB',NULL,5,NULL,17,24),(32,33,11,2034,'FRIDAY','LAB',NULL,8,NULL,1,24),(32,33,11,2035,'FRIDAY','LAB',NULL,7,NULL,2,24),(32,33,11,2036,'FRIDAY','LAB',NULL,6,NULL,5,24),(32,33,11,2037,'FRIDAY','LAB',NULL,5,NULL,6,24),(32,33,11,2038,'FRIDAY','LAB',NULL,8,NULL,7,24),(32,33,11,2039,'FRIDAY','LAB',NULL,7,NULL,8,24),(32,33,11,2040,'FRIDAY','LAB',NULL,6,NULL,9,24),(32,33,11,2041,'FRIDAY','LAB',NULL,5,NULL,10,24),(32,33,12,2042,'FRIDAY','LAB',NULL,12,NULL,11,24),(32,33,12,2043,'FRIDAY','LAB',NULL,11,NULL,12,24),(32,33,12,2044,'FRIDAY','LAB',NULL,10,NULL,16,24),(32,33,12,2045,'FRIDAY','LAB',NULL,9,NULL,17,24),(33,33,12,2046,'FRIDAY','LAB',NULL,12,NULL,1,24),(33,33,12,2047,'FRIDAY','LAB',NULL,11,NULL,2,24),(33,33,12,2048,'FRIDAY','LAB',NULL,10,NULL,5,24),(33,33,12,2049,'FRIDAY','LAB',NULL,9,NULL,6,24),(33,33,12,2050,'FRIDAY','LAB',NULL,12,NULL,7,24),(33,33,12,2051,'FRIDAY','LAB',NULL,11,NULL,8,24),(33,33,12,2052,'FRIDAY','LAB',NULL,10,NULL,9,24),(33,33,12,2053,'FRIDAY','LAB',NULL,9,NULL,10,24),(33,33,12,2054,'FRIDAY','LAB',NULL,12,NULL,11,24),(33,33,12,2055,'FRIDAY','LAB',NULL,11,NULL,12,24),(33,33,12,2056,'FRIDAY','LAB',NULL,10,NULL,16,24),(33,33,12,2057,'FRIDAY','LAB',NULL,9,NULL,17,24),(17,33,1,2058,'FRIDAY','LAB',NULL,16,NULL,1,24),(17,33,1,2059,'FRIDAY','LAB',NULL,15,NULL,2,24),(17,33,1,2060,'FRIDAY','LAB',NULL,14,NULL,5,24),(17,33,1,2061,'FRIDAY','LAB',NULL,13,NULL,6,24),(17,33,1,2062,'FRIDAY','LAB',NULL,16,NULL,7,24),(17,33,1,2063,'FRIDAY','LAB',NULL,15,NULL,8,24),(17,33,1,2064,'FRIDAY','LAB',NULL,14,NULL,9,24),(17,33,1,2065,'FRIDAY','LAB',NULL,13,NULL,10,24),(17,33,1,2066,'FRIDAY','LAB',NULL,16,NULL,11,24),(17,33,1,2067,'FRIDAY','LAB',NULL,15,NULL,12,24),(17,33,1,2068,'FRIDAY','LAB',NULL,14,NULL,16,24),(17,33,1,2069,'FRIDAY','LAB',NULL,13,NULL,17,24),(18,33,1,2070,'FRIDAY','LAB',NULL,16,NULL,1,24),(18,33,1,2071,'FRIDAY','LAB',NULL,15,NULL,2,24),(18,33,1,2072,'FRIDAY','LAB',NULL,14,NULL,5,24),(18,33,1,2073,'FRIDAY','LAB',NULL,13,NULL,6,24),(18,33,2,2074,'FRIDAY','LAB',NULL,20,NULL,7,24),(18,33,2,2075,'FRIDAY','LAB',NULL,19,NULL,8,24),(18,33,2,2076,'FRIDAY','LAB',NULL,18,NULL,9,24),(18,33,2,2077,'FRIDAY','LAB',NULL,17,NULL,10,24),(18,33,2,2078,'FRIDAY','LAB',NULL,20,NULL,11,24),(18,33,2,2079,'FRIDAY','LAB',NULL,19,NULL,12,24),(18,33,2,2080,'FRIDAY','LAB',NULL,18,NULL,16,24),(18,33,2,2081,'FRIDAY','LAB',NULL,17,NULL,17,24),(19,33,2,2082,'FRIDAY','LAB',NULL,20,NULL,1,24),(19,33,2,2083,'FRIDAY','LAB',NULL,19,NULL,2,24),(19,33,2,2084,'FRIDAY','LAB',NULL,18,NULL,5,24),(19,33,2,2085,'FRIDAY','LAB',NULL,17,NULL,6,24),(19,33,2,2086,'FRIDAY','LAB',NULL,20,NULL,7,24),(19,33,2,2087,'FRIDAY','LAB',NULL,19,NULL,8,24),(19,33,2,2088,'FRIDAY','LAB',NULL,18,NULL,9,24),(19,33,2,2089,'FRIDAY','LAB',NULL,17,NULL,10,24),(19,33,3,2090,'FRIDAY','LAB',NULL,24,NULL,11,24),(19,33,3,2091,'FRIDAY','LAB',NULL,23,NULL,12,24),(19,33,3,2092,'FRIDAY','LAB',NULL,22,NULL,16,24),(19,33,3,2093,'FRIDAY','LAB',NULL,21,NULL,17,24),(20,33,3,2094,'FRIDAY','LAB',NULL,24,NULL,1,24),(20,33,3,2095,'FRIDAY','LAB',NULL,23,NULL,2,24),(20,33,3,2096,'FRIDAY','LAB',NULL,22,NULL,5,24),(20,33,3,2097,'FRIDAY','LAB',NULL,21,NULL,6,24),(20,33,3,2098,'FRIDAY','LAB',NULL,24,NULL,7,24),(20,33,3,2099,'FRIDAY','LAB',NULL,23,NULL,8,24),(20,33,3,2100,'FRIDAY','LAB',NULL,22,NULL,9,24),(20,33,3,2101,'FRIDAY','LAB',NULL,21,NULL,10,24),(20,33,3,2102,'FRIDAY','LAB',NULL,24,NULL,11,24),(20,33,3,2103,'FRIDAY','LAB',NULL,23,NULL,12,24),(20,33,3,2104,'FRIDAY','LAB',NULL,22,NULL,16,24),(20,33,3,2105,'FRIDAY','LAB',NULL,21,NULL,17,24),(21,33,4,2106,'FRIDAY','LAB',NULL,28,NULL,1,24),(21,33,4,2107,'FRIDAY','LAB',NULL,27,NULL,2,24),(21,33,4,2108,'FRIDAY','LAB',NULL,26,NULL,5,24),(21,33,4,2109,'FRIDAY','LAB',NULL,25,NULL,6,24),(21,33,4,2110,'FRIDAY','LAB',NULL,28,NULL,7,24),(21,33,4,2111,'FRIDAY','LAB',NULL,27,NULL,8,24),(21,33,4,2112,'FRIDAY','LAB',NULL,26,NULL,9,24),(21,33,4,2113,'FRIDAY','LAB',NULL,25,NULL,10,24),(21,33,4,2114,'FRIDAY','LAB',NULL,28,NULL,11,24),(21,33,4,2115,'FRIDAY','LAB',NULL,27,NULL,12,24),(21,33,4,2116,'FRIDAY','LAB',NULL,26,NULL,16,24),(21,33,4,2117,'FRIDAY','LAB',NULL,25,NULL,17,24),(22,33,4,2118,'FRIDAY','LAB',NULL,28,NULL,1,24),(22,33,4,2119,'FRIDAY','LAB',NULL,27,NULL,2,24),(22,33,4,2120,'FRIDAY','LAB',NULL,26,NULL,5,24),(22,33,4,2121,'FRIDAY','LAB',NULL,25,NULL,6,24),(22,33,5,2122,'FRIDAY','LAB',NULL,32,NULL,7,24),(22,33,5,2123,'FRIDAY','LAB',NULL,31,NULL,8,24),(22,33,5,2124,'FRIDAY','LAB',NULL,30,NULL,9,24),(22,33,5,2125,'FRIDAY','LAB',NULL,29,NULL,10,24),(22,33,5,2126,'FRIDAY','LAB',NULL,32,NULL,11,24),(22,33,5,2127,'FRIDAY','LAB',NULL,31,NULL,12,24),(22,33,5,2128,'FRIDAY','LAB',NULL,30,NULL,16,24),(22,33,5,2129,'FRIDAY','LAB',NULL,29,NULL,17,24),(23,33,5,2130,'FRIDAY','LAB',NULL,32,NULL,1,24),(23,33,5,2131,'FRIDAY','LAB',NULL,31,NULL,2,24),(23,33,5,2132,'FRIDAY','LAB',NULL,30,NULL,5,24),(23,33,5,2133,'FRIDAY','LAB',NULL,29,NULL,6,24),(23,33,5,2134,'FRIDAY','LAB',NULL,32,NULL,7,24),(23,33,5,2135,'FRIDAY','LAB',NULL,31,NULL,8,24),(23,33,5,2136,'FRIDAY','LAB',NULL,30,NULL,9,24),(23,33,5,2137,'FRIDAY','LAB',NULL,29,NULL,10,24),(23,33,6,2138,'FRIDAY','LAB',NULL,36,NULL,11,24),(23,33,6,2139,'FRIDAY','LAB',NULL,35,NULL,12,24),(23,33,6,2140,'FRIDAY','LAB',NULL,34,NULL,16,24),(23,33,6,2141,'FRIDAY','LAB',NULL,33,NULL,17,24),(24,33,6,2142,'FRIDAY','LAB',NULL,36,NULL,1,24),(24,33,6,2143,'FRIDAY','LAB',NULL,35,NULL,2,24),(24,33,6,2144,'FRIDAY','LAB',NULL,34,NULL,5,24),(24,33,6,2145,'FRIDAY','LAB',NULL,33,NULL,6,24),(24,33,6,2146,'FRIDAY','LAB',NULL,36,NULL,7,24),(24,33,6,2147,'FRIDAY','LAB',NULL,35,NULL,8,24),(24,33,6,2148,'FRIDAY','LAB',NULL,34,NULL,9,24),(24,33,6,2149,'FRIDAY','LAB',NULL,33,NULL,10,24),(24,33,6,2150,'FRIDAY','LAB',NULL,36,NULL,11,24),(24,33,6,2151,'FRIDAY','LAB',NULL,35,NULL,12,24),(24,33,6,2152,'FRIDAY','LAB',NULL,34,NULL,16,24),(24,33,6,2153,'FRIDAY','LAB',NULL,33,NULL,17,24),(25,33,7,2154,'FRIDAY','LAB',NULL,40,NULL,1,24),(25,33,7,2155,'FRIDAY','LAB',NULL,39,NULL,2,24),(25,33,7,2156,'FRIDAY','LAB',NULL,38,NULL,5,24),(25,33,7,2157,'FRIDAY','LAB',NULL,37,NULL,6,24),(25,33,7,2158,'FRIDAY','LAB',NULL,40,NULL,7,24),(25,33,7,2159,'FRIDAY','LAB',NULL,39,NULL,8,24),(25,33,7,2160,'FRIDAY','LAB',NULL,38,NULL,9,24),(25,33,7,2161,'FRIDAY','LAB',NULL,37,NULL,10,24),(25,33,7,2162,'FRIDAY','LAB',NULL,40,NULL,11,24),(25,33,7,2163,'FRIDAY','LAB',NULL,39,NULL,12,24),(25,33,7,2164,'FRIDAY','LAB',NULL,38,NULL,16,24),(25,33,7,2165,'FRIDAY','LAB',NULL,37,NULL,17,24),(26,33,7,2166,'FRIDAY','LAB',NULL,40,NULL,1,24),(26,33,7,2167,'FRIDAY','LAB',NULL,39,NULL,2,24),(26,33,7,2168,'FRIDAY','LAB',NULL,38,NULL,5,24),(26,33,7,2169,'FRIDAY','LAB',NULL,37,NULL,6,24),(26,33,8,2170,'FRIDAY','LAB',NULL,44,NULL,7,24),(26,33,8,2171,'FRIDAY','LAB',NULL,43,NULL,8,24),(26,33,8,2172,'FRIDAY','LAB',NULL,42,NULL,9,24),(26,33,8,2173,'FRIDAY','LAB',NULL,41,NULL,10,24),(26,33,8,2174,'FRIDAY','LAB',NULL,44,NULL,11,24),(26,33,8,2175,'FRIDAY','LAB',NULL,43,NULL,12,24),(26,33,8,2176,'FRIDAY','LAB',NULL,42,NULL,16,24),(26,33,8,2177,'FRIDAY','LAB',NULL,41,NULL,17,24),(27,33,8,2178,'FRIDAY','LAB',NULL,44,NULL,1,24),(27,33,8,2179,'FRIDAY','LAB',NULL,43,NULL,2,24),(27,33,8,2180,'FRIDAY','LAB',NULL,42,NULL,5,24),(27,33,8,2181,'FRIDAY','LAB',NULL,41,NULL,6,24),(27,33,8,2182,'FRIDAY','LAB',NULL,44,NULL,7,24),(27,33,8,2183,'FRIDAY','LAB',NULL,43,NULL,8,24),(27,33,8,2184,'FRIDAY','LAB',NULL,42,NULL,9,24),(27,33,8,2185,'FRIDAY','LAB',NULL,41,NULL,10,24),(27,33,9,2186,'FRIDAY','LAB',NULL,48,NULL,11,24),(27,33,9,2187,'FRIDAY','LAB',NULL,47,NULL,12,24),(27,33,9,2188,'FRIDAY','LAB',NULL,46,NULL,16,24),(27,33,9,2189,'FRIDAY','LAB',NULL,45,NULL,17,24),(28,33,9,2190,'FRIDAY','LAB',NULL,48,NULL,1,24),(28,33,9,2191,'FRIDAY','LAB',NULL,47,NULL,2,24),(28,33,9,2192,'FRIDAY','LAB',NULL,46,NULL,5,24),(28,33,9,2193,'FRIDAY','LAB',NULL,45,NULL,6,24),(28,33,9,2194,'FRIDAY','LAB',NULL,48,NULL,7,24),(28,33,9,2195,'FRIDAY','LAB',NULL,47,NULL,8,24),(28,33,9,2196,'FRIDAY','LAB',NULL,46,NULL,9,24),(28,33,9,2197,'FRIDAY','LAB',NULL,45,NULL,10,24),(28,33,9,2198,'FRIDAY','LAB',NULL,48,NULL,11,24),(28,33,9,2199,'FRIDAY','LAB',NULL,47,NULL,12,24),(28,33,9,2200,'FRIDAY','LAB',NULL,46,NULL,16,24),(28,33,9,2201,'FRIDAY','LAB',NULL,45,NULL,17,24),(29,34,10,2202,'FRIDAY','LAB',NULL,4,NULL,1,25),(29,34,10,2203,'FRIDAY','LAB',NULL,3,NULL,2,25),(29,34,10,2204,'FRIDAY','LAB',NULL,2,NULL,5,25),(29,34,10,2205,'FRIDAY','LAB',NULL,1,NULL,6,25),(29,34,10,2206,'FRIDAY','LAB',NULL,4,NULL,7,25),(29,34,10,2207,'FRIDAY','LAB',NULL,3,NULL,8,25),(29,34,10,2208,'FRIDAY','LAB',NULL,2,NULL,9,25),(29,34,10,2209,'FRIDAY','LAB',NULL,1,NULL,10,25),(29,34,11,2210,'FRIDAY','LAB',NULL,8,NULL,11,25),(29,34,11,2211,'FRIDAY','LAB',NULL,7,NULL,12,25),(29,34,11,2212,'FRIDAY','LAB',NULL,6,NULL,16,25),(29,34,11,2213,'FRIDAY','LAB',NULL,5,NULL,17,25),(30,34,11,2214,'FRIDAY','LAB',NULL,8,NULL,1,25),(30,34,11,2215,'FRIDAY','LAB',NULL,7,NULL,2,25),(30,34,11,2216,'FRIDAY','LAB',NULL,6,NULL,5,25),(30,34,11,2217,'FRIDAY','LAB',NULL,5,NULL,6,25),(30,34,12,2218,'FRIDAY','LAB',NULL,12,NULL,7,25),(30,34,12,2219,'FRIDAY','LAB',NULL,11,NULL,8,25),(30,34,12,2220,'FRIDAY','LAB',NULL,10,NULL,9,25),(30,34,12,2221,'FRIDAY','LAB',NULL,9,NULL,10,25),(30,34,12,2222,'FRIDAY','LAB',NULL,12,NULL,11,25),(30,34,12,2223,'FRIDAY','LAB',NULL,11,NULL,12,25),(30,34,12,2224,'FRIDAY','LAB',NULL,10,NULL,16,25),(30,34,12,2225,'FRIDAY','LAB',NULL,9,NULL,17,25),(31,34,1,2226,'FRIDAY','LAB',NULL,16,NULL,1,25),(31,34,1,2227,'FRIDAY','LAB',NULL,15,NULL,2,25),(31,34,1,2228,'FRIDAY','LAB',NULL,14,NULL,5,25),(31,34,1,2229,'FRIDAY','LAB',NULL,13,NULL,6,25),(31,34,1,2230,'FRIDAY','LAB',NULL,16,NULL,7,25),(31,34,1,2231,'FRIDAY','LAB',NULL,15,NULL,8,25),(31,34,1,2232,'FRIDAY','LAB',NULL,14,NULL,9,25),(31,34,1,2233,'FRIDAY','LAB',NULL,13,NULL,10,25),(31,34,2,2234,'FRIDAY','LAB',NULL,20,NULL,11,25),(31,34,2,2235,'FRIDAY','LAB',NULL,19,NULL,12,25),(31,34,2,2236,'FRIDAY','LAB',NULL,18,NULL,16,25),(31,34,2,2237,'FRIDAY','LAB',NULL,17,NULL,17,25),(32,34,2,2238,'FRIDAY','LAB',NULL,20,NULL,1,25),(32,34,2,2239,'FRIDAY','LAB',NULL,19,NULL,2,25),(32,34,2,2240,'FRIDAY','LAB',NULL,18,NULL,5,25),(32,34,2,2241,'FRIDAY','LAB',NULL,17,NULL,6,25),(32,34,3,2242,'FRIDAY','LAB',NULL,24,NULL,7,25),(32,34,3,2243,'FRIDAY','LAB',NULL,23,NULL,8,25),(32,34,3,2244,'FRIDAY','LAB',NULL,22,NULL,9,25),(32,34,3,2245,'FRIDAY','LAB',NULL,21,NULL,10,25),(32,34,3,2246,'FRIDAY','LAB',NULL,24,NULL,11,25),(32,34,3,2247,'FRIDAY','LAB',NULL,23,NULL,12,25),(32,34,3,2248,'FRIDAY','LAB',NULL,22,NULL,16,25),(32,34,3,2249,'FRIDAY','LAB',NULL,21,NULL,17,25),(33,34,4,2250,'FRIDAY','LAB',NULL,28,NULL,1,25),(33,34,4,2251,'FRIDAY','LAB',NULL,27,NULL,2,25),(33,34,4,2252,'FRIDAY','LAB',NULL,26,NULL,5,25),(33,34,4,2253,'FRIDAY','LAB',NULL,25,NULL,6,25),(33,34,4,2254,'FRIDAY','LAB',NULL,28,NULL,7,25),(33,34,4,2255,'FRIDAY','LAB',NULL,27,NULL,8,25),(33,34,4,2256,'FRIDAY','LAB',NULL,26,NULL,9,25),(33,34,4,2257,'FRIDAY','LAB',NULL,25,NULL,10,25),(33,34,5,2258,'FRIDAY','LAB',NULL,32,NULL,11,25),(33,34,5,2259,'FRIDAY','LAB',NULL,31,NULL,12,25),(33,34,5,2260,'FRIDAY','LAB',NULL,30,NULL,16,25),(33,34,5,2261,'FRIDAY','LAB',NULL,29,NULL,17,25),(17,34,5,2262,'FRIDAY','LAB',NULL,32,NULL,1,25),(17,34,5,2263,'FRIDAY','LAB',NULL,31,NULL,2,25),(17,34,5,2264,'FRIDAY','LAB',NULL,30,NULL,5,25),(17,34,5,2265,'FRIDAY','LAB',NULL,29,NULL,6,25),(17,34,6,2266,'FRIDAY','LAB',NULL,36,NULL,7,25),(17,34,6,2267,'FRIDAY','LAB',NULL,35,NULL,8,25),(17,34,6,2268,'FRIDAY','LAB',NULL,34,NULL,9,25),(17,34,6,2269,'FRIDAY','LAB',NULL,33,NULL,10,25),(17,34,6,2270,'FRIDAY','LAB',NULL,36,NULL,11,25),(17,34,6,2271,'FRIDAY','LAB',NULL,35,NULL,12,25),(17,34,6,2272,'FRIDAY','LAB',NULL,34,NULL,16,25),(17,34,6,2273,'FRIDAY','LAB',NULL,33,NULL,17,25),(18,34,7,2274,'FRIDAY','LAB',NULL,40,NULL,1,25),(18,34,7,2275,'FRIDAY','LAB',NULL,39,NULL,2,25),(18,34,7,2276,'FRIDAY','LAB',NULL,38,NULL,5,25),(18,34,7,2277,'FRIDAY','LAB',NULL,37,NULL,6,25),(18,34,7,2278,'FRIDAY','LAB',NULL,40,NULL,7,25),(18,34,7,2279,'FRIDAY','LAB',NULL,39,NULL,8,25),(18,34,7,2280,'FRIDAY','LAB',NULL,38,NULL,9,25),(18,34,7,2281,'FRIDAY','LAB',NULL,37,NULL,10,25),(18,34,8,2282,'FRIDAY','LAB',NULL,44,NULL,11,25),(18,34,8,2283,'FRIDAY','LAB',NULL,43,NULL,12,25),(18,34,8,2284,'FRIDAY','LAB',NULL,42,NULL,16,25),(18,34,8,2285,'FRIDAY','LAB',NULL,41,NULL,17,25),(19,34,8,2286,'FRIDAY','LAB',NULL,44,NULL,1,25),(19,34,8,2287,'FRIDAY','LAB',NULL,43,NULL,2,25),(19,34,8,2288,'FRIDAY','LAB',NULL,42,NULL,5,25),(19,34,8,2289,'FRIDAY','LAB',NULL,41,NULL,6,25),(19,34,9,2290,'FRIDAY','LAB',NULL,48,NULL,7,25),(19,34,9,2291,'FRIDAY','LAB',NULL,47,NULL,8,25),(19,34,9,2292,'FRIDAY','LAB',NULL,46,NULL,9,25),(19,34,9,2293,'FRIDAY','LAB',NULL,45,NULL,10,25),(19,34,9,2294,'FRIDAY','LAB',NULL,48,NULL,11,25),(19,34,9,2295,'FRIDAY','LAB',NULL,47,NULL,12,25),(19,34,9,2296,'FRIDAY','LAB',NULL,46,NULL,16,25),(19,34,9,2297,'FRIDAY','LAB',NULL,45,NULL,17,25),(20,19,3,2298,'FRIDAY','LECTURE',NULL,NULL,NULL,2,10),(20,19,3,2299,'FRIDAY','TUTORIAL',NULL,24,NULL,5,10),(20,19,3,2300,'FRIDAY','TUTORIAL',NULL,23,NULL,6,10),(20,19,3,2301,'FRIDAY','TUTORIAL',NULL,22,NULL,7,10),(20,19,3,2302,'FRIDAY','TUTORIAL',NULL,21,NULL,8,10),(20,19,4,2303,'FRIDAY','LECTURE',NULL,NULL,NULL,9,10),(20,19,4,2304,'FRIDAY','LECTURE',NULL,NULL,NULL,10,10),(20,19,4,2305,'FRIDAY','LECTURE',NULL,NULL,NULL,11,10),(20,19,4,2306,'FRIDAY','TUTORIAL',NULL,28,NULL,12,10),(20,19,4,2307,'FRIDAY','TUTORIAL',NULL,27,NULL,16,10),(20,19,4,2308,'FRIDAY','TUTORIAL',NULL,26,NULL,17,10),(21,19,4,2309,'FRIDAY','TUTORIAL',NULL,25,NULL,1,10),(21,19,5,2310,'FRIDAY','LECTURE',NULL,NULL,NULL,2,10),(21,19,5,2311,'FRIDAY','LECTURE',NULL,NULL,NULL,5,10),(21,19,5,2312,'FRIDAY','LECTURE',NULL,NULL,NULL,6,10),(21,19,5,2313,'FRIDAY','TUTORIAL',NULL,32,NULL,7,10),(21,19,5,2314,'FRIDAY','TUTORIAL',NULL,31,NULL,8,10),(21,19,5,2315,'FRIDAY','TUTORIAL',NULL,30,NULL,9,10),(21,19,5,2316,'FRIDAY','TUTORIAL',NULL,29,NULL,10,10),(21,19,6,2317,'FRIDAY','LECTURE',NULL,NULL,NULL,11,10),(21,19,6,2318,'FRIDAY','LECTURE',NULL,NULL,NULL,12,10),(21,19,6,2319,'FRIDAY','LECTURE',NULL,NULL,NULL,16,10),(21,19,6,2320,'FRIDAY','TUTORIAL',NULL,36,NULL,17,10),(22,19,6,2321,'FRIDAY','TUTORIAL',NULL,35,NULL,1,10),(22,19,6,2322,'FRIDAY','TUTORIAL',NULL,34,NULL,2,10),(22,19,6,2323,'FRIDAY','TUTORIAL',NULL,33,NULL,5,10),(22,19,7,2324,'FRIDAY','LECTURE',NULL,NULL,NULL,6,10),(22,19,7,2325,'FRIDAY','LECTURE',NULL,NULL,NULL,7,10),(22,19,7,2326,'FRIDAY','LECTURE',NULL,NULL,NULL,8,10),(22,19,7,2327,'FRIDAY','TUTORIAL',NULL,40,NULL,9,10),(22,19,7,2328,'FRIDAY','TUTORIAL',NULL,39,NULL,10,10),(22,19,7,2329,'FRIDAY','TUTORIAL',NULL,38,NULL,11,10),(22,19,7,2330,'FRIDAY','TUTORIAL',NULL,37,NULL,12,10),(22,19,8,2331,'FRIDAY','LECTURE',NULL,NULL,NULL,16,10),(22,19,8,2332,'FRIDAY','LECTURE',NULL,NULL,NULL,17,10),(23,19,8,2333,'FRIDAY','LECTURE',NULL,NULL,NULL,1,10),(23,19,8,2334,'FRIDAY','TUTORIAL',NULL,44,NULL,2,10),(23,19,8,2335,'FRIDAY','TUTORIAL',NULL,43,NULL,5,10),(23,19,8,2336,'FRIDAY','TUTORIAL',NULL,42,NULL,6,10),(23,19,8,2337,'FRIDAY','TUTORIAL',NULL,41,NULL,7,10),(23,19,9,2338,'FRIDAY','LECTURE',NULL,NULL,NULL,8,10),(23,19,9,2339,'FRIDAY','LECTURE',NULL,NULL,NULL,9,10),(23,19,9,2340,'FRIDAY','LECTURE',NULL,NULL,NULL,10,10),(23,19,9,2341,'FRIDAY','TUTORIAL',NULL,48,NULL,11,10),(23,19,9,2342,'FRIDAY','TUTORIAL',NULL,47,NULL,12,10),(23,19,9,2343,'FRIDAY','TUTORIAL',NULL,46,NULL,16,10),(23,19,9,2344,'FRIDAY','TUTORIAL',NULL,45,NULL,17,10),(24,20,10,2345,'FRIDAY','LECTURE',NULL,NULL,NULL,1,11),(24,20,10,2346,'FRIDAY','LECTURE',NULL,NULL,NULL,2,11),(24,20,10,2347,'FRIDAY','LECTURE',NULL,NULL,NULL,5,11),(24,20,11,2348,'FRIDAY','LECTURE',NULL,NULL,NULL,6,11),(24,20,11,2349,'FRIDAY','LECTURE',NULL,NULL,NULL,7,11),(24,20,11,2350,'FRIDAY','LECTURE',NULL,NULL,NULL,8,11),(24,20,12,2351,'FRIDAY','LECTURE',NULL,NULL,NULL,9,11),(24,20,12,2352,'FRIDAY','LECTURE',NULL,NULL,NULL,10,11),(24,20,12,2353,'FRIDAY','LECTURE',NULL,NULL,NULL,11,11),(24,20,1,2354,'FRIDAY','LECTURE',NULL,NULL,NULL,12,11),(24,20,1,2355,'FRIDAY','LECTURE',NULL,NULL,NULL,16,11),(24,20,1,2356,'FRIDAY','LECTURE',NULL,NULL,NULL,17,11),(25,20,2,2357,'FRIDAY','LECTURE',NULL,NULL,NULL,1,11),(25,20,2,2358,'FRIDAY','LECTURE',NULL,NULL,NULL,2,11),(25,20,2,2359,'FRIDAY','LECTURE',NULL,NULL,NULL,5,11),(25,20,3,2360,'FRIDAY','LECTURE',NULL,NULL,NULL,6,11),(25,20,3,2361,'FRIDAY','LECTURE',NULL,NULL,NULL,7,11),(25,20,3,2362,'FRIDAY','LECTURE',NULL,NULL,NULL,8,11),(25,20,4,2363,'FRIDAY','LECTURE',NULL,NULL,NULL,9,11),(25,20,4,2364,'FRIDAY','LECTURE',NULL,NULL,NULL,10,11),(25,20,4,2365,'FRIDAY','LECTURE',NULL,NULL,NULL,11,11),(25,20,5,2366,'FRIDAY','LECTURE',NULL,NULL,NULL,12,11),(25,20,5,2367,'FRIDAY','LECTURE',NULL,NULL,NULL,16,11),(25,20,5,2368,'FRIDAY','LECTURE',NULL,NULL,NULL,17,11),(26,20,6,2369,'FRIDAY','LECTURE',NULL,NULL,NULL,1,11),(26,20,6,2370,'FRIDAY','LECTURE',NULL,NULL,NULL,2,11),(26,20,6,2371,'FRIDAY','LECTURE',NULL,NULL,NULL,5,11),(26,20,7,2372,'FRIDAY','LECTURE',NULL,NULL,NULL,6,11),(26,20,7,2373,'FRIDAY','LECTURE',NULL,NULL,NULL,7,11),(26,20,7,2374,'FRIDAY','LECTURE',NULL,NULL,NULL,8,11),(26,20,8,2375,'FRIDAY','LECTURE',NULL,NULL,NULL,9,11),(26,20,8,2376,'FRIDAY','LECTURE',NULL,NULL,NULL,10,11),(26,20,8,2377,'FRIDAY','LECTURE',NULL,NULL,NULL,11,11),(26,20,9,2378,'FRIDAY','LECTURE',NULL,NULL,NULL,12,11),(26,20,9,2379,'FRIDAY','LECTURE',NULL,NULL,NULL,16,11),(26,20,9,2380,'FRIDAY','LECTURE',NULL,NULL,NULL,17,11),(27,21,10,2381,'FRIDAY','LECTURE',NULL,NULL,NULL,1,12),(27,21,11,2382,'FRIDAY','LECTURE',NULL,NULL,NULL,2,12),(27,21,12,2383,'FRIDAY','LECTURE',NULL,NULL,NULL,5,12),(27,21,1,2384,'FRIDAY','LECTURE',NULL,NULL,NULL,6,12),(27,21,2,2385,'FRIDAY','LECTURE',NULL,NULL,NULL,7,12),(27,21,3,2386,'FRIDAY','LECTURE',NULL,NULL,NULL,8,12),(27,21,4,2387,'FRIDAY','LECTURE',NULL,NULL,NULL,9,12),(27,21,5,2388,'FRIDAY','LECTURE',NULL,NULL,NULL,10,12),(27,21,6,2389,'FRIDAY','LECTURE',NULL,NULL,NULL,11,12),(27,21,7,2390,'FRIDAY','LECTURE',NULL,NULL,NULL,12,12),(27,21,8,2391,'FRIDAY','LECTURE',NULL,NULL,NULL,16,12),(27,21,9,2392,'FRIDAY','LECTURE',NULL,NULL,NULL,17,12),(28,22,10,2393,'FRIDAY','LECTURE',NULL,NULL,NULL,1,13),(28,22,10,2394,'FRIDAY','LECTURE',NULL,NULL,NULL,2,13),(28,22,10,2395,'FRIDAY','LECTURE',NULL,NULL,NULL,5,13),(28,22,10,2396,'FRIDAY','TUTORIAL',NULL,4,NULL,6,13),(28,22,10,2397,'FRIDAY','TUTORIAL',NULL,3,NULL,7,13),(28,22,10,2398,'FRIDAY','TUTORIAL',NULL,2,NULL,8,13),(28,22,10,2399,'FRIDAY','TUTORIAL',NULL,1,NULL,9,13),(28,22,11,2400,'FRIDAY','LECTURE',NULL,NULL,NULL,10,13),(28,22,11,2401,'FRIDAY','LECTURE',NULL,NULL,NULL,11,13),(28,22,11,2402,'FRIDAY','LECTURE',NULL,NULL,NULL,12,13),(28,22,11,2403,'FRIDAY','TUTORIAL',NULL,8,NULL,16,13),(28,22,11,2404,'FRIDAY','TUTORIAL',NULL,7,NULL,17,13),(29,22,11,2405,'FRIDAY','TUTORIAL',NULL,6,NULL,1,13),(29,22,11,2406,'FRIDAY','TUTORIAL',NULL,5,NULL,2,13),(29,22,12,2407,'FRIDAY','LECTURE',NULL,NULL,NULL,5,13),(29,22,12,2408,'FRIDAY','LECTURE',NULL,NULL,NULL,6,13),(29,22,12,2409,'FRIDAY','LECTURE',NULL,NULL,NULL,7,13),(29,22,12,2410,'FRIDAY','TUTORIAL',NULL,12,NULL,8,13),(29,22,12,2411,'FRIDAY','TUTORIAL',NULL,11,NULL,9,13),(29,22,12,2412,'FRIDAY','TUTORIAL',NULL,10,NULL,10,13),(29,22,12,2413,'FRIDAY','TUTORIAL',NULL,9,NULL,11,13),(29,22,1,2414,'FRIDAY','LECTURE',NULL,NULL,NULL,12,13),(29,22,1,2415,'FRIDAY','LECTURE',NULL,NULL,NULL,16,13),(29,22,1,2416,'FRIDAY','LECTURE',NULL,NULL,NULL,17,13),(30,22,1,2417,'FRIDAY','TUTORIAL',NULL,16,NULL,1,13),(30,22,1,2418,'FRIDAY','TUTORIAL',NULL,15,NULL,2,13),(30,22,1,2419,'FRIDAY','TUTORIAL',NULL,14,NULL,5,13),(30,22,1,2420,'FRIDAY','TUTORIAL',NULL,13,NULL,6,13),(30,22,2,2421,'FRIDAY','LECTURE',NULL,NULL,NULL,7,13),(30,22,2,2422,'FRIDAY','LECTURE',NULL,NULL,NULL,8,13),(30,22,2,2423,'FRIDAY','LECTURE',NULL,NULL,NULL,9,13),(30,22,2,2424,'FRIDAY','TUTORIAL',NULL,20,NULL,10,13),(30,22,2,2425,'FRIDAY','TUTORIAL',NULL,19,NULL,11,13),(30,22,2,2426,'FRIDAY','TUTORIAL',NULL,18,NULL,12,13),(30,22,2,2427,'FRIDAY','TUTORIAL',NULL,17,NULL,16,13),(30,22,3,2428,'FRIDAY','LECTURE',NULL,NULL,NULL,17,13),(31,22,3,2429,'FRIDAY','LECTURE',NULL,NULL,NULL,1,13),(31,22,3,2430,'FRIDAY','LECTURE',NULL,NULL,NULL,2,13),(31,22,3,2431,'FRIDAY','TUTORIAL',NULL,24,NULL,5,13),(31,22,3,2432,'FRIDAY','TUTORIAL',NULL,23,NULL,6,13),(31,22,3,2433,'FRIDAY','TUTORIAL',NULL,22,NULL,7,13),(31,22,3,2434,'FRIDAY','TUTORIAL',NULL,21,NULL,8,13),(31,22,4,2435,'FRIDAY','LECTURE',NULL,NULL,NULL,9,13),(31,22,4,2436,'FRIDAY','LECTURE',NULL,NULL,NULL,10,13),(31,22,4,2437,'FRIDAY','LECTURE',NULL,NULL,NULL,11,13),(31,22,4,2438,'FRIDAY','TUTORIAL',NULL,28,NULL,12,13),(31,22,4,2439,'FRIDAY','TUTORIAL',NULL,27,NULL,16,13),(31,22,4,2440,'FRIDAY','TUTORIAL',NULL,26,NULL,17,13),(32,22,4,2441,'FRIDAY','TUTORIAL',NULL,25,NULL,1,13),(32,22,5,2442,'FRIDAY','LECTURE',NULL,NULL,NULL,2,13),(32,22,5,2443,'FRIDAY','LECTURE',NULL,NULL,NULL,5,13),(32,22,5,2444,'FRIDAY','LECTURE',NULL,NULL,NULL,6,13),(32,22,5,2445,'FRIDAY','TUTORIAL',NULL,32,NULL,7,13),(32,22,5,2446,'FRIDAY','TUTORIAL',NULL,31,NULL,8,13),(32,22,5,2447,'FRIDAY','TUTORIAL',NULL,30,NULL,9,13),(32,22,5,2448,'FRIDAY','TUTORIAL',NULL,29,NULL,10,13),(32,22,6,2449,'FRIDAY','LECTURE',NULL,NULL,NULL,11,13),(32,22,6,2450,'FRIDAY','LECTURE',NULL,NULL,NULL,12,13),(32,22,6,2451,'FRIDAY','LECTURE',NULL,NULL,NULL,16,13),(32,22,6,2452,'FRIDAY','TUTORIAL',NULL,36,NULL,17,13),(33,22,6,2453,'FRIDAY','TUTORIAL',NULL,35,NULL,1,13),(33,22,6,2454,'FRIDAY','TUTORIAL',NULL,34,NULL,2,13),(33,22,6,2455,'FRIDAY','TUTORIAL',NULL,33,NULL,5,13),(33,22,7,2456,'FRIDAY','LECTURE',NULL,NULL,NULL,6,13),(33,22,7,2457,'FRIDAY','LECTURE',NULL,NULL,NULL,7,13),(33,22,7,2458,'FRIDAY','LECTURE',NULL,NULL,NULL,8,13),(33,22,7,2459,'FRIDAY','TUTORIAL',NULL,40,NULL,9,13),(33,22,7,2460,'FRIDAY','TUTORIAL',NULL,39,NULL,10,13),(33,22,7,2461,'FRIDAY','TUTORIAL',NULL,38,NULL,11,13),(33,22,7,2462,'FRIDAY','TUTORIAL',NULL,37,NULL,12,13),(33,22,8,2463,'FRIDAY','LECTURE',NULL,NULL,NULL,16,13),(33,22,8,2464,'FRIDAY','LECTURE',NULL,NULL,NULL,17,13),(17,22,8,2465,'FRIDAY','LECTURE',NULL,NULL,NULL,1,13),(17,22,8,2466,'FRIDAY','TUTORIAL',NULL,44,NULL,2,13),(17,22,8,2467,'FRIDAY','TUTORIAL',NULL,43,NULL,5,13),(17,22,8,2468,'FRIDAY','TUTORIAL',NULL,42,NULL,6,13),(17,22,8,2469,'FRIDAY','TUTORIAL',NULL,41,NULL,7,13),(17,22,9,2470,'FRIDAY','LECTURE',NULL,NULL,NULL,8,13),(17,22,9,2471,'FRIDAY','LECTURE',NULL,NULL,NULL,9,13),(17,22,9,2472,'FRIDAY','LECTURE',NULL,NULL,NULL,10,13),(17,22,9,2473,'FRIDAY','TUTORIAL',NULL,48,NULL,11,13),(17,22,9,2474,'FRIDAY','TUTORIAL',NULL,47,NULL,12,13),(17,22,9,2475,'FRIDAY','TUTORIAL',NULL,46,NULL,16,13),(17,22,9,2476,'FRIDAY','TUTORIAL',NULL,45,NULL,17,13),(18,23,10,2477,'FRIDAY','LECTURE',NULL,NULL,NULL,1,14),(18,23,10,2478,'FRIDAY','LECTURE',NULL,NULL,NULL,2,14),(18,23,10,2479,'FRIDAY','TUTORIAL',NULL,4,NULL,5,14),(18,23,10,2480,'FRIDAY','TUTORIAL',NULL,3,NULL,6,14),(18,23,10,2481,'FRIDAY','TUTORIAL',NULL,2,NULL,7,14),(18,23,10,2482,'FRIDAY','TUTORIAL',NULL,1,NULL,8,14),(18,23,11,2483,'FRIDAY','LECTURE',NULL,NULL,NULL,9,14),(18,23,11,2484,'FRIDAY','LECTURE',NULL,NULL,NULL,10,14),(18,23,11,2485,'FRIDAY','TUTORIAL',NULL,8,NULL,11,14),(18,23,11,2486,'FRIDAY','TUTORIAL',NULL,7,NULL,12,14),(18,23,11,2487,'FRIDAY','TUTORIAL',NULL,6,NULL,16,14),(18,23,11,2488,'FRIDAY','TUTORIAL',NULL,5,NULL,17,14),(19,23,12,2489,'FRIDAY','LECTURE',NULL,NULL,NULL,1,14),(19,23,12,2490,'FRIDAY','LECTURE',NULL,NULL,NULL,2,14),(19,23,12,2491,'FRIDAY','TUTORIAL',NULL,12,NULL,5,14),(19,23,12,2492,'FRIDAY','TUTORIAL',NULL,11,NULL,6,14),(19,23,12,2493,'FRIDAY','TUTORIAL',NULL,10,NULL,7,14),(19,23,12,2494,'FRIDAY','TUTORIAL',NULL,9,NULL,8,14),(19,23,1,2495,'FRIDAY','LECTURE',NULL,NULL,NULL,9,14),(19,23,1,2496,'FRIDAY','LECTURE',NULL,NULL,NULL,10,14),(19,23,1,2497,'FRIDAY','TUTORIAL',NULL,16,NULL,11,14),(19,23,1,2498,'FRIDAY','TUTORIAL',NULL,15,NULL,12,14),(19,23,1,2499,'FRIDAY','TUTORIAL',NULL,14,NULL,16,14),(19,23,1,2500,'FRIDAY','TUTORIAL',NULL,13,NULL,17,14),(20,23,2,2501,'FRIDAY','LECTURE',NULL,NULL,NULL,1,14),(20,23,2,2502,'FRIDAY','LECTURE',NULL,NULL,NULL,2,14),(20,23,2,2503,'FRIDAY','TUTORIAL',NULL,20,NULL,5,14),(20,23,2,2504,'FRIDAY','TUTORIAL',NULL,19,NULL,6,14),(20,23,2,2505,'FRIDAY','TUTORIAL',NULL,18,NULL,7,14),(20,23,2,2506,'FRIDAY','TUTORIAL',NULL,17,NULL,8,14),(20,23,3,2507,'FRIDAY','LECTURE',NULL,NULL,NULL,9,14),(20,23,3,2508,'FRIDAY','LECTURE',NULL,NULL,NULL,10,14),(20,23,3,2509,'FRIDAY','TUTORIAL',NULL,24,NULL,11,14),(20,23,3,2510,'FRIDAY','TUTORIAL',NULL,23,NULL,12,14),(20,23,3,2511,'FRIDAY','TUTORIAL',NULL,22,NULL,16,14),(20,23,3,2512,'FRIDAY','TUTORIAL',NULL,21,NULL,17,14),(21,23,4,2513,'FRIDAY','LECTURE',NULL,NULL,NULL,1,14),(21,23,4,2514,'FRIDAY','LECTURE',NULL,NULL,NULL,2,14),(21,23,4,2515,'FRIDAY','TUTORIAL',NULL,28,NULL,5,14),(21,23,4,2516,'FRIDAY','TUTORIAL',NULL,27,NULL,6,14),(21,23,4,2517,'FRIDAY','TUTORIAL',NULL,26,NULL,7,14),(21,23,4,2518,'FRIDAY','TUTORIAL',NULL,25,NULL,8,14),(21,23,5,2519,'FRIDAY','LECTURE',NULL,NULL,NULL,9,14),(21,23,5,2520,'FRIDAY','LECTURE',NULL,NULL,NULL,10,14),(21,23,5,2521,'FRIDAY','TUTORIAL',NULL,32,NULL,11,14),(21,23,5,2522,'FRIDAY','TUTORIAL',NULL,31,NULL,12,14),(21,23,5,2523,'FRIDAY','TUTORIAL',NULL,30,NULL,16,14),(21,23,5,2524,'FRIDAY','TUTORIAL',NULL,29,NULL,17,14),(22,23,6,2525,'FRIDAY','LECTURE',NULL,NULL,NULL,1,14),(22,23,6,2526,'FRIDAY','LECTURE',NULL,NULL,NULL,2,14),(22,23,6,2527,'FRIDAY','TUTORIAL',NULL,36,NULL,5,14),(22,23,6,2528,'FRIDAY','TUTORIAL',NULL,35,NULL,6,14),(22,23,6,2529,'FRIDAY','TUTORIAL',NULL,34,NULL,7,14),(22,23,6,2530,'FRIDAY','TUTORIAL',NULL,33,NULL,8,14),(22,23,7,2531,'FRIDAY','LECTURE',NULL,NULL,NULL,9,14),(22,23,7,2532,'FRIDAY','LECTURE',NULL,NULL,NULL,10,14),(22,23,7,2533,'FRIDAY','TUTORIAL',NULL,40,NULL,11,14),(22,23,7,2534,'FRIDAY','TUTORIAL',NULL,39,NULL,12,14),(22,23,7,2535,'FRIDAY','TUTORIAL',NULL,38,NULL,16,14),(22,23,7,2536,'FRIDAY','TUTORIAL',NULL,37,NULL,17,14),(23,23,8,2537,'FRIDAY','LECTURE',NULL,NULL,NULL,1,14),(23,23,8,2538,'FRIDAY','LECTURE',NULL,NULL,NULL,2,14),(23,23,8,2539,'FRIDAY','TUTORIAL',NULL,44,NULL,5,14),(23,23,8,2540,'FRIDAY','TUTORIAL',NULL,43,NULL,6,14),(23,23,8,2541,'FRIDAY','TUTORIAL',NULL,42,NULL,7,14),(23,23,8,2542,'FRIDAY','TUTORIAL',NULL,41,NULL,8,14),(23,23,9,2543,'FRIDAY','LECTURE',NULL,NULL,NULL,9,14),(23,23,9,2544,'FRIDAY','LECTURE',NULL,NULL,NULL,10,14),(23,23,9,2545,'FRIDAY','TUTORIAL',NULL,48,NULL,11,14),(23,23,9,2546,'FRIDAY','TUTORIAL',NULL,47,NULL,12,14),(23,23,9,2547,'FRIDAY','TUTORIAL',NULL,46,NULL,16,14),(23,23,9,2548,'FRIDAY','TUTORIAL',NULL,45,NULL,17,14),(24,24,10,2549,'FRIDAY','LAB',NULL,4,NULL,1,15),(24,24,10,2550,'FRIDAY','LAB',NULL,3,NULL,2,15),(24,24,10,2551,'FRIDAY','LAB',NULL,2,NULL,5,15),(24,24,10,2552,'FRIDAY','LAB',NULL,1,NULL,6,15),(24,24,10,2553,'FRIDAY','LAB',NULL,4,NULL,7,15),(24,24,10,2554,'FRIDAY','LAB',NULL,3,NULL,8,15),(24,24,10,2555,'FRIDAY','LAB',NULL,2,NULL,9,15),(24,24,10,2556,'FRIDAY','LAB',NULL,1,NULL,10,15),(24,24,11,2557,'FRIDAY','LAB',NULL,8,NULL,11,15),(24,24,11,2558,'FRIDAY','LAB',NULL,7,NULL,12,15),(24,24,11,2559,'FRIDAY','LAB',NULL,6,NULL,16,15),(24,24,11,2560,'FRIDAY','LAB',NULL,5,NULL,17,15),(25,24,11,2561,'FRIDAY','LAB',NULL,8,NULL,1,15),(25,24,11,2562,'FRIDAY','LAB',NULL,7,NULL,2,15),(25,24,11,2563,'FRIDAY','LAB',NULL,6,NULL,5,15),(25,24,11,2564,'FRIDAY','LAB',NULL,5,NULL,6,15),(25,24,12,2565,'FRIDAY','LAB',NULL,12,NULL,7,15),(25,24,12,2566,'FRIDAY','LAB',NULL,11,NULL,8,15),(25,24,12,2567,'FRIDAY','LAB',NULL,10,NULL,9,15),(25,24,12,2568,'FRIDAY','LAB',NULL,9,NULL,10,15),(25,24,12,2569,'FRIDAY','LAB',NULL,12,NULL,11,15),(25,24,12,2570,'FRIDAY','LAB',NULL,11,NULL,12,15),(25,24,12,2571,'FRIDAY','LAB',NULL,10,NULL,16,15),(25,24,12,2572,'FRIDAY','LAB',NULL,9,NULL,17,15),(26,24,1,2573,'FRIDAY','LAB',NULL,16,NULL,1,15),(26,24,1,2574,'FRIDAY','LAB',NULL,15,NULL,2,15),(26,24,1,2575,'FRIDAY','LAB',NULL,14,NULL,5,15),(26,24,1,2576,'FRIDAY','LAB',NULL,13,NULL,6,15),(26,24,1,2577,'FRIDAY','LAB',NULL,16,NULL,7,15),(26,24,1,2578,'FRIDAY','LAB',NULL,15,NULL,8,15),(26,24,1,2579,'FRIDAY','LAB',NULL,14,NULL,9,15),(26,24,1,2580,'FRIDAY','LAB',NULL,13,NULL,10,15),(26,24,2,2581,'FRIDAY','LAB',NULL,20,NULL,11,15),(26,24,2,2582,'FRIDAY','LAB',NULL,19,NULL,12,15),(26,24,2,2583,'FRIDAY','LAB',NULL,18,NULL,16,15),(26,24,2,2584,'FRIDAY','LAB',NULL,17,NULL,17,15),(27,24,2,2585,'FRIDAY','LAB',NULL,20,NULL,1,15),(27,24,2,2586,'FRIDAY','LAB',NULL,19,NULL,2,15),(27,24,2,2587,'FRIDAY','LAB',NULL,18,NULL,5,15),(27,24,2,2588,'FRIDAY','LAB',NULL,17,NULL,6,15),(27,24,3,2589,'FRIDAY','LAB',NULL,24,NULL,7,15),(27,24,3,2590,'FRIDAY','LAB',NULL,23,NULL,8,15),(27,24,3,2591,'FRIDAY','LAB',NULL,22,NULL,9,15),(27,24,3,2592,'FRIDAY','LAB',NULL,21,NULL,10,15),(27,24,3,2593,'FRIDAY','LAB',NULL,24,NULL,11,15),(27,24,3,2594,'FRIDAY','LAB',NULL,23,NULL,12,15),(27,24,3,2595,'FRIDAY','LAB',NULL,22,NULL,16,15),(27,24,3,2596,'FRIDAY','LAB',NULL,21,NULL,17,15),(28,24,4,2597,'FRIDAY','LAB',NULL,28,NULL,1,15),(28,24,4,2598,'FRIDAY','LAB',NULL,27,NULL,2,15),(28,24,4,2599,'FRIDAY','LAB',NULL,26,NULL,5,15),(28,24,4,2600,'FRIDAY','LAB',NULL,25,NULL,6,15),(28,24,4,2601,'FRIDAY','LAB',NULL,28,NULL,7,15),(28,24,4,2602,'FRIDAY','LAB',NULL,27,NULL,8,15),(28,24,4,2603,'FRIDAY','LAB',NULL,26,NULL,9,15),(28,24,4,2604,'FRIDAY','LAB',NULL,25,NULL,10,15),(28,24,5,2605,'FRIDAY','LAB',NULL,32,NULL,11,15),(28,24,5,2606,'FRIDAY','LAB',NULL,31,NULL,12,15),(28,24,5,2607,'FRIDAY','LAB',NULL,30,NULL,16,15),(28,24,5,2608,'FRIDAY','LAB',NULL,29,NULL,17,15),(29,24,5,2609,'FRIDAY','LAB',NULL,32,NULL,1,15),(29,24,5,2610,'FRIDAY','LAB',NULL,31,NULL,2,15),(29,24,5,2611,'FRIDAY','LAB',NULL,30,NULL,5,15),(29,24,5,2612,'FRIDAY','LAB',NULL,29,NULL,6,15),(29,24,6,2613,'FRIDAY','LAB',NULL,36,NULL,7,15),(29,24,6,2614,'FRIDAY','LAB',NULL,35,NULL,8,15),(29,24,6,2615,'FRIDAY','LAB',NULL,34,NULL,9,15),(29,24,6,2616,'FRIDAY','LAB',NULL,33,NULL,10,15),(29,24,6,2617,'FRIDAY','LAB',NULL,36,NULL,11,15),(29,24,6,2618,'FRIDAY','LAB',NULL,35,NULL,12,15),(29,24,6,2619,'FRIDAY','LAB',NULL,34,NULL,16,15),(29,24,6,2620,'FRIDAY','LAB',NULL,33,NULL,17,15),(30,24,7,2621,'FRIDAY','LAB',NULL,40,NULL,1,15),(30,24,7,2622,'FRIDAY','LAB',NULL,39,NULL,2,15),(30,24,7,2623,'FRIDAY','LAB',NULL,38,NULL,5,15),(30,24,7,2624,'FRIDAY','LAB',NULL,37,NULL,6,15),(30,24,7,2625,'FRIDAY','LAB',NULL,40,NULL,7,15),(30,24,7,2626,'FRIDAY','LAB',NULL,39,NULL,8,15),(30,24,7,2627,'FRIDAY','LAB',NULL,38,NULL,9,15),(30,24,7,2628,'FRIDAY','LAB',NULL,37,NULL,10,15),(30,24,8,2629,'FRIDAY','LAB',NULL,44,NULL,11,15),(30,24,8,2630,'FRIDAY','LAB',NULL,43,NULL,12,15),(30,24,8,2631,'FRIDAY','LAB',NULL,42,NULL,16,15),(30,24,8,2632,'FRIDAY','LAB',NULL,41,NULL,17,15),(31,24,8,2633,'FRIDAY','LAB',NULL,44,NULL,1,15),(31,24,8,2634,'FRIDAY','LAB',NULL,43,NULL,2,15),(31,24,8,2635,'FRIDAY','LAB',NULL,42,NULL,5,15),(31,24,8,2636,'FRIDAY','LAB',NULL,41,NULL,6,15),(31,24,9,2637,'FRIDAY','LAB',NULL,48,NULL,7,15),(31,24,9,2638,'FRIDAY','LAB',NULL,47,NULL,8,15),(31,24,9,2639,'FRIDAY','LAB',NULL,46,NULL,9,15),(31,24,9,2640,'FRIDAY','LAB',NULL,45,NULL,10,15),(31,24,9,2641,'FRIDAY','LAB',NULL,48,NULL,11,15),(31,24,9,2642,'FRIDAY','LAB',NULL,47,NULL,12,15),(31,24,9,2643,'FRIDAY','LAB',NULL,46,NULL,16,15),(31,24,9,2644,'FRIDAY','LAB',NULL,45,NULL,17,15),(32,25,10,2645,'FRIDAY','LAB',NULL,4,NULL,1,16),(32,25,10,2646,'FRIDAY','LAB',NULL,3,NULL,2,16),(32,25,10,2647,'FRIDAY','LAB',NULL,2,NULL,5,16),(32,25,10,2648,'FRIDAY','LAB',NULL,1,NULL,6,16),(32,25,10,2649,'FRIDAY','LAB',NULL,4,NULL,7,16),(32,25,10,2650,'FRIDAY','LAB',NULL,3,NULL,8,16),(32,25,10,2651,'FRIDAY','LAB',NULL,2,NULL,9,16),(32,25,10,2652,'FRIDAY','LAB',NULL,1,NULL,10,16),(32,25,11,2653,'FRIDAY','LAB',NULL,8,NULL,11,16),(32,25,11,2654,'FRIDAY','LAB',NULL,7,NULL,12,16),(32,25,11,2655,'FRIDAY','LAB',NULL,6,NULL,16,16),(32,25,11,2656,'FRIDAY','LAB',NULL,5,NULL,17,16),(33,25,11,2657,'FRIDAY','LAB',NULL,8,NULL,1,16),(33,25,11,2658,'FRIDAY','LAB',NULL,7,NULL,2,16),(33,25,11,2659,'FRIDAY','LAB',NULL,6,NULL,5,16),(33,25,11,2660,'FRIDAY','LAB',NULL,5,NULL,6,16),(33,25,12,2661,'FRIDAY','LAB',NULL,12,NULL,7,16),(33,25,12,2662,'FRIDAY','LAB',NULL,11,NULL,8,16),(33,25,12,2663,'FRIDAY','LAB',NULL,10,NULL,9,16),(33,25,12,2664,'FRIDAY','LAB',NULL,9,NULL,10,16),(33,25,12,2665,'FRIDAY','LAB',NULL,12,NULL,11,16),(33,25,12,2666,'FRIDAY','LAB',NULL,11,NULL,12,16),(33,25,12,2667,'FRIDAY','LAB',NULL,10,NULL,16,16),(33,25,12,2668,'FRIDAY','LAB',NULL,9,NULL,17,16),(17,25,1,2669,'FRIDAY','LAB',NULL,16,NULL,1,16),(17,25,1,2670,'FRIDAY','LAB',NULL,15,NULL,2,16),(17,25,1,2671,'FRIDAY','LAB',NULL,14,NULL,5,16),(17,25,1,2672,'FRIDAY','LAB',NULL,13,NULL,6,16),(17,25,1,2673,'FRIDAY','LAB',NULL,16,NULL,7,16),(17,25,1,2674,'FRIDAY','LAB',NULL,15,NULL,8,16),(17,25,1,2675,'FRIDAY','LAB',NULL,14,NULL,9,16),(17,25,1,2676,'FRIDAY','LAB',NULL,13,NULL,10,16),(17,25,2,2677,'FRIDAY','LAB',NULL,20,NULL,11,16),(17,25,2,2678,'FRIDAY','LAB',NULL,19,NULL,12,16),(17,25,2,2679,'FRIDAY','LAB',NULL,18,NULL,16,16),(17,25,2,2680,'FRIDAY','LAB',NULL,17,NULL,17,16),(18,25,2,2681,'FRIDAY','LAB',NULL,20,NULL,1,16),(18,25,2,2682,'FRIDAY','LAB',NULL,19,NULL,2,16),(18,25,2,2683,'FRIDAY','LAB',NULL,18,NULL,5,16),(18,25,2,2684,'FRIDAY','LAB',NULL,17,NULL,6,16),(18,25,3,2685,'FRIDAY','LAB',NULL,24,NULL,7,16),(18,25,3,2686,'FRIDAY','LAB',NULL,23,NULL,8,16),(18,25,3,2687,'FRIDAY','LAB',NULL,22,NULL,9,16),(18,25,3,2688,'FRIDAY','LAB',NULL,21,NULL,10,16),(18,25,3,2689,'FRIDAY','LAB',NULL,24,NULL,11,16),(18,25,3,2690,'FRIDAY','LAB',NULL,23,NULL,12,16),(18,25,3,2691,'FRIDAY','LAB',NULL,22,NULL,16,16),(18,25,3,2692,'FRIDAY','LAB',NULL,21,NULL,17,16),(19,25,4,2693,'FRIDAY','LAB',NULL,28,NULL,1,16),(19,25,4,2694,'FRIDAY','LAB',NULL,27,NULL,2,16),(19,25,4,2695,'FRIDAY','LAB',NULL,26,NULL,5,16),(19,25,4,2696,'FRIDAY','LAB',NULL,25,NULL,6,16),(19,25,4,2697,'FRIDAY','LAB',NULL,28,NULL,7,16),(19,25,4,2698,'FRIDAY','LAB',NULL,27,NULL,8,16),(19,25,4,2699,'FRIDAY','LAB',NULL,26,NULL,9,16),(19,25,4,2700,'FRIDAY','LAB',NULL,25,NULL,10,16),(19,25,5,2701,'FRIDAY','LAB',NULL,32,NULL,11,16),(19,25,5,2702,'FRIDAY','LAB',NULL,31,NULL,12,16),(19,25,5,2703,'FRIDAY','LAB',NULL,30,NULL,16,16),(19,25,5,2704,'FRIDAY','LAB',NULL,29,NULL,17,16),(20,25,5,2705,'FRIDAY','LAB',NULL,32,NULL,1,16),(20,25,5,2706,'FRIDAY','LAB',NULL,31,NULL,2,16),(20,25,5,2707,'FRIDAY','LAB',NULL,30,NULL,5,16),(20,25,5,2708,'FRIDAY','LAB',NULL,29,NULL,6,16),(20,25,6,2709,'FRIDAY','LAB',NULL,36,NULL,7,16),(20,25,6,2710,'FRIDAY','LAB',NULL,35,NULL,8,16),(20,25,6,2711,'FRIDAY','LAB',NULL,34,NULL,9,16),(20,25,6,2712,'FRIDAY','LAB',NULL,33,NULL,10,16),(20,25,6,2713,'FRIDAY','LAB',NULL,36,NULL,11,16),(20,25,6,2714,'FRIDAY','LAB',NULL,35,NULL,12,16),(20,25,6,2715,'FRIDAY','LAB',NULL,34,NULL,16,16),(20,25,6,2716,'FRIDAY','LAB',NULL,33,NULL,17,16),(21,25,7,2717,'FRIDAY','LAB',NULL,40,NULL,1,16),(21,25,7,2718,'FRIDAY','LAB',NULL,39,NULL,2,16),(21,25,7,2719,'FRIDAY','LAB',NULL,38,NULL,5,16),(21,25,7,2720,'FRIDAY','LAB',NULL,37,NULL,6,16),(21,25,7,2721,'FRIDAY','LAB',NULL,40,NULL,7,16),(21,25,7,2722,'FRIDAY','LAB',NULL,39,NULL,8,16),(21,25,7,2723,'FRIDAY','LAB',NULL,38,NULL,9,16),(21,25,7,2724,'FRIDAY','LAB',NULL,37,NULL,10,16),(21,25,8,2725,'FRIDAY','LAB',NULL,44,NULL,11,16),(21,25,8,2726,'FRIDAY','LAB',NULL,43,NULL,12,16),(21,25,8,2727,'FRIDAY','LAB',NULL,42,NULL,16,16),(21,25,8,2728,'FRIDAY','LAB',NULL,41,NULL,17,16),(22,25,8,2729,'FRIDAY','LAB',NULL,44,NULL,1,16),(22,25,8,2730,'FRIDAY','LAB',NULL,43,NULL,2,16),(22,25,8,2731,'FRIDAY','LAB',NULL,42,NULL,5,16),(22,25,8,2732,'FRIDAY','LAB',NULL,41,NULL,6,16),(22,25,9,2733,'FRIDAY','LAB',NULL,48,NULL,7,16),(22,25,9,2734,'FRIDAY','LAB',NULL,47,NULL,8,16),(22,25,9,2735,'FRIDAY','LAB',NULL,46,NULL,9,16),(22,25,9,2736,'FRIDAY','LAB',NULL,45,NULL,10,16),(22,25,9,2737,'FRIDAY','LAB',NULL,48,NULL,11,16),(22,25,9,2738,'FRIDAY','LAB',NULL,47,NULL,12,16),(22,25,9,2739,'FRIDAY','LAB',NULL,46,NULL,16,16),(22,25,9,2740,'FRIDAY','LAB',NULL,45,NULL,17,16),(23,26,10,2741,'FRIDAY','LAB',NULL,4,NULL,1,17),(23,26,10,2742,'FRIDAY','LAB',NULL,3,NULL,2,17),(23,26,10,2743,'FRIDAY','LAB',NULL,2,NULL,5,17),(23,26,10,2744,'FRIDAY','LAB',NULL,1,NULL,6,17),(23,26,10,2745,'FRIDAY','LAB',NULL,4,NULL,7,17),(23,26,10,2746,'FRIDAY','LAB',NULL,3,NULL,8,17),(23,26,10,2747,'FRIDAY','LAB',NULL,2,NULL,9,17),(23,26,10,2748,'FRIDAY','LAB',NULL,1,NULL,10,17),(23,26,11,2749,'FRIDAY','LAB',NULL,8,NULL,11,17),(23,26,11,2750,'FRIDAY','LAB',NULL,7,NULL,12,17),(23,26,11,2751,'FRIDAY','LAB',NULL,6,NULL,16,17),(23,26,11,2752,'FRIDAY','LAB',NULL,5,NULL,17,17),(24,26,11,2753,'FRIDAY','LAB',NULL,8,NULL,1,17),(24,26,11,2754,'FRIDAY','LAB',NULL,7,NULL,2,17),(24,26,11,2755,'FRIDAY','LAB',NULL,6,NULL,5,17),(24,26,11,2756,'FRIDAY','LAB',NULL,5,NULL,6,17),(24,26,12,2757,'FRIDAY','LAB',NULL,12,NULL,7,17),(24,26,12,2758,'FRIDAY','LAB',NULL,11,NULL,8,17),(24,26,12,2759,'FRIDAY','LAB',NULL,10,NULL,9,17),(24,26,12,2760,'FRIDAY','LAB',NULL,9,NULL,10,17),(24,26,12,2761,'FRIDAY','LAB',NULL,12,NULL,11,17),(24,26,12,2762,'FRIDAY','LAB',NULL,11,NULL,12,17),(24,26,12,2763,'FRIDAY','LAB',NULL,10,NULL,16,17),(24,26,12,2764,'FRIDAY','LAB',NULL,9,NULL,17,17),(25,26,1,2765,'FRIDAY','LAB',NULL,16,NULL,1,17),(25,26,1,2766,'FRIDAY','LAB',NULL,15,NULL,2,17),(25,26,1,2767,'FRIDAY','LAB',NULL,14,NULL,5,17),(25,26,1,2768,'FRIDAY','LAB',NULL,13,NULL,6,17),(25,26,1,2769,'FRIDAY','LAB',NULL,16,NULL,7,17),(25,26,1,2770,'FRIDAY','LAB',NULL,15,NULL,8,17),(25,26,1,2771,'FRIDAY','LAB',NULL,14,NULL,9,17),(25,26,1,2772,'FRIDAY','LAB',NULL,13,NULL,10,17),(25,26,2,2773,'FRIDAY','LAB',NULL,20,NULL,11,17),(25,26,2,2774,'FRIDAY','LAB',NULL,19,NULL,12,17),(25,26,2,2775,'FRIDAY','LAB',NULL,18,NULL,16,17),(25,26,2,2776,'FRIDAY','LAB',NULL,17,NULL,17,17),(26,26,2,2777,'FRIDAY','LAB',NULL,20,NULL,1,17),(26,26,2,2778,'FRIDAY','LAB',NULL,19,NULL,2,17),(26,26,2,2779,'FRIDAY','LAB',NULL,18,NULL,5,17),(26,26,2,2780,'FRIDAY','LAB',NULL,17,NULL,6,17),(26,26,3,2781,'FRIDAY','LAB',NULL,24,NULL,7,17),(26,26,3,2782,'FRIDAY','LAB',NULL,23,NULL,8,17),(26,26,3,2783,'FRIDAY','LAB',NULL,22,NULL,9,17),(26,26,3,2784,'FRIDAY','LAB',NULL,21,NULL,10,17),(26,26,3,2785,'FRIDAY','LAB',NULL,24,NULL,11,17),(26,26,3,2786,'FRIDAY','LAB',NULL,23,NULL,12,17),(26,26,3,2787,'FRIDAY','LAB',NULL,22,NULL,16,17),(26,26,3,2788,'FRIDAY','LAB',NULL,21,NULL,17,17),(27,26,4,2789,'FRIDAY','LAB',NULL,28,NULL,1,17),(27,26,4,2790,'FRIDAY','LAB',NULL,27,NULL,2,17),(27,26,4,2791,'FRIDAY','LAB',NULL,26,NULL,5,17),(27,26,4,2792,'FRIDAY','LAB',NULL,25,NULL,6,17),(27,26,4,2793,'FRIDAY','LAB',NULL,28,NULL,7,17),(27,26,4,2794,'FRIDAY','LAB',NULL,27,NULL,8,17),(27,26,4,2795,'FRIDAY','LAB',NULL,26,NULL,9,17),(27,26,4,2796,'FRIDAY','LAB',NULL,25,NULL,10,17),(27,26,5,2797,'FRIDAY','LAB',NULL,32,NULL,11,17),(27,26,5,2798,'FRIDAY','LAB',NULL,31,NULL,12,17),(27,26,5,2799,'FRIDAY','LAB',NULL,30,NULL,16,17),(27,26,5,2800,'FRIDAY','LAB',NULL,29,NULL,17,17),(28,26,5,2801,'FRIDAY','LAB',NULL,32,NULL,1,17),(28,26,5,2802,'FRIDAY','LAB',NULL,31,NULL,2,17),(28,26,5,2803,'FRIDAY','LAB',NULL,30,NULL,5,17),(28,26,5,2804,'FRIDAY','LAB',NULL,29,NULL,6,17),(28,26,6,2805,'FRIDAY','LAB',NULL,36,NULL,7,17),(28,26,6,2806,'FRIDAY','LAB',NULL,35,NULL,8,17),(28,26,6,2807,'FRIDAY','LAB',NULL,34,NULL,9,17),(28,26,6,2808,'FRIDAY','LAB',NULL,33,NULL,10,17),(28,26,6,2809,'FRIDAY','LAB',NULL,36,NULL,11,17),(28,26,6,2810,'FRIDAY','LAB',NULL,35,NULL,12,17),(28,26,6,2811,'FRIDAY','LAB',NULL,34,NULL,16,17),(28,26,6,2812,'FRIDAY','LAB',NULL,33,NULL,17,17),(29,26,7,2813,'FRIDAY','LAB',NULL,40,NULL,1,17),(29,26,7,2814,'FRIDAY','LAB',NULL,39,NULL,2,17),(29,26,7,2815,'FRIDAY','LAB',NULL,38,NULL,5,17),(29,26,7,2816,'FRIDAY','LAB',NULL,37,NULL,6,17),(29,26,7,2817,'FRIDAY','LAB',NULL,40,NULL,7,17),(29,26,7,2818,'FRIDAY','LAB',NULL,39,NULL,8,17),(29,26,7,2819,'FRIDAY','LAB',NULL,38,NULL,9,17),(29,26,7,2820,'FRIDAY','LAB',NULL,37,NULL,10,17),(29,26,8,2821,'FRIDAY','LAB',NULL,44,NULL,11,17),(29,26,8,2822,'FRIDAY','LAB',NULL,43,NULL,12,17),(29,26,8,2823,'FRIDAY','LAB',NULL,42,NULL,16,17),(29,26,8,2824,'FRIDAY','LAB',NULL,41,NULL,17,17),(30,26,8,2825,'FRIDAY','LAB',NULL,44,NULL,1,17),(30,26,8,2826,'FRIDAY','LAB',NULL,43,NULL,2,17),(30,26,8,2827,'FRIDAY','LAB',NULL,42,NULL,5,17),(30,26,8,2828,'FRIDAY','LAB',NULL,41,NULL,6,17),(30,26,9,2829,'FRIDAY','LAB',NULL,48,NULL,7,17),(30,26,9,2830,'FRIDAY','LAB',NULL,47,NULL,8,17),(30,26,9,2831,'FRIDAY','LAB',NULL,46,NULL,9,17),(30,26,9,2832,'FRIDAY','LAB',NULL,45,NULL,10,17),(30,26,9,2833,'FRIDAY','LAB',NULL,48,NULL,11,17),(30,26,9,2834,'FRIDAY','LAB',NULL,47,NULL,12,17),(30,26,9,2835,'FRIDAY','LAB',NULL,46,NULL,16,17),(30,26,9,2836,'FRIDAY','LAB',NULL,45,NULL,17,17),(31,27,10,2837,'FRIDAY','LAB',NULL,4,NULL,1,18),(31,27,10,2838,'FRIDAY','LAB',NULL,3,NULL,2,18),(31,27,10,2839,'FRIDAY','LAB',NULL,2,NULL,5,18),(31,27,10,2840,'FRIDAY','LAB',NULL,1,NULL,6,18),(31,27,10,2841,'FRIDAY','LAB',NULL,4,NULL,7,18),(31,27,10,2842,'FRIDAY','LAB',NULL,3,NULL,8,18),(31,27,10,2843,'FRIDAY','LAB',NULL,2,NULL,9,18),(31,27,10,2844,'FRIDAY','LAB',NULL,1,NULL,10,18),(31,27,11,2845,'FRIDAY','LAB',NULL,8,NULL,11,18),(31,27,11,2846,'FRIDAY','LAB',NULL,7,NULL,12,18),(31,27,11,2847,'FRIDAY','LAB',NULL,6,NULL,16,18),(31,27,11,2848,'FRIDAY','LAB',NULL,5,NULL,17,18),(32,27,11,2849,'FRIDAY','LAB',NULL,8,NULL,1,18),(32,27,11,2850,'FRIDAY','LAB',NULL,7,NULL,2,18),(32,27,11,2851,'FRIDAY','LAB',NULL,6,NULL,5,18),(32,27,11,2852,'FRIDAY','LAB',NULL,5,NULL,6,18),(32,27,12,2853,'FRIDAY','LAB',NULL,12,NULL,7,18),(32,27,12,2854,'FRIDAY','LAB',NULL,11,NULL,8,18),(32,27,12,2855,'FRIDAY','LAB',NULL,10,NULL,9,18),(32,27,12,2856,'FRIDAY','LAB',NULL,9,NULL,10,18),(32,27,12,2857,'FRIDAY','LAB',NULL,12,NULL,11,18),(32,27,12,2858,'FRIDAY','LAB',NULL,11,NULL,12,18),(32,27,12,2859,'FRIDAY','LAB',NULL,10,NULL,16,18),(32,27,12,2860,'FRIDAY','LAB',NULL,9,NULL,17,18),(33,27,1,2861,'FRIDAY','LAB',NULL,16,NULL,1,18),(33,27,1,2862,'FRIDAY','LAB',NULL,15,NULL,2,18),(33,27,1,2863,'FRIDAY','LAB',NULL,14,NULL,5,18),(33,27,1,2864,'FRIDAY','LAB',NULL,13,NULL,6,18),(33,27,1,2865,'FRIDAY','LAB',NULL,16,NULL,7,18),(33,27,1,2866,'FRIDAY','LAB',NULL,15,NULL,8,18),(33,27,1,2867,'FRIDAY','LAB',NULL,14,NULL,9,18),(33,27,1,2868,'FRIDAY','LAB',NULL,13,NULL,10,18),(33,27,2,2869,'FRIDAY','LAB',NULL,20,NULL,11,18),(33,27,2,2870,'FRIDAY','LAB',NULL,19,NULL,12,18),(33,27,2,2871,'FRIDAY','LAB',NULL,18,NULL,16,18),(33,27,2,2872,'FRIDAY','LAB',NULL,17,NULL,17,18),(17,27,2,2873,'FRIDAY','LAB',NULL,20,NULL,1,18),(17,27,2,2874,'FRIDAY','LAB',NULL,19,NULL,2,18),(17,27,2,2875,'FRIDAY','LAB',NULL,18,NULL,5,18),(17,27,2,2876,'FRIDAY','LAB',NULL,17,NULL,6,18),(17,27,3,2877,'FRIDAY','LAB',NULL,24,NULL,7,18),(17,27,3,2878,'FRIDAY','LAB',NULL,23,NULL,8,18),(17,27,3,2879,'FRIDAY','LAB',NULL,22,NULL,9,18),(17,27,3,2880,'FRIDAY','LAB',NULL,21,NULL,10,18),(17,27,3,2881,'FRIDAY','LAB',NULL,24,NULL,11,18),(17,27,3,2882,'FRIDAY','LAB',NULL,23,NULL,12,18),(17,27,3,2883,'FRIDAY','LAB',NULL,22,NULL,16,18),(17,27,3,2884,'FRIDAY','LAB',NULL,21,NULL,17,18),(18,27,4,2885,'FRIDAY','LAB',NULL,28,NULL,1,18),(18,27,4,2886,'FRIDAY','LAB',NULL,27,NULL,2,18),(18,27,4,2887,'FRIDAY','LAB',NULL,26,NULL,5,18),(18,27,4,2888,'FRIDAY','LAB',NULL,25,NULL,6,18),(18,27,4,2889,'FRIDAY','LAB',NULL,28,NULL,7,18),(18,27,4,2890,'FRIDAY','LAB',NULL,27,NULL,8,18),(18,27,4,2891,'FRIDAY','LAB',NULL,26,NULL,9,18),(18,27,4,2892,'FRIDAY','LAB',NULL,25,NULL,10,18),(18,27,5,2893,'FRIDAY','LAB',NULL,32,NULL,11,18),(18,27,5,2894,'FRIDAY','LAB',NULL,31,NULL,12,18),(18,27,5,2895,'FRIDAY','LAB',NULL,30,NULL,16,18),(18,27,5,2896,'FRIDAY','LAB',NULL,29,NULL,17,18),(19,27,5,2897,'FRIDAY','LAB',NULL,32,NULL,1,18),(19,27,5,2898,'FRIDAY','LAB',NULL,31,NULL,2,18),(19,27,5,2899,'FRIDAY','LAB',NULL,30,NULL,5,18),(19,27,5,2900,'FRIDAY','LAB',NULL,29,NULL,6,18),(19,27,6,2901,'FRIDAY','LAB',NULL,36,NULL,7,18),(19,27,6,2902,'FRIDAY','LAB',NULL,35,NULL,8,18),(19,27,6,2903,'FRIDAY','LAB',NULL,34,NULL,9,18),(19,27,6,2904,'FRIDAY','LAB',NULL,33,NULL,10,18),(19,27,6,2905,'FRIDAY','LAB',NULL,36,NULL,11,18),(19,27,6,2906,'FRIDAY','LAB',NULL,35,NULL,12,18),(19,27,6,2907,'FRIDAY','LAB',NULL,34,NULL,16,18),(19,27,6,2908,'FRIDAY','LAB',NULL,33,NULL,17,18),(20,27,7,2909,'FRIDAY','LAB',NULL,40,NULL,1,18),(20,27,7,2910,'FRIDAY','LAB',NULL,39,NULL,2,18),(20,27,7,2911,'FRIDAY','LAB',NULL,38,NULL,5,18),(20,27,7,2912,'FRIDAY','LAB',NULL,37,NULL,6,18),(20,27,7,2913,'FRIDAY','LAB',NULL,40,NULL,7,18),(20,27,7,2914,'FRIDAY','LAB',NULL,39,NULL,8,18),(20,27,7,2915,'FRIDAY','LAB',NULL,38,NULL,9,18),(20,27,7,2916,'FRIDAY','LAB',NULL,37,NULL,10,18),(20,27,8,2917,'FRIDAY','LAB',NULL,44,NULL,11,18),(20,27,8,2918,'FRIDAY','LAB',NULL,43,NULL,12,18),(20,27,8,2919,'FRIDAY','LAB',NULL,42,NULL,16,18),(20,27,8,2920,'FRIDAY','LAB',NULL,41,NULL,17,18),(21,27,8,2921,'FRIDAY','LAB',NULL,44,NULL,1,18),(21,27,8,2922,'FRIDAY','LAB',NULL,43,NULL,2,18),(21,27,8,2923,'FRIDAY','LAB',NULL,42,NULL,5,18),(21,27,8,2924,'FRIDAY','LAB',NULL,41,NULL,6,18),(21,27,9,2925,'FRIDAY','LAB',NULL,48,NULL,7,18),(21,27,9,2926,'FRIDAY','LAB',NULL,47,NULL,8,18),(21,27,9,2927,'FRIDAY','LAB',NULL,46,NULL,9,18),(21,27,9,2928,'FRIDAY','LAB',NULL,45,NULL,10,18),(21,27,9,2929,'FRIDAY','LAB',NULL,48,NULL,11,18),(21,27,9,2930,'FRIDAY','LAB',NULL,47,NULL,12,18),(21,27,9,2931,'FRIDAY','LAB',NULL,46,NULL,16,18),(21,27,9,2932,'FRIDAY','LAB',NULL,45,NULL,17,18);
/*!40000 ALTER TABLE `scheduled_classes` ENABLE KEYS */;
UNLOCK TABLES;

--
-- Table structure for table `semester_divisions`
--

DROP TABLE IF EXISTS `semester_divisions`;
/*!40101 SET @saved_cs_client     = @@character_set_client */;
/*!50503 SET character_set_client = utf8mb4 */;
CREATE TABLE `semester_divisions` (
  `division_id` bigint NOT NULL,
  `id` bigint NOT NULL AUTO_INCREMENT,
  `semester_id` bigint NOT NULL,
  `batch_name` varchar(255) DEFAULT NULL,
  `batch_number` int DEFAULT NULL,
  `size` int DEFAULT NULL,
  PRIMARY KEY (`id`),
  KEY `FKjdtm0ck0m7ydnl04480phgq0q` (`division_id`),
  KEY `FKdrcjlleq160xvmxdpq9dpd7sy` (`semester_id`),
  CONSTRAINT `FKdrcjlleq160xvmxdpq9dpd7sy` FOREIGN KEY (`semester_id`) REFERENCES `semesters` (`id`),
  CONSTRAINT `FKjdtm0ck0m7ydnl04480phgq0q` FOREIGN KEY (`division_id`) REFERENCES `divisions` (`id`)
) ENGINE=InnoDB AUTO_INCREMENT=25 DEFAULT CHARSET=utf8mb4 COLLATE=utf8mb4_0900_ai_ci;
/*!40101 SET character_set_client = @saved_cs_client */;

--
-- Dumping data for table `semester_divisions`
--

LOCK TABLES `semester_divisions` WRITE;
/*!40000 ALTER TABLE `semester_divisions` DISABLE KEYS */;
INSERT INTO `semester_divisions` VALUES (1,1,1,NULL,NULL,NULL),(2,2,1,NULL,NULL,NULL),(3,3,1,NULL,NULL,NULL),(1,4,2,NULL,NULL,NULL),(2,5,2,NULL,NULL,NULL),(3,6,2,NULL,NULL,NULL),(4,7,3,NULL,NULL,NULL),(5,8,3,NULL,NULL,NULL),(6,9,3,NULL,NULL,NULL),(4,10,4,NULL,NULL,NULL),(5,11,4,NULL,NULL,NULL),(6,12,4,NULL,NULL,NULL),(7,13,5,NULL,NULL,NULL),(8,14,5,NULL,NULL,NULL),(9,15,5,NULL,NULL,NULL),(7,16,6,NULL,NULL,NULL),(8,17,6,NULL,NULL,NULL),(9,18,6,NULL,NULL,NULL),(10,19,7,NULL,NULL,NULL),(11,20,7,NULL,NULL,NULL),(12,21,7,NULL,NULL,NULL),(10,22,8,NULL,NULL,NULL),(11,23,8,NULL,NULL,NULL),(12,24,8,NULL,NULL,NULL);
/*!40000 ALTER TABLE `semester_divisions` ENABLE KEYS */;
UNLOCK TABLES;

--
-- Table structure for table `semesters`
--

DROP TABLE IF EXISTS `semesters`;
/*!40101 SET @saved_cs_client     = @@character_set_client */;
/*!50503 SET character_set_client = utf8mb4 */;
CREATE TABLE `semesters` (
  `semester_number` int NOT NULL,
  `id` bigint NOT NULL AUTO_INCREMENT,
  `year_id` bigint NOT NULL,
  `name` varchar(255) NOT NULL,
  PRIMARY KEY (`id`),
  KEY `FKftahtaqx0bd38io1vbk4d9y87` (`year_id`),
  CONSTRAINT `FKftahtaqx0bd38io1vbk4d9y87` FOREIGN KEY (`year_id`) REFERENCES `years` (`id`)
) ENGINE=InnoDB AUTO_INCREMENT=9 DEFAULT CHARSET=utf8mb4 COLLATE=utf8mb4_0900_ai_ci;
/*!40101 SET character_set_client = @saved_cs_client */;

--
-- Dumping data for table `semesters`
--

LOCK TABLES `semesters` WRITE;
/*!40000 ALTER TABLE `semesters` DISABLE KEYS */;
INSERT INTO `semesters` VALUES (1,1,1,''),(2,2,1,''),(3,3,2,''),(4,4,2,''),(5,5,3,''),(6,6,3,''),(7,7,4,''),(8,8,4,'');
/*!40000 ALTER TABLE `semesters` ENABLE KEYS */;
UNLOCK TABLES;

--
-- Table structure for table `subjects`
--

DROP TABLE IF EXISTS `subjects`;
/*!40101 SET @saved_cs_client     = @@character_set_client */;
/*!50503 SET character_set_client = utf8mb4 */;
CREATE TABLE `subjects` (
  `priority` int NOT NULL,
  `id` bigint NOT NULL AUTO_INCREMENT,
  `code` varchar(255) NOT NULL,
  `name` varchar(255) DEFAULT NULL,
  `category` enum('OPEN_ELECTIVE','PROGRAM_ELECTIVE','REGULAR') DEFAULT NULL,
  `semester_id` bigint NOT NULL,
  `subject_type` enum('LAB','THEORY','TUTORIAL') DEFAULT NULL,
  PRIMARY KEY (`id`),
  UNIQUE KEY `UKrg7x1lyii7kdyycw98d45vep5` (`code`),
  KEY `FK3hrxtqye5kwc2fx3q9ekjrqxm` (`semester_id`),
  CONSTRAINT `FK3hrxtqye5kwc2fx3q9ekjrqxm` FOREIGN KEY (`semester_id`) REFERENCES `semesters` (`id`)
) ENGINE=InnoDB AUTO_INCREMENT=39 DEFAULT CHARSET=utf8mb4 COLLATE=utf8mb4_0900_ai_ci;
/*!40101 SET character_set_client = @saved_cs_client */;

--
-- Dumping data for table `subjects`
--

LOCK TABLES `subjects` WRITE;
/*!40000 ALTER TABLE `subjects` DISABLE KEYS */;
INSERT INTO `subjects` VALUES (1,10,'20BS01','Linear Algebra and Univariate Calculus','REGULAR',1,'THEORY'),(2,11,'20BS04','Physics','REGULAR',1,'THEORY'),(3,12,'20ES02','Fundamentals of Programming Language-I','REGULAR',1,'THEORY'),(4,13,'20ES03','Sustainable Engineering','REGULAR',1,'THEORY'),(5,14,'20ES04','Engineering Graphics','REGULAR',1,'THEORY'),(6,15,'20BS04L','Physics Lab','REGULAR',1,'LAB'),(7,16,'20ES02L','Fundamentals of Programming Language-I Lab','REGULAR',1,'LAB'),(8,17,'20ES04L','Engineering Graphics Lab','REGULAR',1,'LAB'),(9,18,'20ES07L','Technical Skill Development Lab','REGULAR',1,'LAB'),(1,19,'20BSEC301','Calculus and Probability','REGULAR',3,'THEORY'),(2,20,'20EC301','Electronic Circuits and Applications','REGULAR',3,'THEORY'),(3,21,'20EC302','Signals and Systems','REGULAR',3,'THEORY'),(4,22,'20EC303','Data Structures and Algorithms','REGULAR',3,'THEORY'),(5,23,'20HS301','Universal Human Values-II','REGULAR',3,'THEORY'),(6,24,'20EC301L','Electronic Circuits and Applications Lab','REGULAR',3,'LAB'),(7,25,'20EC303L','Data Structures and Algorithms Lab','REGULAR',3,'LAB'),(1,26,'20EC501','Digital Signal Processing','REGULAR',5,'THEORY'),(2,27,'20EC502','VLSI Design','REGULAR',5,'THEORY'),(3,28,'20EC503','Advanced Processors','REGULAR',5,'THEORY'),(4,29,'20PEEC501','Programme Elective-I','REGULAR',5,'THEORY'),(5,30,'20PEEC502','Programme Elective-II','REGULAR',5,'THEORY'),(6,31,'20OEHS501','Open Elective I','REGULAR',5,'THEORY'),(7,32,'20EC501L','Digital Signal Processing Lab','REGULAR',5,'LAB'),(8,33,'20EC502L','VLSI Design Lab','REGULAR',5,'LAB'),(9,34,'20EC503L','Advanced Processors Lab','REGULAR',5,'LAB'),(10,35,'20EC504L','Mini Project','REGULAR',5,'LAB'),(11,36,'20PEEC501L','Programme Elective Lab-I','REGULAR',5,'LAB'),(1,37,'20EC701','Internship / Project','REGULAR',7,'LAB'),(2,38,'20HS701','Economics and Personal Finance (Online)','REGULAR',7,'THEORY');
/*!40000 ALTER TABLE `subjects` ENABLE KEYS */;
UNLOCK TABLES;

--
-- Table structure for table `substitutions`
--

DROP TABLE IF EXISTS `substitutions`;
/*!40101 SET @saved_cs_client     = @@character_set_client */;
/*!50503 SET character_set_client = utf8mb4 */;
CREATE TABLE `substitutions` (
  `id` bigint NOT NULL AUTO_INCREMENT,
  `substitution_date` date NOT NULL,
  `original_teacher_id` bigint NOT NULL,
  `scheduled_class_id` bigint NOT NULL,
  `substitute_teacher_id` bigint NOT NULL,
  PRIMARY KEY (`id`),
  UNIQUE KEY `uq_substitution` (`scheduled_class_id`,`substitution_date`),
  KEY `idx_substitution_sub_teacher` (`substitute_teacher_id`),
  KEY `idx_substitution_orig_teacher` (`original_teacher_id`),
  CONSTRAINT `fk_sub_original_teacher` FOREIGN KEY (`original_teacher_id`) REFERENCES `teachers` (`id`),
  CONSTRAINT `fk_sub_scheduled` FOREIGN KEY (`scheduled_class_id`) REFERENCES `scheduled_classes` (`id`),
  CONSTRAINT `fk_sub_substitute_teacher` FOREIGN KEY (`substitute_teacher_id`) REFERENCES `teachers` (`id`)
) ENGINE=InnoDB DEFAULT CHARSET=utf8mb4 COLLATE=utf8mb4_0900_ai_ci;
/*!40101 SET character_set_client = @saved_cs_client */;

--
-- Dumping data for table `substitutions`
--

LOCK TABLES `substitutions` WRITE;
/*!40000 ALTER TABLE `substitutions` DISABLE KEYS */;
/*!40000 ALTER TABLE `substitutions` ENABLE KEYS */;
UNLOCK TABLES;

--
-- Table structure for table `teacher_subject_allocations`
--

DROP TABLE IF EXISTS `teacher_subject_allocations`;
/*!40101 SET @saved_cs_client     = @@character_set_client */;
/*!50503 SET character_set_client = utf8mb4 */;
CREATE TABLE `teacher_subject_allocations` (
  `id` bigint NOT NULL AUTO_INCREMENT,
  `subject_id` bigint NOT NULL,
  `teacher_id` bigint NOT NULL,
  `priority` int NOT NULL,
  PRIMARY KEY (`id`),
  KEY `FKc4q7ox18armup16y0060qsvbv` (`subject_id`),
  KEY `FK1hg67m1wewmdieq3yr7a2d3w` (`teacher_id`),
  CONSTRAINT `FK1hg67m1wewmdieq3yr7a2d3w` FOREIGN KEY (`teacher_id`) REFERENCES `teachers` (`id`),
  CONSTRAINT `FKc4q7ox18armup16y0060qsvbv` FOREIGN KEY (`subject_id`) REFERENCES `subjects` (`id`)
) ENGINE=InnoDB AUTO_INCREMENT=113 DEFAULT CHARSET=utf8mb4 COLLATE=utf8mb4_0900_ai_ci;
/*!40101 SET character_set_client = @saved_cs_client */;

--
-- Dumping data for table `teacher_subject_allocations`
--

LOCK TABLES `teacher_subject_allocations` WRITE;
/*!40000 ALTER TABLE `teacher_subject_allocations` DISABLE KEYS */;
INSERT INTO `teacher_subject_allocations` VALUES (1,10,17,1),(2,10,13,2),(3,10,34,3),(4,10,3,4),(5,11,2,1),(6,11,4,2),(7,11,10,3),(8,11,22,4),(9,13,34,1),(10,13,37,2),(11,13,22,3),(12,13,20,4),(13,14,15,1),(14,14,16,2),(15,14,32,3),(16,14,5,4),(17,15,2,1),(18,15,4,2),(19,15,10,3),(20,15,22,4),(21,16,17,1),(22,16,13,2),(23,16,33,3),(24,16,34,4),(25,17,15,1),(26,17,16,2),(27,17,32,3),(28,17,5,4),(29,18,13,1),(30,18,33,2),(31,18,34,3),(32,18,37,4),(33,19,17,1),(34,19,13,2),(35,19,34,3),(36,19,3,4),(37,20,16,1),(38,20,5,2),(39,20,32,3),(40,20,15,4),(41,21,2,1),(42,21,3,2),(43,21,4,3),(44,21,22,4),(45,22,17,1),(46,22,13,2),(47,22,33,3),(48,22,34,4),(49,23,34,1),(50,23,37,2),(51,23,22,3),(52,23,20,4),(53,24,16,1),(54,24,5,2),(55,24,32,3),(56,24,15,4),(57,25,17,1),(58,25,13,2),(59,25,33,3),(60,25,34,4),(61,26,2,1),(62,26,4,2),(63,26,3,3),(64,26,9,4),(65,27,5,1),(66,27,32,2),(67,27,14,3),(68,27,15,4),(69,28,32,1),(70,28,15,2),(71,28,16,3),(72,28,20,4),(73,29,13,1),(74,29,3,2),(75,29,4,3),(76,29,37,4),(77,30,20,1),(78,30,13,2),(79,30,34,3),(80,30,33,4),(81,31,3,1),(82,31,22,2),(83,31,4,3),(84,31,9,4),(85,32,2,1),(86,32,4,2),(87,32,3,3),(88,32,9,4),(89,33,5,1),(90,33,32,2),(91,33,14,3),(92,33,15,4),(93,34,32,1),(94,34,15,2),(95,34,16,3),(96,34,20,4),(97,35,13,1),(98,35,34,2),(99,35,33,3),(100,35,37,4),(101,36,20,1),(102,36,13,2),(103,36,3,3),(104,36,34,4),(105,37,13,1),(106,37,20,2),(107,37,33,3),(108,37,37,4),(109,38,37,1),(110,38,34,2),(111,38,22,3),(112,38,20,4);
/*!40000 ALTER TABLE `teacher_subject_allocations` ENABLE KEYS */;
UNLOCK TABLES;

--
-- Table structure for table `teacher_unavailability`
--

DROP TABLE IF EXISTS `teacher_unavailability`;
/*!40101 SET @saved_cs_client     = @@character_set_client */;
/*!50503 SET character_set_client = utf8mb4 */;
CREATE TABLE `teacher_unavailability` (
  `teacher_id` bigint NOT NULL,
  `timeslot_id` bigint DEFAULT NULL,
  KEY `FK9vncm59659iwn5nd4pophkmw7` (`teacher_id`),
  CONSTRAINT `FK9vncm59659iwn5nd4pophkmw7` FOREIGN KEY (`teacher_id`) REFERENCES `teachers` (`id`)
) ENGINE=InnoDB DEFAULT CHARSET=utf8mb4 COLLATE=utf8mb4_0900_ai_ci;
/*!40101 SET character_set_client = @saved_cs_client */;

--
-- Dumping data for table `teacher_unavailability`
--

LOCK TABLES `teacher_unavailability` WRITE;
/*!40000 ALTER TABLE `teacher_unavailability` DISABLE KEYS */;
/*!40000 ALTER TABLE `teacher_unavailability` ENABLE KEYS */;
UNLOCK TABLES;

--
-- Table structure for table `teacher_unavailable_timeslots`
--

DROP TABLE IF EXISTS `teacher_unavailable_timeslots`;
/*!40101 SET @saved_cs_client     = @@character_set_client */;
/*!50503 SET character_set_client = utf8mb4 */;
CREATE TABLE `teacher_unavailable_timeslots` (
  `id` bigint NOT NULL AUTO_INCREMENT,
  `teacher_id` bigint DEFAULT NULL,
  `timeslot_id` bigint DEFAULT NULL,
  PRIMARY KEY (`id`),
  KEY `FK2ftugbor99aa8t7udhsjwb3v7` (`teacher_id`),
  KEY `FK2jttvuvka3mhcdl5vvk5xh7ve` (`timeslot_id`),
  CONSTRAINT `FK2ftugbor99aa8t7udhsjwb3v7` FOREIGN KEY (`teacher_id`) REFERENCES `teachers` (`id`),
  CONSTRAINT `FK2jttvuvka3mhcdl5vvk5xh7ve` FOREIGN KEY (`timeslot_id`) REFERENCES `timeslots` (`id`)
) ENGINE=InnoDB DEFAULT CHARSET=utf8mb4 COLLATE=utf8mb4_0900_ai_ci;
/*!40101 SET character_set_client = @saved_cs_client */;

--
-- Dumping data for table `teacher_unavailable_timeslots`
--

LOCK TABLES `teacher_unavailable_timeslots` WRITE;
/*!40000 ALTER TABLE `teacher_unavailable_timeslots` DISABLE KEYS */;
/*!40000 ALTER TABLE `teacher_unavailable_timeslots` ENABLE KEYS */;
UNLOCK TABLES;

--
-- Table structure for table `teachers`
--

DROP TABLE IF EXISTS `teachers`;
/*!40101 SET @saved_cs_client     = @@character_set_client */;
/*!50503 SET character_set_client = utf8mb4 */;
CREATE TABLE `teachers` (
  `department_id` bigint DEFAULT NULL,
  `id` bigint NOT NULL AUTO_INCREMENT,
  `email` varchar(255) DEFAULT NULL,
  `employee_id` varchar(255) DEFAULT NULL,
  `name` varchar(255) NOT NULL,
  PRIMARY KEY (`id`),
  UNIQUE KEY `UK4l9jjfvsct1dd5aufnurxcvbs` (`email`),
  UNIQUE KEY `UK8xdh0jsitskwq83arwxvyihhc` (`employee_id`),
  KEY `FKrgr03njnvpwuktc0mntf8t6o0` (`department_id`),
  CONSTRAINT `FK3b1l0bcmsa0v0m14g06ma6ecc` FOREIGN KEY (`department_id`) REFERENCES `department` (`id`),
  CONSTRAINT `FKrgr03njnvpwuktc0mntf8t6o0` FOREIGN KEY (`department_id`) REFERENCES `departments` (`id`)
) ENGINE=InnoDB AUTO_INCREMENT=39 DEFAULT CHARSET=utf8mb4 COLLATE=utf8mb4_0900_ai_ci;
/*!40101 SET character_set_client = @saved_cs_client */;

--
-- Dumping data for table `teachers`
--

LOCK TABLES `teachers` WRITE;
/*!40000 ALTER TABLE `teachers` DISABLE KEYS */;
INSERT INTO `teachers` VALUES (NULL,1,'madhuri.khambete@cumminscollege.in','EMP001','Dr. Madhuri B. Khambete'),(NULL,2,'sharada.ohatkar@cumminscollege.in','EMP002','Dr. Sharada N. Ohatkar'),(NULL,3,'prachi.mukherji@cumminscollege.in','EMP003','Dr. Prachi Mukherji'),(NULL,4,'sandeep.musale@cumminscollege.in','EMP004','Dr. Sandeep S. Musale'),(NULL,5,'seema.rajput@cumminscollege.in','EMP005','Dr. Seema Hemantkumar Rajput'),(NULL,6,'ashwini.deshpande@cumminscollege.in','EMP006','Dr. Mrs. Ashwini M. Deshpande'),(NULL,7,'nitin.palan@cumminscollege.in','EMP007','Dr. Palan Nitin G.'),(NULL,8,'megha.borse@cummincollege.in','EMP008','Dr. Mrs. Megha S. Borse'),(NULL,9,'bageshree.pathak@cumminscollege.in','EMP009','Dr. Bageshree V. Pathak'),(NULL,10,'ashok.khedkar@cumminscollege.in','EMP010','Dr. Ashok R. Khedkar'),(NULL,11,'shubhangi.chaudhary@cumminscollege.in','EMP011','Dr. Shubhangi R. Chaudhary'),(NULL,12,'shashikant.sahare@cummincollege.in','EMP012','Mr. Shashikant L. Sahare'),(NULL,13,'mrudul.dixit@cumminscollege.in','EMP013','Dr. Dixit Mrudul Anand'),(NULL,14,'pallavi1.kamble@cumminscollege.in','EMP014','Mrs. Pallavi S. Ghatkamble'),(NULL,15,'sharad.dube@cumminscollege.in','EMP015','Mr. Sharad G. Dube'),(NULL,16,'narendra.kulkarni@cummincollege.in','EMP016','Mr. Narendra D. Kulkarni'),(NULL,17,'sachin.paranjape@cummincollege.in','EMP017','Dr. Sachin Paranjape'),(NULL,18,'mahesh.pote@cumminscollege.in','EMP018','Dr. Mahesh K Pote'),(NULL,19,'manasi.pathade@cumminscollege.in','EMP019','Dr. Manasi V. Pathade'),(NULL,20,'ganesh.padalkar@cumminscollege.in','EMP020','Mr. Padalkar Ganesh Ravindra'),(NULL,21,'milind.patankar@cumminscollege.in','EMP021','Mr. Milind S. Patankar'),(NULL,22,'vidya.sisale@cumminscollege.in','EMP022','Mrs. Vidya Sisale'),(NULL,23,'sandhya.potadar@cumminscollege.in','EMP023','Mrs. S. A. Potadar'),(NULL,24,'sagar.vanarase@cumminscollege.in','EMP024','Mr. Sagar Sudhakar Vanarase'),(NULL,25,'kalpana.joshi@cumminscollege.in','EMP025','Dr. Kalpana Santosh Joshi'),(NULL,26,'rupali.pawar@cumminscollege.in','EMP026','Mrs. Rupali S Pawar'),(NULL,27,'prachi.waghmare@cumminscollege.in','EMP027','Mrs. Prachi Waghmare'),(NULL,28,'ratnaprabha.borhade@cumminscollege.in','EMP028','Dr. R.R. Borhade'),(NULL,29,'supriya.mangale@cumminscollege.in','EMP029','Dr. Supriya Anil Mangale'),(NULL,30,'Snehal.nichale@cumminscollege.in','EMP030','Mrs. Snehal Ghodake Nichale'),(NULL,31,'snehal.natekar@cumminscollege.in','EMP031','Ms. Snehal Natekar'),(NULL,32,'ravikant.suryawanshi@cumminscollege.in','EMP032','Mr. Ravikant Suryawanshi'),(NULL,33,'tejashree.pawar@cumminscollege.in','EMP033','Mrs. Tejashree Vijay Pawar'),(NULL,34,'Harshala.khedlekar@cumminscollege.in','EMP034','Mrs. Harshala Khedlekar'),(NULL,35,'gayatri.r.more@cumminscollege.in','EMP035','Ms. More Gayatri Rushi'),(NULL,36,'pooja.ingole@cumminscollege.in','EMP036','Mrs. Pooja Shahu Ingole'),(NULL,37,'Smriti.gupta@cumminscollege.in','EMP037','Mrs. Smriti Gupta'),(NULL,38,'ketki.behele@cumminscollege.in','EMP038','Ms. Ketaki Dattatray Behele');
/*!40000 ALTER TABLE `teachers` ENABLE KEYS */;
UNLOCK TABLES;

--
-- Table structure for table `timeslots`
--

DROP TABLE IF EXISTS `timeslots`;
/*!40101 SET @saved_cs_client     = @@character_set_client */;
/*!50503 SET character_set_client = utf8mb4 */;
CREATE TABLE `timeslots` (
  `end_time` time(6) NOT NULL,
  `is_break` bit(1) NOT NULL,
  `start_time` time(6) NOT NULL,
  `id` bigint NOT NULL AUTO_INCREMENT,
  `type` varchar(255) DEFAULT NULL,
  `slot_type` enum('LUNCH','REGULAR','SHORT_BREAK') DEFAULT NULL,
  `slot_number` int DEFAULT NULL,
  `day_of_week` enum('FRIDAY','MONDAY','SATURDAY','SUNDAY','THURSDAY','TUESDAY','WEDNESDAY') NOT NULL,
  PRIMARY KEY (`id`),
  UNIQUE KEY `uq_timeslots_start_end` (`start_time`,`end_time`)
) ENGINE=InnoDB AUTO_INCREMENT=18 DEFAULT CHARSET=utf8mb4 COLLATE=utf8mb4_0900_ai_ci;
/*!40101 SET character_set_client = @saved_cs_client */;

--
-- Dumping data for table `timeslots`
--

LOCK TABLES `timeslots` WRITE;
/*!40000 ALTER TABLE `timeslots` DISABLE KEYS */;
INSERT INTO `timeslots` VALUES ('09:00:00.000000',_binary '\0','08:00:00.000000',1,'REGULAR',NULL,1,'FRIDAY'),('10:00:00.000000',_binary '\0','09:00:00.000000',2,'REGULAR',NULL,2,'FRIDAY'),('12:15:00.000000',_binary '\0','11:15:00.000000',5,'REGULAR',NULL,7,'FRIDAY'),('13:15:00.000000',_binary '\0','12:15:00.000000',6,'LUNCH_CANDIDATE',NULL,8,'FRIDAY'),('14:15:00.000000',_binary '\0','13:15:00.000000',7,'LUNCH_CANDIDATE',NULL,9,'FRIDAY'),('15:15:00.000000',_binary '\0','14:15:00.000000',8,'REGULAR',NULL,10,'FRIDAY'),('16:15:00.000000',_binary '\0','15:15:00.000000',9,'REGULAR',NULL,11,'FRIDAY'),('17:15:00.000000',_binary '\0','16:15:00.000000',10,'REGULAR',NULL,12,'FRIDAY'),('10:15:00.000000',_binary '\0','10:00:00.000000',11,'SHORT_BREAK_CANDIDATE',NULL,3,'FRIDAY'),('11:15:00.000000',_binary '\0','11:00:00.000000',12,'SHORT_BREAK_CANDIDATE',NULL,6,'FRIDAY'),('11:00:00.000000',_binary '\0','10:15:00.000000',16,'REGULAR',NULL,4,'FRIDAY'),('11:15:00.000000',_binary '\0','10:15:00.000000',17,'REGULAR',NULL,5,'FRIDAY');
/*!40000 ALTER TABLE `timeslots` ENABLE KEYS */;
UNLOCK TABLES;

--
-- Table structure for table `timetables`
--

DROP TABLE IF EXISTS `timetables`;
/*!40101 SET @saved_cs_client     = @@character_set_client */;
/*!50503 SET character_set_client = utf8mb4 */;
CREATE TABLE `timetables` (
  `id` bigint NOT NULL AUTO_INCREMENT,
  `created_at` datetime(6) DEFAULT NULL,
  `is_valid` bit(1) NOT NULL,
  `name` varchar(255) NOT NULL,
  `published_at` datetime(6) DEFAULT NULL,
  `status` enum('ARCHIVED','DRAFT','PUBLISHED') NOT NULL,
  PRIMARY KEY (`id`)
) ENGINE=InnoDB DEFAULT CHARSET=utf8mb4 COLLATE=utf8mb4_0900_ai_ci;
/*!40101 SET character_set_client = @saved_cs_client */;

--
-- Dumping data for table `timetables`
--

LOCK TABLES `timetables` WRITE;
/*!40000 ALTER TABLE `timetables` DISABLE KEYS */;
/*!40000 ALTER TABLE `timetables` ENABLE KEYS */;
UNLOCK TABLES;

--
-- Table structure for table `years`
--

DROP TABLE IF EXISTS `years`;
/*!40101 SET @saved_cs_client     = @@character_set_client */;
/*!50503 SET character_set_client = utf8mb4 */;
CREATE TABLE `years` (
  `id` bigint NOT NULL AUTO_INCREMENT,
  `year_name` varchar(255) NOT NULL,
  `year_id` bigint DEFAULT NULL,
  PRIMARY KEY (`id`),
  UNIQUE KEY `UKa177ffw7lydg566hy7kecd31n` (`year_name`),
  KEY `FK400nns2dsxw8932ve3pp39104` (`year_id`),
  CONSTRAINT `FK400nns2dsxw8932ve3pp39104` FOREIGN KEY (`year_id`) REFERENCES `years` (`id`)
) ENGINE=InnoDB AUTO_INCREMENT=5 DEFAULT CHARSET=utf8mb4 COLLATE=utf8mb4_0900_ai_ci;
/*!40101 SET character_set_client = @saved_cs_client */;

--
-- Dumping data for table `years`
--

LOCK TABLES `years` WRITE;
/*!40000 ALTER TABLE `years` DISABLE KEYS */;
INSERT INTO `years` VALUES (1,'First Year',NULL),(2,'Second Year',NULL),(3,'Third Year',NULL),(4,'Final Year',NULL);
/*!40000 ALTER TABLE `years` ENABLE KEYS */;
UNLOCK TABLES;
/*!40103 SET TIME_ZONE=@OLD_TIME_ZONE */;

/*!40101 SET SQL_MODE=@OLD_SQL_MODE */;
/*!40014 SET FOREIGN_KEY_CHECKS=@OLD_FOREIGN_KEY_CHECKS */;
/*!40014 SET UNIQUE_CHECKS=@OLD_UNIQUE_CHECKS */;
/*!40101 SET CHARACTER_SET_CLIENT=@OLD_CHARACTER_SET_CLIENT */;
/*!40101 SET CHARACTER_SET_RESULTS=@OLD_CHARACTER_SET_RESULTS */;
/*!40101 SET COLLATION_CONNECTION=@OLD_COLLATION_CONNECTION */;
/*!40111 SET SQL_NOTES=@OLD_SQL_NOTES */;

-- Dump completed on 2025-11-27 14:17:04
